/*
SQLyog Ultimate v9.30 
MySQL - 5.7.39-log : Database - hr_admin
*********************************************************************
*/

/*!40101 SET NAMES utf8 */;

/*!40101 SET SQL_MODE=''*/;

/*!40014 SET @OLD_UNIQUE_CHECKS=@@UNIQUE_CHECKS, UNIQUE_CHECKS=0 */;
/*!40014 SET @OLD_FOREIGN_KEY_CHECKS=@@FOREIGN_KEY_CHECKS, FOREIGN_KEY_CHECKS=0 */;
/*!40101 SET @OLD_SQL_MODE=@@SQL_MODE, SQL_MODE='NO_AUTO_VALUE_ON_ZERO' */;
/*!40111 SET @OLD_SQL_NOTES=@@SQL_NOTES, SQL_NOTES=0 */;
CREATE DATABASE /*!32312 IF NOT EXISTS*/`hr_admin` /*!40100 DEFAULT CHARACTER SET utf8 */;

USE `hr_admin`;

/*Table structure for table `gen_table` */

DROP TABLE IF EXISTS `gen_table`;

CREATE TABLE `gen_table` (
  `table_id` bigint(20) NOT NULL AUTO_INCREMENT COMMENT '编号',
  `table_name` varchar(200) DEFAULT '' COMMENT '表名称',
  `table_comment` varchar(500) DEFAULT '' COMMENT '表描述',
  `sub_table_name` varchar(64) DEFAULT NULL COMMENT '关联子表的表名',
  `sub_table_fk_name` varchar(64) DEFAULT NULL COMMENT '子表关联的外键名',
  `class_name` varchar(100) DEFAULT '' COMMENT '实体类名称',
  `tpl_category` varchar(200) DEFAULT 'crud' COMMENT '使用的模板（crud单表操作 tree树表操作）',
  `package_name` varchar(100) DEFAULT NULL COMMENT '生成包路径',
  `module_name` varchar(30) DEFAULT NULL COMMENT '生成模块名',
  `business_name` varchar(30) DEFAULT NULL COMMENT '生成业务名',
  `function_name` varchar(50) DEFAULT NULL COMMENT '生成功能名',
  `function_author` varchar(50) DEFAULT NULL COMMENT '生成功能作者',
  `gen_type` char(1) DEFAULT '0' COMMENT '生成代码方式（0zip压缩包 1自定义路径）',
  `gen_path` varchar(200) DEFAULT '/' COMMENT '生成路径（不填默认项目路径）',
  `options` varchar(1000) DEFAULT NULL COMMENT '其它生成选项',
  `create_by` varchar(64) DEFAULT '' COMMENT '创建者',
  `create_time` datetime DEFAULT NULL COMMENT '创建时间',
  `update_by` varchar(64) DEFAULT '' COMMENT '更新者',
  `update_time` datetime DEFAULT NULL COMMENT '更新时间',
  `remark` varchar(500) DEFAULT NULL COMMENT '备注',
  PRIMARY KEY (`table_id`)
) ENGINE=InnoDB AUTO_INCREMENT=26 DEFAULT CHARSET=utf8 COMMENT='代码生成业务表';

/*Data for the table `gen_table` */

insert  into `gen_table`(`table_id`,`table_name`,`table_comment`,`sub_table_name`,`sub_table_fk_name`,`class_name`,`tpl_category`,`package_name`,`module_name`,`business_name`,`function_name`,`function_author`,`gen_type`,`gen_path`,`options`,`create_by`,`create_time`,`update_by`,`update_time`,`remark`) values (13,'hr_adjust_salary','员工调薪表','hr_employee','employee_id','HrAdjustSalary','sub','com.ruoyi.hr','hr','adjustSalary','员工调薪','diandian','0','/','{\"parentMenuId\":\"\"}','admin','2023-02-13 00:32:56','','2023-02-13 00:52:16',NULL),(14,'hr_attendance','员工考勤表','hr_employee','employee_id','HrAttendance','sub','com.ruoyi.hr','hr','attendance','员工考勤管理','diandian','0','/','{\"parentMenuId\":\"\"}','admin','2023-02-13 00:32:56','','2023-02-13 00:52:37',NULL),(15,'hr_emp_salary','员工薪资表','hr_employee','employee_id','HrEmpSalary','sub','com.ruoyi.hr','hr','empSalary','员工账套管理','点点','0','/','{\"treeCode\":\"employee_id\",\"treeName\":\"id\",\"treeParentCode\":\"salary_id\",\"parentMenuId\":\"\"}','admin','2023-02-13 00:32:56','','2023-02-13 00:43:29',NULL),(16,'hr_employee','员工表','','','HrEmployee','crud','com.ruoyi.hr','hr','employee','员工档案管理','diandian','0','/','{\"treeCode\":\"employee_id\",\"parentMenuId\":\"\"}','admin','2023-02-13 00:32:56','','2023-02-13 00:41:50',NULL),(17,'hr_employeeec','员工奖惩表',NULL,NULL,'HrEmployeeec','crud','com.ruoyi.hr','hr','employeeec','员工奖惩管理','点点','0','/','{\"parentMenuId\":\"\"}','admin','2023-02-13 00:32:56','','2023-02-13 00:44:11',NULL),(18,'hr_leave','员工请假表','hr_employee','employee_id','HrLeave','sub','com.ruoyi.hr','hr','leave','请假审批管理','点点','0','/','{\"parentMenuId\":\"\"}','admin','2023-02-13 00:32:56','','2023-02-13 00:45:09',NULL),(19,'hr_overtime','加班表','hr_employee','employee_id','HrOvertime','sub','com.ruoyi.hr','hr','overtime','员工加班管理','点点','0','/','{\"parentMenuId\":\"\"}','admin','2023-02-13 00:32:56','','2023-02-13 00:47:15',NULL),(20,'hr_overtime_type','加班类型表',NULL,NULL,'HrOvertimeType','crud','com.ruoyi.hr','hr','overtimeType','加班类型','点点','0','/','{\"parentMenuId\":\"\"}','admin','2023-02-13 00:32:56','','2023-02-13 00:48:05',NULL),(21,'hr_salary','薪资表',NULL,NULL,'HrSalary','crud','com.ruoyi.hr','hr','salary','薪资账套管理','ruoyi','0','/','{\"parentMenuId\":\"\"}','admin','2023-02-13 00:32:56','','2023-02-13 00:48:47',NULL),(22,'hr_work_time','工作时间表',NULL,NULL,'HrWorkTime','crud','com.ruoyi.hr','hr','workTime','工作时间管理','点点','0','/','{\"parentMenuId\":\"\"}','admin','2023-02-13 00:32:56','','2023-02-13 00:49:42',NULL),(24,'hr_job_level','职称表',NULL,NULL,'HrJobLevel','crud','com.ruoyi.hr','hr','jobLevel','职称管理','点点','0','/','{\"parentMenuId\":\"\"}','admin','2023-02-13 00:33:03','','2023-02-13 00:51:10',NULL),(25,'hr_employee_remove','员工调动表',NULL,NULL,'HrEmployeeRemove','crud','com.ruoyi.hr','hr','employeeRemove','员工调动','diandian','0','/','{\"parentMenuId\":1133}','admin','2023-02-19 13:14:10','','2023-02-19 13:16:43',NULL);

/*Table structure for table `gen_table_column` */

DROP TABLE IF EXISTS `gen_table_column`;

CREATE TABLE `gen_table_column` (
  `column_id` bigint(20) NOT NULL AUTO_INCREMENT COMMENT '编号',
  `table_id` varchar(64) DEFAULT NULL COMMENT '归属表编号',
  `column_name` varchar(200) DEFAULT NULL COMMENT '列名称',
  `column_comment` varchar(500) DEFAULT NULL COMMENT '列描述',
  `column_type` varchar(100) DEFAULT NULL COMMENT '列类型',
  `java_type` varchar(500) DEFAULT NULL COMMENT 'JAVA类型',
  `java_field` varchar(200) DEFAULT NULL COMMENT 'JAVA字段名',
  `is_pk` char(1) DEFAULT NULL COMMENT '是否主键（1是）',
  `is_increment` char(1) DEFAULT NULL COMMENT '是否自增（1是）',
  `is_required` char(1) DEFAULT NULL COMMENT '是否必填（1是）',
  `is_insert` char(1) DEFAULT NULL COMMENT '是否为插入字段（1是）',
  `is_edit` char(1) DEFAULT NULL COMMENT '是否编辑字段（1是）',
  `is_list` char(1) DEFAULT NULL COMMENT '是否列表字段（1是）',
  `is_query` char(1) DEFAULT NULL COMMENT '是否查询字段（1是）',
  `query_type` varchar(200) DEFAULT 'EQ' COMMENT '查询方式（等于、不等于、大于、小于、范围）',
  `html_type` varchar(200) DEFAULT NULL COMMENT '显示类型（文本框、文本域、下拉框、复选框、单选框、日期控件）',
  `dict_type` varchar(200) DEFAULT '' COMMENT '字典类型',
  `sort` int(11) DEFAULT NULL COMMENT '排序',
  `create_by` varchar(64) DEFAULT '' COMMENT '创建者',
  `create_time` datetime DEFAULT NULL COMMENT '创建时间',
  `update_by` varchar(64) DEFAULT '' COMMENT '更新者',
  `update_time` datetime DEFAULT NULL COMMENT '更新时间',
  PRIMARY KEY (`column_id`)
) ENGINE=InnoDB AUTO_INCREMENT=258 DEFAULT CHARSET=utf8 COMMENT='代码生成业务表字段';

/*Data for the table `gen_table_column` */

insert  into `gen_table_column`(`column_id`,`table_id`,`column_name`,`column_comment`,`column_type`,`java_type`,`java_field`,`is_pk`,`is_increment`,`is_required`,`is_insert`,`is_edit`,`is_list`,`is_query`,`query_type`,`html_type`,`dict_type`,`sort`,`create_by`,`create_time`,`update_by`,`update_time`) values (125,'13','id','调薪编号','bigint(20)','Long','id','1','1',NULL,'1',NULL,NULL,NULL,'EQ','input','',1,'admin','2023-02-13 00:32:56','','2023-02-13 00:52:16'),(126,'13','employee_id','员工编号','bigint(20)','Long','employeeId','0','0',NULL,'1','1','1','1','EQ','input','',2,'admin','2023-02-13 00:32:56','','2023-02-13 00:52:16'),(127,'13','as_date','调薪日期','date','Date','asDate','0','0',NULL,'1','1','1','1','EQ','datetime','',3,'admin','2023-02-13 00:32:56','','2023-02-13 00:52:16'),(128,'13','before_salary','调前薪资','int(11)','Long','beforeSalary','0','0',NULL,'1','1','1','1','EQ','input','',4,'admin','2023-02-13 00:32:56','','2023-02-13 00:52:16'),(129,'13','after_salary','调后薪资','int(11)','Long','afterSalary','0','0',NULL,'1','1','1','1','EQ','input','',5,'admin','2023-02-13 00:32:56','','2023-02-13 00:52:16'),(130,'13','reason','调薪原因','varchar(255)','String','reason','0','0',NULL,'1','1','1','1','EQ','input','',6,'admin','2023-02-13 00:32:56','','2023-02-13 00:52:16'),(131,'13','remark','备注','varchar(255)','String','remark','0','0',NULL,'1','1','1',NULL,'EQ','input','',7,'admin','2023-02-13 00:32:56','','2023-02-13 00:52:16'),(132,'14','id','员工考勤编号','bigint(20) unsigned','Long','id','1','1',NULL,'1',NULL,NULL,NULL,'EQ','input','',1,'admin','2023-02-13 00:32:56','','2023-02-13 00:52:37'),(133,'14','employee_id','员工编号','bigint(20)','Long','employeeId','0','0',NULL,'1','1','1','1','EQ','input','',2,'admin','2023-02-13 00:32:56','','2023-02-13 00:52:37'),(134,'14','mor_start_time','上午上班时间','time','Date','morStartTime','0','0',NULL,'1','1','1','1','EQ','datetime','',3,'admin','2023-02-13 00:32:56','','2023-02-13 00:52:37'),(135,'14','mor_end_time','上午下班时间','time','Date','morEndTime','0','0',NULL,'1','1','1','1','EQ','datetime','',4,'admin','2023-02-13 00:32:56','','2023-02-13 00:52:37'),(136,'14','aft_start_time','下午上班时间','time','Date','aftStartTime','0','0',NULL,'1','1','1','1','EQ','datetime','',5,'admin','2023-02-13 00:32:56','','2023-02-13 00:52:37'),(137,'14','aft_end_time','下午下班时间','time','Date','aftEndTime','0','0',NULL,'1','1','1','1','EQ','datetime','',6,'admin','2023-02-13 00:32:56','','2023-02-13 00:52:37'),(138,'14','attendance_date','考勤日期','date','Date','attendanceDate','0','0','1','1','1','1','1','EQ','datetime','',7,'admin','2023-02-13 00:32:56','','2023-02-13 00:52:37'),(139,'14','status','0正常，1迟到，2早退，3旷工，4休假','tinyint(4)','Integer','status','0','0',NULL,'1','1','1','1','EQ','radio','',8,'admin','2023-02-13 00:32:56','','2023-02-13 00:52:37'),(140,'14','remark','备注','varchar(200)','String','remark','0','0',NULL,'1','1','1',NULL,'EQ','input','',9,'admin','2023-02-13 00:32:56','','2023-02-13 00:52:37'),(141,'14','create_time','创建时间','datetime','Date','createTime','0','0','1','1',NULL,NULL,NULL,'EQ','datetime','',10,'admin','2023-02-13 00:32:56','','2023-02-13 00:52:37'),(142,'14','update_time','修改日期','datetime','Date','updateTime','0','0',NULL,'1','1',NULL,NULL,'EQ','datetime','',11,'admin','2023-02-13 00:32:56','','2023-02-13 00:52:37'),(143,'14','is_deleted','状态/逻辑删除','tinyint(4) unsigned','Integer','isDeleted','0','0',NULL,'1','1','1','1','EQ','input','',12,'admin','2023-02-13 00:32:56','','2023-02-13 00:52:37'),(144,'15','id','员工薪资编号','bigint(20)','Long','id','1','1',NULL,'1',NULL,NULL,NULL,'EQ','input','',1,'admin','2023-02-13 00:32:56','','2023-02-13 00:43:29'),(145,'15','employee_id','员工编号','bigint(20)','Long','employeeId','0','0',NULL,'1','1','1','1','EQ','input','',2,'admin','2023-02-13 00:32:56','','2023-02-13 00:43:29'),(146,'15','salary_id','薪资编号','bigint(20)','Long','salaryId','0','0',NULL,'1','1','1','1','EQ','input','',3,'admin','2023-02-13 00:32:56','','2023-02-13 00:43:29'),(147,'16','employee_id','员工编号','bigint(20)','Long','employeeId','1','1',NULL,'1',NULL,NULL,NULL,'EQ','input','',1,'admin','2023-02-13 00:32:56','','2023-02-13 00:41:50'),(148,'16','name','员工姓名','varchar(10)','String','name','0','0',NULL,'1','1','1','1','LIKE','input','',2,'admin','2023-02-13 00:32:56','','2023-02-13 00:41:50'),(149,'16','gender','性别','char(4)','String','gender','0','0',NULL,'1','1','1','1','EQ','input','',3,'admin','2023-02-13 00:32:56','','2023-02-13 00:41:50'),(150,'16','birthday','出生日期','date','Date','birthday','0','0',NULL,'1','1','1','1','EQ','datetime','',4,'admin','2023-02-13 00:32:56','','2023-02-13 00:41:50'),(151,'16','id_card','身份证号','char(18)','String','idCard','0','0',NULL,'1','1','1','1','EQ','input','',5,'admin','2023-02-13 00:32:56','','2023-02-13 00:41:50'),(152,'16','wedlock','婚姻状况','enum(\'已婚\',\'未婚\',\'离异\')','String','wedlock','0','0',NULL,'1','1','1','1','EQ',NULL,'',6,'admin','2023-02-13 00:32:56','','2023-02-13 00:41:50'),(153,'16','nation','民族','int(8)','Integer','nation','0','0',NULL,'1','1','1','1','EQ','input','',7,'admin','2023-02-13 00:32:56','','2023-02-13 00:41:50'),(154,'16','native_place','籍贯','varchar(20)','String','nativePlace','0','0',NULL,'1','1','1','1','EQ','input','',8,'admin','2023-02-13 00:32:56','','2023-02-13 00:41:50'),(155,'16','politic','政治面貌','int(8)','Integer','politic','0','0',NULL,'1','1','1','1','EQ','input','',9,'admin','2023-02-13 00:32:56','','2023-02-13 00:41:50'),(156,'16','email','邮箱','varchar(20)','String','email','0','0',NULL,'1','1','1','1','EQ','input','',10,'admin','2023-02-13 00:32:56','','2023-02-13 00:41:51'),(157,'16','phone','电话号码','varchar(11)','String','phone','0','0',NULL,'1','1','1','1','EQ','input','',11,'admin','2023-02-13 00:32:56','','2023-02-13 00:41:51'),(158,'16','address','联系地址','varchar(64)','String','address','0','0',NULL,'1','1','1','1','EQ','input','',12,'admin','2023-02-13 00:32:56','','2023-02-13 00:41:51'),(159,'16','dept_id','所属部门','bigint(20)','Long','deptId','0','0',NULL,'1','1','1','1','EQ','input','',13,'admin','2023-02-13 00:32:56','','2023-02-13 00:41:51'),(160,'16','job_level_id','职称ID','bigint(20)','Long','jobLevelId','0','0',NULL,'1','1','1','1','EQ','input','',14,'admin','2023-02-13 00:32:56','','2023-02-13 00:41:51'),(161,'16','post_id','职位ID','bigint(20)','Long','postId','0','0',NULL,'1','1','1','1','EQ','input','',15,'admin','2023-02-13 00:32:56','','2023-02-13 00:41:51'),(162,'16','engage_form','聘用形式','varchar(8)','String','engageForm','0','0',NULL,'1','1','1','1','EQ','input','',16,'admin','2023-02-13 00:32:56','','2023-02-13 00:41:51'),(163,'16','tiptop_degree','最高学历','enum(\'博士\',\'硕士\',\'本科\',\'大专\',\'高中\',\'初中\',\'小学\',\'其他\')','String','tiptopDegree','0','0',NULL,'1','1','1','1','EQ','select','',17,'admin','2023-02-13 00:32:56','','2023-02-13 00:41:51'),(164,'16','specialty','所属专业','varchar(32)','String','specialty','0','0',NULL,'1','1','1','1','EQ','input','',18,'admin','2023-02-13 00:32:56','','2023-02-13 00:41:51'),(165,'16','school','毕业院校','varchar(32)','String','school','0','0',NULL,'1','1','1','1','EQ','input','',19,'admin','2023-02-13 00:32:56','','2023-02-13 00:41:51'),(166,'16','begin_date','入职日期','date','Date','beginDate','0','0',NULL,'1','1','1','1','EQ','datetime','',20,'admin','2023-02-13 00:32:56','','2023-02-13 00:41:51'),(167,'16','work_state','在职状态','enum(\'在职\',\'离职\')','String','workState','0','0',NULL,'1','1','1','1','EQ','select','',21,'admin','2023-02-13 00:32:56','','2023-02-13 00:41:51'),(168,'16','work_id','工号','char(8)','String','workId','0','0',NULL,'1','1','1','1','EQ','input','',22,'admin','2023-02-13 00:32:56','','2023-02-13 00:41:51'),(169,'16','contract_term','合同期限','double','Long','contractTerm','0','0',NULL,'1','1','1','1','EQ','input','',23,'admin','2023-02-13 00:32:56','','2023-02-13 00:41:51'),(170,'16','conversion_time','转正日期','date','Date','conversionTime','0','0',NULL,'1','1','1','1','EQ','datetime','',24,'admin','2023-02-13 00:32:56','','2023-02-13 00:41:51'),(171,'16','not_work_date','离职日期','date','Date','notWorkDate','0','0',NULL,'1','1','1','1','EQ','datetime','',25,'admin','2023-02-13 00:32:56','','2023-02-13 00:41:51'),(172,'16','begin_contract','合同起始日期','date','Date','beginContract','0','0',NULL,'1','1','1','1','EQ','datetime','',26,'admin','2023-02-13 00:32:56','','2023-02-13 00:41:51'),(173,'16','end_contract','合同终止日期','date','Date','endContract','0','0',NULL,'1','1','1','1','EQ','datetime','',27,'admin','2023-02-13 00:32:56','','2023-02-13 00:41:51'),(174,'16','work_age','工龄','int(11)','Long','workAge','0','0',NULL,'1','1','1','1','EQ','input','',28,'admin','2023-02-13 00:32:56','','2023-02-13 00:41:51'),(175,'17','employeeec_id','奖惩编号','bigint(20)','Long','employeeecId','1','1',NULL,'1',NULL,NULL,NULL,'EQ','input','',1,'admin','2023-02-13 00:32:56','','2023-02-13 00:44:11'),(176,'17','employee_id','员工编号','bigint(20)','Long','employeeId','0','0',NULL,'1','1','1','1','EQ','input','',2,'admin','2023-02-13 00:32:56','','2023-02-13 00:44:11'),(177,'17','ec_date','奖罚日期','date','Date','ecDate','0','0',NULL,'1','1','1','1','EQ','datetime','',3,'admin','2023-02-13 00:32:56','','2023-02-13 00:44:11'),(178,'17','ec_reason','奖罚原因','varchar(255)','String','ecReason','0','0',NULL,'1','1','1','1','EQ','input','',4,'admin','2023-02-13 00:32:56','','2023-02-13 00:44:11'),(179,'17','penalize_type','扣款类型，0迟到，1早退，2旷工，3休假','int(11)','Long','penalizeType','0','0',NULL,'1','1','1','1','EQ','select','',5,'admin','2023-02-13 00:32:56','','2023-02-13 00:44:11'),(180,'17','ec_type','奖罚类别，0：奖，1：罚','int(11)','Long','ecType','0','0',NULL,'1','1','1','1','EQ','select','',6,'admin','2023-02-13 00:32:56','','2023-02-13 00:44:11'),(181,'17','remark','备注','varchar(255)','String','remark','0','0',NULL,'1','1','1',NULL,'EQ','input','',7,'admin','2023-02-13 00:32:56','','2023-02-13 00:44:11'),(182,'18','leave_id','请假编号','bigint(20) unsigned','Long','leaveId','1','1',NULL,'1',NULL,NULL,NULL,'EQ','input','',1,'admin','2023-02-13 00:32:56','','2023-02-13 00:45:09'),(183,'18','employee_id','员工编号','bigint(20)','Long','employeeId','0','0',NULL,'1','1','1','1','EQ','input','',2,'admin','2023-02-13 00:32:56','','2023-02-13 00:45:09'),(184,'18','days','请假的天数','int(11)','Long','days','0','0',NULL,'1','1','1','1','EQ','input','',3,'admin','2023-02-13 00:32:56','','2023-02-13 00:45:09'),(185,'18','type_num','请假类型id','int(11)','Long','typeNum','0','0',NULL,'1','1','1','1','EQ','input','',4,'admin','2023-02-13 00:32:56','','2023-02-13 00:45:09'),(186,'18','start_date','请假的开始日期','date','Date','startDate','0','0',NULL,'1','1','1','1','EQ','datetime','',5,'admin','2023-02-13 00:32:56','','2023-02-13 00:45:09'),(187,'18','status','0未审核，1审核通过，2驳回，3撤销','tinyint(4) unsigned','Integer','status','0','0',NULL,'1','1','1','1','EQ','radio','',6,'admin','2023-02-13 00:32:56','','2023-02-13 00:45:09'),(188,'18','remark','备注','varchar(200)','String','remark','0','0',NULL,'1','1','1',NULL,'EQ','input','',7,'admin','2023-02-13 00:32:56','','2023-02-13 00:45:09'),(189,'18','create_time','创建时间','datetime','Date','createTime','0','0','1','1',NULL,NULL,NULL,'EQ','datetime','',8,'admin','2023-02-13 00:32:56','','2023-02-13 00:45:09'),(190,'18','update_time','修改时间','datetime','Date','updateTime','0','0',NULL,'1','1',NULL,NULL,'EQ','datetime','',9,'admin','2023-02-13 00:32:56','','2023-02-13 00:45:09'),(191,'18','is_deleted','状态/逻辑删除','tinyint(4) unsigned','Integer','isDeleted','0','0','1','1','1','1','1','EQ','input','',10,'admin','2023-02-13 00:32:56','','2023-02-13 00:45:09'),(192,'19','id','加班编号','bigint(20) unsigned','Long','id','1','1',NULL,'1',NULL,NULL,NULL,'EQ','input','',1,'admin','2023-02-13 00:32:56','','2023-02-13 00:47:15'),(193,'19','salary_multiple','工资倍数，如按照小时计算，就是员工平均小时工资乘以倍数','decimal(5,2)','BigDecimal','salaryMultiple','0','0',NULL,'1','1','1','1','EQ','input','',2,'admin','2023-02-13 00:32:56','','2023-02-13 00:47:15'),(194,'19','bonus','加班奖金','decimal(10,3)','BigDecimal','bonus','0','0',NULL,'1','1','1','1','EQ','input','',3,'admin','2023-02-13 00:32:56','','2023-02-13 00:47:15'),(195,'19','overtime_type_id','加班类型','int(11)','Long','overtimeTypeId','0','0',NULL,'1','1','1','1','EQ','input','',4,'admin','2023-02-13 00:32:56','','2023-02-13 00:47:15'),(196,'19','employee_id','员工编号','bigint(20)','Long','employeeId','0','0',NULL,'1','1','1','1','EQ','input','',5,'admin','2023-02-13 00:32:56','','2023-02-13 00:47:15'),(197,'19','count_type','0小时，1天，默认0，计数加班工资的类型','tinyint(4)','Integer','countType','0','0',NULL,'1','1','1','1','EQ','select','',6,'admin','2023-02-13 00:32:56','','2023-02-13 00:47:15'),(198,'19','remark','备注','varchar(200)','String','remark','0','0',NULL,'1','1','1',NULL,'EQ','input','',7,'admin','2023-02-13 00:32:56','','2023-02-13 00:47:15'),(199,'19','status','1启用，0禁用，默认1','tinyint(4) unsigned','Integer','status','0','0','1','1','1','1','1','EQ','radio','',8,'admin','2023-02-13 00:32:56','','2023-02-13 00:47:15'),(200,'19','is_time_off','0不补休，1补休，默认0','tinyint(4) unsigned','Integer','isTimeOff','0','0',NULL,'1','1','1','1','EQ','input','',9,'admin','2023-02-13 00:32:56','','2023-02-13 00:47:15'),(201,'19','create_time','创建时间','datetime','Date','createTime','0','0','1','1',NULL,NULL,NULL,'EQ','datetime','',10,'admin','2023-02-13 00:32:56','','2023-02-13 00:47:15'),(202,'19','update_time','修改时间','datetime','Date','updateTime','0','0',NULL,'1','1',NULL,NULL,'EQ','datetime','',11,'admin','2023-02-13 00:32:56','','2023-02-13 00:47:15'),(203,'19','is_deleted','状态/逻辑删除','tinyint(4) unsigned','Integer','isDeleted','0','0','1','1','1','1','1','EQ','input','',12,'admin','2023-02-13 00:32:56','','2023-02-13 00:47:15'),(204,'20','overtime_type_id','加班类型编号','int(11) unsigned','Long','overtimeTypeId','1','1',NULL,'1',NULL,NULL,NULL,'EQ','input','',1,'admin','2023-02-13 00:32:56','','2023-02-13 00:48:05'),(205,'20','code','加班类型编码','varchar(20)','String','code','0','0',NULL,'1','1','1','1','EQ','input','',2,'admin','2023-02-13 00:32:56','','2023-02-13 00:48:05'),(206,'20','name','加班类型名称','varchar(20)','String','name','0','0',NULL,'1','1','1','1','LIKE','input','',3,'admin','2023-02-13 00:32:56','','2023-02-13 00:48:05'),(207,'20','status','0禁用，1启用，默认1','tinyint(4) unsigned','Integer','status','0','0','1','1','1','1','1','EQ','radio','',4,'admin','2023-02-13 00:32:56','','2023-02-13 00:48:05'),(208,'20','create_time','创建时间','datetime','Date','createTime','0','0','1','1',NULL,NULL,NULL,'EQ','datetime','',5,'admin','2023-02-13 00:32:56','','2023-02-13 00:48:05'),(209,'20','update_time','修改时间','datetime','Date','updateTime','0','0',NULL,'1','1',NULL,NULL,'EQ','datetime','',6,'admin','2023-02-13 00:32:56','','2023-02-13 00:48:05'),(210,'20','lower_limit','工资倍数下限','decimal(5,2)','BigDecimal','lowerLimit','0','0',NULL,'1','1','1','1','EQ','input','',7,'admin','2023-02-13 00:32:56','','2023-02-13 00:48:05'),(211,'20','is_deleted','0禁用，1启用，默认1','tinyint(4) unsigned','Integer','isDeleted','0','0','1','1','1','1','1','EQ','input','',8,'admin','2023-02-13 00:32:56','','2023-02-13 00:48:05'),(212,'21','salary_id','薪资编号','bigint(20)','Long','salaryId','1','1',NULL,'1',NULL,NULL,NULL,'EQ','input','',1,'admin','2023-02-13 00:32:56','','2023-02-13 00:48:47'),(213,'21','salary_name','薪资账套名称','varchar(32)','String','salaryName','0','0',NULL,'1','1','1','1','LIKE','input','',2,'admin','2023-02-13 00:32:56','','2023-02-13 00:48:47'),(214,'21','basic_salary','基本工资','int(11)','Long','basicSalary','0','0',NULL,'1','1','1','1','EQ','input','',3,'admin','2023-02-13 00:32:56','','2023-02-13 00:48:47'),(215,'21','bonus','奖金','int(11)','Long','bonus','0','0',NULL,'1','1','1','1','EQ','input','',4,'admin','2023-02-13 00:32:56','','2023-02-13 00:48:47'),(216,'21','lunch_salary','午餐补助','int(11)','Long','lunchSalary','0','0',NULL,'1','1','1','1','EQ','input','',5,'admin','2023-02-13 00:32:56','','2023-02-13 00:48:47'),(217,'21','traffic_salary','交通补助','int(11)','Long','trafficSalary','0','0',NULL,'1','1','1','1','EQ','input','',6,'admin','2023-02-13 00:32:56','','2023-02-13 00:48:47'),(218,'21','all_salary','应发工资','int(11)','Long','allSalary','0','0',NULL,'1','1','1','1','EQ','input','',7,'admin','2023-02-13 00:32:56','','2023-02-13 00:48:47'),(219,'21','pension_base','养老金基数','int(11)','Long','pensionBase','0','0',NULL,'1','1','1','1','EQ','input','',8,'admin','2023-02-13 00:32:56','','2023-02-13 00:48:47'),(220,'21','pension_per','养老金比率','float','Long','pensionPer','0','0',NULL,'1','1','1','1','EQ','input','',9,'admin','2023-02-13 00:32:56','','2023-02-13 00:48:47'),(221,'21','create_date','启用时间','timestamp','Date','createDate','0','0',NULL,'1','1','1','1','EQ','datetime','',10,'admin','2023-02-13 00:32:56','','2023-02-13 00:48:47'),(222,'21','medical_base','医疗基数','int(11)','Long','medicalBase','0','0',NULL,'1','1','1','1','EQ','input','',11,'admin','2023-02-13 00:32:56','','2023-02-13 00:48:47'),(223,'21','medical_per','医疗保险比率','float','Long','medicalPer','0','0',NULL,'1','1','1','1','EQ','input','',12,'admin','2023-02-13 00:32:56','','2023-02-13 00:48:47'),(224,'21','accumulation_fundbase','公积金基数','int(11)','Long','accumulationFundbase','0','0',NULL,'1','1','1','1','EQ','input','',13,'admin','2023-02-13 00:32:56','','2023-02-13 00:48:47'),(225,'21','accumulation_fundper','公积金比率','float','Long','accumulationFundper','0','0',NULL,'1','1','1','1','EQ','input','',14,'admin','2023-02-13 00:32:56','','2023-02-13 00:48:47'),(226,'22','id','工作时间编号','bigint(20) unsigned','Long','id','1','1',NULL,'1',NULL,NULL,NULL,'EQ','input','',1,'admin','2023-02-13 00:32:56','','2023-02-13 00:49:42'),(227,'22','dept_id','部门编号','bigint(20) unsigned','Long','deptId','0','0',NULL,'1','1','1','1','EQ','input','',2,'admin','2023-02-13 00:32:56','','2023-02-13 00:49:42'),(228,'22','mor_start_time','上午上班时间','time','Date','morStartTime','0','0',NULL,'1','1','1','1','EQ','datetime','',3,'admin','2023-02-13 00:32:56','','2023-02-13 00:49:42'),(229,'22','mor_end_time','上午下班时间','time','Date','morEndTime','0','0',NULL,'1','1','1','1','EQ','datetime','',4,'admin','2023-02-13 00:32:56','','2023-02-13 00:49:42'),(230,'22','aft_start_time','下午上班时间','time','Date','aftStartTime','0','0',NULL,'1','1','1','1','EQ','datetime','',5,'admin','2023-02-13 00:32:56','','2023-02-13 00:49:42'),(231,'22','aft_end_time','下午下班时间','time','Date','aftEndTime','0','0',NULL,'1','1','1','1','EQ','datetime','',6,'admin','2023-02-13 00:32:56','','2023-02-13 00:49:42'),(232,'22','total_work_time','员工总工作时长','decimal(3,1)','BigDecimal','totalWorkTime','0','0',NULL,'1','1','1','1','EQ','input','',7,'admin','2023-02-13 00:32:56','','2023-02-13 00:49:42'),(233,'22','remark','备注','varchar(200)','String','remark','0','0',NULL,'1','1','1',NULL,'EQ','input','',8,'admin','2023-02-13 00:32:56','','2023-02-13 00:49:42'),(234,'22','create_time','创建时间','datetime','Date','createTime','0','0',NULL,'1',NULL,NULL,NULL,'EQ','datetime','',9,'admin','2023-02-13 00:32:56','','2023-02-13 00:49:42'),(235,'22','update_time','修改时间','datetime','Date','updateTime','0','0',NULL,'1','1',NULL,NULL,'EQ','datetime','',10,'admin','2023-02-13 00:32:56','','2023-02-13 00:49:42'),(236,'22','is_deleted','状态/逻辑删除','tinyint(4) unsigned','Integer','isDeleted','0','0','1','1','1','1','1','EQ','input','',11,'admin','2023-02-13 00:32:56','','2023-02-13 00:49:42'),(244,'24','job_level_id','职称编号','bigint(20)','Long','jobLevelId','1','1',NULL,'1',NULL,NULL,NULL,'EQ','input','',1,'admin','2023-02-13 00:33:03','','2023-02-13 00:51:10'),(245,'24','job_level_name','职称名称','varchar(32)','String','jobLevelName','0','0',NULL,'1','1','1','1','LIKE','input','',2,'admin','2023-02-13 00:33:03','','2023-02-13 00:51:10'),(246,'24','title_level','职称等级','enum(\'正高级\',\'副高级\',\'中级\',\'初级\',\'员级\')','String','titleLevel','0','0',NULL,'1','1','1','1','EQ',NULL,'',3,'admin','2023-02-13 00:33:03','','2023-02-13 00:51:10'),(247,'24','create_date','创建时间','timestamp','Date','createDate','0','0',NULL,'1','1','1','1','EQ','datetime','',4,'admin','2023-02-13 00:33:03','','2023-02-13 00:51:10'),(248,'24','enabled','状态','tinyint(1)','Integer','enabled','0','0',NULL,'1','1','1','1','EQ','input','',5,'admin','2023-02-13 00:33:03','','2023-02-13 00:51:10'),(249,'25','id','员工调动编号','bigint(20)','Long','id','1','1',NULL,'1',NULL,NULL,NULL,'EQ','input','',1,'admin','2023-02-19 13:14:10','','2023-02-19 13:16:43'),(250,'25','employee_id','员工编号','bigint(20)','Long','employeeId','0','0',NULL,'1','1','1','1','EQ','input','',2,'admin','2023-02-19 13:14:10','','2023-02-19 13:16:43'),(251,'25','before_dept_id','调动前部门','bigint(20)','Long','beforeDeptId','0','0',NULL,'1','1','1','1','EQ','input','',3,'admin','2023-02-19 13:14:10','','2023-02-19 13:16:43'),(252,'25','before_job_id','调动前职位','bigint(20)','Long','beforeJobId','0','0',NULL,'1','1','1','1','EQ','input','',4,'admin','2023-02-19 13:14:10','','2023-02-19 13:16:43'),(253,'25','after_dept_id','调动后部门','bigint(20)','Long','afterDeptId','0','0',NULL,'1','1','1','1','EQ','input','',5,'admin','2023-02-19 13:14:10','','2023-02-19 13:16:43'),(254,'25','after_job_id','调动后职位','bigint(20)','Long','afterJobId','0','0',NULL,'1','1','1','1','EQ','input','',6,'admin','2023-02-19 13:14:10','','2023-02-19 13:16:43'),(255,'25','remove_date','调动日期','date','Date','removeDate','0','0',NULL,'1','1','1','1','EQ','datetime','',7,'admin','2023-02-19 13:14:10','','2023-02-19 13:16:43'),(256,'25','reason','调动原因','varchar(255)','String','reason','0','0',NULL,'1','1','1','1','LIKE','input','',8,'admin','2023-02-19 13:14:10','','2023-02-19 13:16:43'),(257,'25','remark','备注','varchar(255)','String','remark','0','0',NULL,'1','1','1',NULL,'EQ','input','',9,'admin','2023-02-19 13:14:10','','2023-02-19 13:16:43');

/*Table structure for table `hr_adjust_salary` */

DROP TABLE IF EXISTS `hr_adjust_salary`;

CREATE TABLE `hr_adjust_salary` (
  `id` bigint(20) NOT NULL AUTO_INCREMENT COMMENT '调薪编号',
  `employee_id` bigint(20) DEFAULT NULL COMMENT '员工编号',
  `as_date` date DEFAULT NULL COMMENT '调薪日期',
  `before_salary` int(11) DEFAULT NULL COMMENT '调前薪资',
  `after_salary` int(11) DEFAULT NULL COMMENT '调后薪资',
  `reason` varchar(255) DEFAULT NULL COMMENT '调薪原因',
  `remark` varchar(255) DEFAULT NULL COMMENT '备注',
  PRIMARY KEY (`id`),
  KEY `pid` (`employee_id`),
  CONSTRAINT `adjustsalary_ibfk_1` FOREIGN KEY (`employee_id`) REFERENCES `hr_employee` (`employee_id`)
) ENGINE=InnoDB DEFAULT CHARSET=utf8mb4 ROW_FORMAT=DYNAMIC COMMENT='员工调薪表';

/*Data for the table `hr_adjust_salary` */

/*Table structure for table `hr_attendance` */

DROP TABLE IF EXISTS `hr_attendance`;

CREATE TABLE `hr_attendance` (
  `id` bigint(20) unsigned NOT NULL AUTO_INCREMENT COMMENT '员工考勤编号',
  `employee_id` bigint(20) DEFAULT NULL COMMENT '员工编号',
  `mor_start_time` time DEFAULT NULL COMMENT '上午上班时间',
  `mor_end_time` time DEFAULT NULL COMMENT '上午下班时间',
  `aft_start_time` time DEFAULT NULL COMMENT '下午上班时间',
  `aft_end_time` time DEFAULT NULL COMMENT '下午下班时间',
  `attendance_date` date NOT NULL COMMENT '考勤日期',
  `attendance_status` char(10) DEFAULT NULL COMMENT '考勤状态',
  `remark` varchar(200) DEFAULT NULL COMMENT '备注',
  `create_time` datetime NOT NULL DEFAULT CURRENT_TIMESTAMP COMMENT '创建时间',
  `update_time` datetime DEFAULT CURRENT_TIMESTAMP ON UPDATE CURRENT_TIMESTAMP COMMENT '修改日期',
  `is_deleted` tinyint(4) unsigned DEFAULT '0' COMMENT '逻辑删除',
  PRIMARY KEY (`id`) USING BTREE
) ENGINE=InnoDB AUTO_INCREMENT=252 DEFAULT CHARSET=utf8mb4 ROW_FORMAT=DYNAMIC COMMENT='员工考勤表';

/*Data for the table `hr_attendance` */

insert  into `hr_attendance`(`id`,`employee_id`,`mor_start_time`,`mor_end_time`,`aft_start_time`,`aft_end_time`,`attendance_date`,`attendance_status`,`remark`,`create_time`,`update_time`,`is_deleted`) values (197,1,'07:30:00','11:30:00','13:30:00','18:00:00','2022-05-09','0',NULL,'2022-05-06 16:52:25','2022-05-06 17:35:20',0),(198,1,'06:50:00','12:00:00','13:00:00','17:00:16','2022-05-10','0',NULL,'2022-05-06 16:52:25','2022-05-06 16:52:25',0),(199,1,'09:00:00','10:30:00','13:01:55','16:00:16','2022-05-11','3',NULL,'2022-05-06 16:52:25','2022-05-06 16:52:25',0),(200,2,'07:00:00','12:35:00','13:12:55','19:20:16','2022-05-09','1',NULL,'2022-05-06 16:52:25','2023-02-20 12:39:48',0),(201,2,'07:40:00','12:20:00','13:09:55','18:10:16','2022-05-10','0',NULL,'2022-05-06 16:52:25','2022-05-06 16:52:25',0),(202,2,'07:40:00','12:30:00',NULL,'18:49:00','2022-05-11','0',NULL,'2022-05-06 16:52:25','2022-05-06 16:52:25',0),(203,3,'06:12:00','11:00:00','13:01:55','16:00:16','2022-05-09','2',NULL,'2022-05-06 16:52:25','2022-05-06 16:52:25',0),(204,3,'07:00:00','11:30:00','13:30:00','18:00:00','2022-05-10','3',NULL,'2022-05-06 16:52:25','2022-05-06 16:52:25',0),(205,3,'07:20:00','12:30:00','13:00:00','18:00:16','2022-05-11','0',NULL,'2022-05-06 16:52:25','2022-05-06 16:52:25',0),(206,4,'09:30:00','10:40:00','13:10:55','16:30:16','2022-05-09','3',NULL,'2022-05-06 16:52:25','2022-05-06 16:52:25',0),(207,4,'05:00:00','12:35:00','13:00:55','19:20:16','2022-05-10','0',NULL,'2022-05-06 16:52:25','2022-05-06 16:52:25',0),(208,4,'05:40:00','13:00:00','13:00:55','18:10:16','2022-05-11','0',NULL,'2022-05-06 16:52:25','2022-05-06 16:52:25',0),(209,1,NULL,NULL,NULL,NULL,'2022-05-06','0',NULL,'2022-05-06 17:35:20','2022-05-06 17:35:20',0),(210,1,NULL,NULL,NULL,NULL,'2022-05-16','0',NULL,'2022-05-06 17:38:40','2022-05-06 17:38:40',0),(211,1,NULL,NULL,NULL,NULL,'2022-05-17','1',NULL,'2022-05-06 17:38:40','2022-05-06 17:38:40',0),(212,3,'07:20:00','12:30:00','13:00:00','18:00:16','2022-04-06','0',NULL,'2022-05-06 17:54:37','2022-05-13 15:09:39',0),(213,4,NULL,NULL,NULL,NULL,'2022-04-12','0',NULL,'2022-05-06 17:54:43','2022-05-06 17:54:43',0),(214,1,NULL,NULL,NULL,NULL,'2022-04-12','2',NULL,'2022-05-06 17:54:50','2022-05-06 17:54:50',0),(215,2,NULL,NULL,NULL,NULL,'2022-04-14','1',NULL,'2022-05-06 17:54:56','2022-05-06 17:54:56',0),(216,6,NULL,NULL,NULL,NULL,'2022-04-13','3',NULL,'2022-05-06 17:55:03','2022-05-06 17:55:03',0),(217,6,NULL,NULL,NULL,NULL,'2022-05-13','2',NULL,'2022-05-06 18:05:27','2022-05-06 18:05:27',0),(218,9,NULL,NULL,NULL,NULL,'2022-05-13','1',NULL,'2022-05-06 18:05:34','2022-05-06 18:05:34',0),(219,1,'06:00:00','12:00:00','13:00:55','18:00:16','2022-07-08','1',NULL,'2022-05-12 20:50:04','2023-02-01 21:59:34',0),(220,1,'09:00:00','10:30:00','13:01:55','16:00:16','2022-07-11','1',NULL,'2022-05-12 20:50:04','2023-02-01 21:59:35',0),(221,2,'06:45:00','11:40:00','13:10:55','16:30:16','2022-07-08','1',NULL,'2022-05-12 20:50:04','2023-02-01 21:59:35',0),(222,2,'07:40:00','12:30:00',NULL,'18:49:16','2022-07-11','3',NULL,'2022-05-12 20:50:04','2023-02-01 21:59:35',0),(223,3,'07:34:00','12:10:00','15:11:55','21:00:16','2022-07-08','1',NULL,'2022-05-12 20:50:04','2023-02-01 21:59:35',0),(224,3,'07:20:00','12:30:00','13:00:00','18:00:16','2022-07-11','1',NULL,'2022-05-12 20:50:04','2023-02-01 21:59:35',0),(225,4,'08:00:00','11:00:00','13:01:55','16:00:16','2022-07-08','3',NULL,'2022-05-12 20:50:04','2023-02-01 21:59:35',0),(226,4,'05:40:00','13:00:00','13:00:55','18:10:16','2022-07-11','0',NULL,'2022-05-12 20:50:04','2022-05-12 20:50:04',0),(227,4,NULL,NULL,NULL,NULL,'2022-04-26','2',NULL,'2022-05-12 20:53:46','2022-05-12 20:53:46',0),(228,1,NULL,NULL,NULL,NULL,'2022-04-20','3',NULL,'2022-05-13 09:27:18','2022-05-13 09:27:18',0),(229,5,NULL,NULL,NULL,NULL,'2022-05-05','2',NULL,'2022-05-13 14:20:43','2022-05-13 14:20:43',0),(230,1,'07:30:00','11:30:00','13:30:00','18:00:00','2022-04-04','3',NULL,'2022-05-13 15:09:38','2022-05-13 15:09:38',0),(231,1,'06:50:00','12:00:00','13:00:00','17:00:16','2022-04-05','0',NULL,'2022-05-13 15:09:38','2022-05-13 15:09:38',0),(232,1,'09:00:00','10:30:00','13:01:55','16:00:16','2022-04-06','3',NULL,'2022-05-13 15:09:38','2022-05-13 15:09:38',0),(233,2,'07:00:00','12:35:00','13:12:55','19:20:16','2022-04-04','1',NULL,'2022-05-13 15:09:38','2022-05-13 15:09:38',0),(234,2,'07:40:00','12:20:00','13:09:55','18:10:16','2022-04-05','0',NULL,'2022-05-13 15:09:38','2022-05-13 15:09:38',0),(235,2,'07:40:00','12:30:00',NULL,'18:49:16','2022-04-06','3',NULL,'2022-05-13 15:09:38','2022-05-13 15:09:38',0),(236,3,'06:12:00','11:00:00','13:01:55','16:00:16','2022-04-04','2',NULL,'2022-05-13 15:09:39','2022-05-13 15:09:39',0),(237,3,'07:00:00','11:30:00','13:30:00','18:00:00','2022-04-05','3',NULL,'2022-05-13 15:09:39','2022-05-13 15:09:39',0),(238,4,'09:30:00','10:40:00','13:10:55','16:30:16','2022-04-04','3',NULL,'2022-05-13 15:09:40','2022-05-13 15:09:40',0),(239,4,'05:00:00','12:35:00','13:00:55','19:20:16','2022-04-05','0',NULL,'2022-05-13 15:09:40','2022-05-13 15:09:40',0),(240,4,'05:40:00','13:00:00','13:00:55','18:10:16','2022-04-06','0',NULL,'2022-05-13 15:09:40','2022-05-13 15:09:40',0),(241,1,NULL,NULL,NULL,NULL,'2022-05-19','4',NULL,'2022-05-13 15:12:39','2022-05-13 15:12:39',0),(242,1,NULL,NULL,NULL,NULL,'2022-05-20','4',NULL,'2022-05-13 15:12:39','2022-05-13 15:12:39',0),(247,1,NULL,NULL,NULL,NULL,'2023-01-01','2',NULL,'2023-01-02 13:50:02','2023-01-02 13:50:02',0),(250,1,NULL,NULL,NULL,NULL,'2023-01-02','1',NULL,'2023-01-25 21:13:29','2023-01-25 21:13:29',0),(251,3,NULL,NULL,NULL,NULL,'2023-01-04','4',NULL,'2023-01-25 21:17:59','2023-01-25 21:17:59',0);

/*Table structure for table `hr_emp_salary` */

DROP TABLE IF EXISTS `hr_emp_salary`;

CREATE TABLE `hr_emp_salary` (
  `id` bigint(20) NOT NULL AUTO_INCREMENT COMMENT '员工薪资编号',
  `employee_id` bigint(20) DEFAULT NULL COMMENT '员工编号',
  `salary_id` bigint(20) DEFAULT NULL COMMENT '薪资编号',
  `create_time` datetime DEFAULT NULL COMMENT '创建时间',
  `update_time` datetime DEFAULT NULL COMMENT '修改时间',
  PRIMARY KEY (`id`),
  UNIQUE KEY `employee_id` (`employee_id`),
  KEY `empsalary_ibfk_2` (`salary_id`),
  CONSTRAINT `empsalary_ibfk_1` FOREIGN KEY (`employee_id`) REFERENCES `hr_employee` (`employee_id`),
  CONSTRAINT `empsalary_ibfk_2` FOREIGN KEY (`salary_id`) REFERENCES `hr_salary` (`salary_id`)
) ENGINE=InnoDB AUTO_INCREMENT=42 DEFAULT CHARSET=utf8mb4 ROW_FORMAT=DYNAMIC COMMENT='员工薪资表';

/*Data for the table `hr_emp_salary` */

insert  into `hr_emp_salary`(`id`,`employee_id`,`salary_id`,`create_time`,`update_time`) values (6,4,1,'2023-02-20 19:04:19',NULL),(10,5,2,'2023-02-20 19:04:21',NULL),(11,6,3,'2023-02-20 19:04:23',NULL),(12,7,3,'2023-02-20 19:04:25',NULL),(14,8,2,'2023-02-20 19:04:25',NULL),(15,9,2,'2023-02-20 19:04:25',NULL),(20,10,1,'2023-02-20 19:04:25',NULL),(21,11,2,'2023-02-20 19:04:25',NULL),(22,3,3,'2023-02-20 19:04:25',NULL),(24,2,2,'2023-02-20 19:04:25',NULL),(26,33,1,'2023-02-20 19:04:25',NULL),(28,34,2,'2023-02-20 19:04:25',NULL),(29,44,1,'2023-02-20 19:04:25',NULL),(30,45,1,'2023-02-20 19:04:25',NULL),(31,43,1,'2023-02-20 19:04:25',NULL),(32,47,1,'2023-02-20 19:04:25',NULL),(33,52,3,'2023-02-20 19:04:25',NULL),(34,53,1,'2023-02-20 19:04:25',NULL),(35,54,1,'2023-02-20 19:04:25',NULL),(36,56,1,'2023-02-20 19:04:25',NULL),(38,21,2,'2023-02-20 19:04:25',NULL),(40,1,3,'2023-02-20 19:04:25',NULL),(41,16,3,'2023-02-20 19:28:16',NULL);

/*Table structure for table `hr_employee` */

DROP TABLE IF EXISTS `hr_employee`;

CREATE TABLE `hr_employee` (
  `employee_id` bigint(20) NOT NULL AUTO_INCREMENT COMMENT '员工编号',
  `name` varchar(10) DEFAULT NULL COMMENT '员工姓名',
  `gender` char(4) DEFAULT NULL COMMENT '性别',
  `birthday` date DEFAULT NULL COMMENT '出生日期',
  `id_card` char(18) DEFAULT NULL COMMENT '身份证号',
  `wedlock` char(4) DEFAULT NULL COMMENT '婚姻状况',
  `nation` varchar(20) DEFAULT NULL COMMENT '民族',
  `native_place` varchar(20) DEFAULT NULL COMMENT '籍贯',
  `politic` varchar(20) DEFAULT NULL COMMENT '政治面貌',
  `email` varchar(20) DEFAULT NULL COMMENT '邮箱',
  `phone` varchar(11) DEFAULT NULL COMMENT '电话号码',
  `address` varchar(64) DEFAULT NULL COMMENT '联系地址',
  `dept_id` bigint(20) DEFAULT NULL COMMENT '所属部门',
  `job_level_id` bigint(20) DEFAULT NULL COMMENT '职称ID',
  `post_id` bigint(20) DEFAULT NULL COMMENT '职位ID',
  `engage_form` varchar(8) DEFAULT NULL COMMENT '聘用形式',
  `tiptop_degree` char(10) DEFAULT NULL COMMENT '最高学历',
  `specialty` varchar(32) DEFAULT NULL COMMENT '所属专业',
  `school` varchar(32) DEFAULT NULL COMMENT '毕业院校',
  `begin_date` date DEFAULT NULL COMMENT '入职日期',
  `work_state` char(4) DEFAULT NULL COMMENT '在职状态',
  `work_id` char(8) DEFAULT NULL COMMENT '工号',
  `contract_term` double DEFAULT NULL COMMENT '合同期限',
  `conversion_time` date DEFAULT NULL COMMENT '转正日期',
  `not_work_date` date DEFAULT NULL COMMENT '离职日期',
  `begin_contract` date DEFAULT NULL COMMENT '合同起始日期',
  `end_contract` date DEFAULT NULL COMMENT '合同终止日期',
  `work_age` int(11) DEFAULT NULL COMMENT '工龄',
  PRIMARY KEY (`employee_id`),
  KEY `department_id_key` (`dept_id`),
  KEY `job_level_id_key` (`job_level_id`),
  KEY `post_id_key` (`post_id`),
  KEY `work_id_key` (`work_id`),
  CONSTRAINT `employee_ibfk_1` FOREIGN KEY (`dept_id`) REFERENCES `sys_dept` (`dept_id`),
  CONSTRAINT `employee_ibfk_2` FOREIGN KEY (`job_level_id`) REFERENCES `hr_job_level` (`job_level_id`),
  CONSTRAINT `employee_ibfk_3` FOREIGN KEY (`post_id`) REFERENCES `sys_post` (`post_id`)
) ENGINE=InnoDB AUTO_INCREMENT=732 DEFAULT CHARSET=utf8mb4 ROW_FORMAT=DYNAMIC COMMENT='员工表';

/*Data for the table `hr_employee` */

insert  into `hr_employee`(`employee_id`,`name`,`gender`,`birthday`,`id_card`,`wedlock`,`nation`,`native_place`,`politic`,`email`,`phone`,`address`,`dept_id`,`job_level_id`,`post_id`,`engage_form`,`tiptop_degree`,`specialty`,`school`,`begin_date`,`work_state`,`work_id`,`contract_term`,`conversion_time`,`not_work_date`,`begin_contract`,`end_contract`,`work_age`) values (1,'李test','0','1990-01-01','610122199001011256','0','汉族','陕西','党员','laowang@qq.com','18565558897','深圳市南山区',87,9,29,'0','4','信息管理与信息系统','深圳大学','2018-01-01','1','00000001',2,'2018-04-01','2020-01-01','2018-01-01','2020-01-01',2),(2,'陈静','2','1989-02-01','421288198902011234','1','汉族','海南','党员','chenjing@qq.com','18795556693','海南省海口市美兰区',91,12,29,'1','2','市场营销','武汉大学','2015-06-09','1','00000002',3,'2015-09-10',NULL,'2015-06-09','2018-06-08',2),(3,'赵琳浩','1','1993-03-04','610122199303041456','2','汉族','陕西','群众','zhao@qq.com','15698887795','陕西省西安市莲湖区',91,12,33,'1','6','电子工程','哈尔滨理工大学','2018-01-01','0','00000003',3.5,'2018-04-01',NULL,'2018-01-01','2021-07-14',3),(4,'鹿存亮','1','1990-01-03','610122199001031456','1','汉族','陕西','党员','zhao@qq.com','15612347795','陕西省西安市莲湖区',92,12,34,'1','2','电子工程','哈尔滨理工大学','2018-01-01','1','00000004',3.5,'2018-04-01',NULL,'2018-01-01','2021-07-14',3),(5,'姚森','1','1991-02-05','610122199102058952','1','汉族','河南','群众','yaosen@qq.com','14785559936','河南洛阳人民大道58号',92,15,34,'1','5','室内装修设计','西北大学','2017-01-02','1','00000005',7,'2017-04-02',NULL,'2017-01-02','2024-01-17',3),(6,'云星','2','1993-01-05','610122199301054789','1','汉族','陕西西安','党员','yunxing@qq.com','15644442252','陕西西安新城区',92,16,34,'0','5','通信工程','西安电子科技学校','2018-01-01','1','00000006',5.25,'2018-04-01',NULL,'2018-01-01','2023-04-13',2),(7,'贾旭明','1','1993-11-11','610122199311111234','1','汉族','广东广州','群众','jiaxuming@qq.com','15644441234','广东省广州市天河区冼村路',78,15,33,'0','1','通信工程','西北大学','2018-01-01','1','00000007',5.25,'2018-04-01',NULL,'2018-01-01','2023-04-13',5),(8,'张黎明','1','1991-02-01','610144199102014569','1','汉族','广东','党员','zhangliming@qq.com','18979994478','广东珠海',91,15,33,'1','2','考古','清华大学','2018-01-01','0','00000008',7,'2018-04-01',NULL,'2018-01-01','2025-01-30',3),(9,'薛磊','1','1992-07-01','610144199207017895','1','汉族','陕西西安','群众','xuelei@qq.com','15648887741','西安市雁塔区',92,14,34,'1','1','无','华胥中学','2018-01-01','1','00000009',6,'2018-04-01',NULL,'2018-01-01','2024-01-17',10),(10,'张洁','2','1990-10-09','420177199010093652','2','汉族','海南','群众','zhangjie@qq.com','13695557742','海口市美兰区',92,16,34,'1','2','无','海南侨中','2018-01-01','1','00000010',1,'2018-01-31',NULL,'2018-01-01','2019-01-01',4),(11,'江南一点雨2','1','1990-01-01','610122199001011256','1','汉族','陕西','党员','laowang@qq.com','18565558897','深圳市南山区',91,9,29,'1','4','信息管理与信息系统','深圳大学','2018-01-01','0','00000011',1,'2018-04-01',NULL,'2018-01-01','2019-01-01',1),(12,'陈静2','2','1989-02-01','421288198902011234','1','汉族','海南','党员','chenjing@qq.com','18795556693','海南省海口市美兰区',82,12,30,'1','2','市场营销','武汉大学','2015-06-09','1','00000012',3,'2015-09-10',NULL,'2015-06-09','2018-06-08',3),(13,'赵琳浩2','1','1993-03-04','610122199303041456','2','汉族','陕西','群众','zhao@qq.com','15698887795','陕西省西安市莲湖区',91,12,33,'1','6','电子工程','哈尔滨理工大学','2018-01-01','1','00000013',3.5,'2018-04-01',NULL,'2018-01-01','2021-07-14',2),(14,'鹿存亮2','1','1990-01-03','610122199001031456','1','汉族','陕西','群众','zhao@qq.com','15612347795','陕西省西安市莲湖区',92,12,34,'1','2','电子工程','哈尔滨理工大学','2018-01-01','0','00000014',3.5,'2018-04-01',NULL,'2018-01-01','2021-07-14',15),(15,'姚森2','1','1991-02-05','610122199102058952','1','汉族','河南','群众','yaosen@qq.com','14785559936','河南洛阳人民大道58号',92,15,34,'1','1','室内装修设计','西北大学','2017-01-02','0','00000015',7,'2017-04-02',NULL,'2017-01-02','2024-01-17',2),(16,'云星2','2','1993-01-05','610122199301054789','1','汉族','陕西西安','群众','yunxing@qq.com','15644442252','陕西西安新城区',92,16,34,'0','5','通信工程','西安电子科技学校','2018-01-01','1','00000016',5.25,'2018-04-01',NULL,'2018-01-01','2023-04-13',12),(17,'贾旭明2','1','1993-11-11','610122199311111234','1','汉族','广东广州','群众','jiaxuming@qq.com','15644441234','广东省广州市天河区冼村路',78,15,33,'0','1','通信工程','西北大学','2018-01-01','1','00000017',5.25,'2018-04-01',NULL,'2018-01-01','2023-04-13',21),(18,'王一亭','1','1991-02-01','610144199102014569','1','汉族','广东','群众','zhangliming@qq.com','18979994478','广东珠海',91,15,33,'1','2','考古','清华大学','2018-01-01','1','00000018',7,'2018-04-01',NULL,'2018-01-01','2025-01-30',5),(19,'薛磊2','1','1992-07-01','610144199207017895','1','汉族','陕西西安','群众','xuelei@qq.com','15648887741','西安市雁塔区',92,14,34,'1','1','无','华胥中学','2018-01-01','1','00000019',1,'2018-04-01',NULL,'2018-01-01','2019-01-01',15),(20,'张洁2','2','1990-10-09','420177199010093652','2','汉族','海南','群众','zhangjie@qq.com','13695557742','海口市美兰区',92,16,34,'1','2','无','海南侨中','2018-01-01','1','00000020',1,'2018-01-31',NULL,'2018-01-01','2019-01-01',2),(21,'江南一点雨3','1','1990-01-01','610122199001011256','1','汉族','陕西','群众','laowang@qq.com','18565558897','深圳市南山区',8,9,29,'1','4','信息管理与信息系统','深圳大学','2018-01-01','1','00000021',1,'2018-04-01',NULL,'2018-01-01','2019-01-01',5),(22,'陈静3','2','1989-02-01','421288198902011234','1','汉族','海南','群众','chenjing@qq.com','18795556693','海南省海口市美兰区',82,12,30,'1','2','市场营销','武汉大学','2015-06-09','1','00000022',3,'2015-09-10',NULL,'2015-06-09','2018-06-08',5),(24,'鹿存亮3','1','1990-01-03','610122199001031456','1','汉族','陕西','群众','zhao@qq.com','15612347795','陕西省西安市莲湖区',92,12,34,'1','2','电子工程','哈尔滨理工大学','2018-01-01','1','00000024',3.5,'2018-04-01',NULL,'2018-01-01','2021-07-14',5),(25,'姚森3','1','1991-02-05','610122199102058952','1','汉族','河南','群众','yaosen@qq.com','14785559936','河南洛阳人民大道58号',92,15,34,'1','1','室内装修设计','西北大学','2017-01-02','1','00000025',7,'2017-04-02',NULL,'2017-01-02','2024-01-17',5),(26,'云星3','2','1993-01-05','610122199301054789','1','汉族','陕西西安','群众','yunxing@qq.com','15644442252','陕西西安新城区',92,16,34,'0','5','通信工程','西安电子科技学校','2018-01-01','1','00000026',5.25,'2018-04-01',NULL,'2018-01-01','2023-04-13',5),(27,'贾旭明3','1','1993-11-11','610122199311111234','1','汉族','广东广州','群众','jiaxuming@qq.com','15644441234','广东省广州市天河区冼村路',78,15,33,'0','1','通信工程','西北大学','2018-01-01','1','00000027',5.25,'2018-04-01',NULL,'2018-01-01','2023-04-13',5),(28,'张黎明3','1','1991-02-01','610144199102014569','1','汉族','广东','群众','zhangliming@qq.com','18979994478','广东珠海',91,15,33,'1','2','考古','清华大学','2018-01-01','1','00000028',7,'2018-04-01',NULL,'2018-01-01','2025-01-30',2),(29,'薛磊3','1','1992-07-01','610144199207017895','1','汉族','陕西西安','群众','xuelei@qq.com','15648887741','西安市雁塔区',92,14,34,'1','1','无','华胥中学','2018-01-01','0','00000029',6,'2018-04-01',NULL,'2018-01-01','2024-01-17',3),(31,'江南一点雨4','1','1990-01-01','610122199001011256','1','汉族','陕西','群众','laowang@qq.com','18565558897','深圳市南山区',8,9,29,'1','4','信息管理与信息系统','深圳大学','2018-01-01','1','00000031',1,'2018-04-01',NULL,'2018-01-01','2019-01-01',1),(32,'陈静4','2','1989-02-01','421288198902011234','1','汉族','海南','群众','chenjing@qq.com','18795556693','海南省海口市美兰区',82,12,30,'1','2','市场营销','武汉大学','2015-06-09','1','00000032',3,'2015-09-10',NULL,'2015-06-09','2018-06-08',1),(33,'赵琳浩4','1','1993-03-04','610122199303041456','2','汉族','陕西','群众','zhao@qq.com','15698887795','陕西省西安市莲湖区',91,12,33,'1','6','电子工程','哈尔滨理工大学','2018-01-01','1','00000033',3.5,'2018-04-01',NULL,'2018-01-01','2021-07-14',1),(34,'鹿存亮4','1','1990-01-03','610122199001031456','1','汉族','陕西','群众','zhao@qq.com','15612347795','陕西省西安市莲湖区',92,12,34,'1','2','电子工程','哈尔滨理工大学','2018-01-01','1','00000034',3.5,'2018-04-01',NULL,'2018-01-01','2021-07-14',1),(35,'姚森4','1','1991-02-05','610122199102058952','1','汉族','河南','群众','yaosen@qq.com','14785559936','河南洛阳人民大道58号',92,15,34,'1','1','室内装修设计','西北大学','2017-01-02','0','00000035',7,'2017-04-02',NULL,'2017-01-02','2024-01-17',1),(36,'云星4','2','1993-01-05','610122199301054789','1','汉族','陕西西安','群众','yunxing@qq.com','15644442252','陕西西安新城区',92,16,34,'0','5','通信工程','西安电子科技学校','2018-01-01','1','00000036',5.25,'2018-04-01',NULL,'2018-01-01','2023-04-13',1),(37,'贾旭明4','1','1993-11-11','610122199311111234','1','汉族','广东广州','群众','jiaxuming@qq.com','15644441234','广东省广州市天河区冼村路',78,15,33,'0','1','通信工程','西北大学','2018-01-01','1','00000037',5.25,'2018-04-01',NULL,'2018-01-01','2023-04-13',1),(38,'张黎明2','1','1991-02-01','610144199102014569','1','汉族','广东','群众','zhangliming@qq.com','18979994478','广东珠海',91,15,33,'1','2','考古','清华大学','2018-01-01','1','00000038',7,'2018-04-01',NULL,'2018-01-01','2025-01-30',1),(39,'薛磊4','1','1992-07-01','610144199207017895','1','汉族','陕西西安','群众','xuelei@qq.com','15648887741','西安市雁塔区',92,14,34,'1','1','无','华胥中学','2018-01-01','1','00000039',6,'2018-04-01',NULL,'2018-01-01','2024-01-17',1),(40,'张洁4','2','1990-10-09','420177199010093652','2','汉族','海南','群众','zhangjie@qq.com','13695557742','海口市美兰区',92,16,34,'1','2','无','海南侨中','2018-01-01','1','00000040',1,'2018-01-31',NULL,'2018-01-01','2019-01-01',1),(41,'江南一点雨5','1','1990-01-01','610122199001011256','1','汉族','陕西','群众','laowang@qq.com','18565558897','深圳市南山区',8,9,29,'1','4','信息管理与信息系统','深圳大学','2018-01-01','1','00000041',1,'2018-04-01',NULL,'2018-01-01','2019-01-01',1),(42,'陈静5','2','1989-02-01','421288198902011234','1','汉族','海南','群众','chenjing@qq.com','18795556693','海南省海口市美兰区',82,12,30,'1','2','市场营销','武汉大学','2015-06-09','1','00000042',3,'2015-09-10',NULL,'2015-06-09','2018-06-08',1),(43,'赵琳浩5','1','1993-03-04','610122199303041456','2','汉族','陕西','群众','zhao@qq.com','15698887795','陕西省西安市莲湖区',91,12,33,'1','6','电子工程','哈尔滨理工大学','2018-01-01','1','00000043',3.5,'2018-04-01',NULL,'2018-01-01','2021-07-14',2),(44,'鹿存亮5','1','1990-01-03','610122199001031456','1','汉族','陕西','群众','zhao@qq.com','15612347795','陕西省西安市莲湖区',92,12,34,'1','2','电子工程','哈尔滨理工大学','2018-01-01','1','00000044',3.5,'2018-04-01',NULL,'2018-01-01','2021-07-14',3),(45,'姚森5','1','1991-02-05','610122199102058952','1','汉族','河南','群众','yaosen@qq.com','14785559936','河南洛阳人民大道58号',92,15,34,'1','1','室内装修设计','西北大学','2017-01-02','1','00000045',7,'2017-04-02',NULL,'2017-01-02','2024-01-17',3),(46,'云星5','2','1993-01-05','610122199301054789','1','汉族','陕西西安','群众','yunxing@qq.com','15644442252','陕西西安新城区',92,16,34,'0','5','通信工程','西安电子科技学校','2018-01-01','1','00000046',5.25,'2018-04-01',NULL,'2018-01-01','2023-04-13',4),(47,'贾旭明5','1','1993-11-11','610122199311111234','1','汉族','广东广州','群众','jiaxuming@qq.com','15644441234','广东省广州市天河区冼村路',78,15,33,'0','1','通信工程','西北大学','2018-01-01','1','00000047',5.25,'2018-04-01',NULL,'2018-01-01','2023-04-13',3),(48,'张黎明5','1','1991-02-01','610144199102014569','1','汉族','广东','群众','zhangliming@qq.com','18979994478','广东珠海',91,15,33,'1','2','考古','清华大学','2018-01-01','1','00000048',7,'2018-04-01',NULL,'2018-01-01','2025-01-30',2),(49,'薛磊5','1','1992-07-01','610144199207017895','1','汉族','陕西西安','群众','xuelei@qq.com','15648887741','西安市雁塔区',92,14,34,'1','1','无','华胥中学','2018-01-01','0','00000049',6,'2018-04-01',NULL,'2018-01-01','2024-01-17',4),(50,'张洁5','2','1990-10-09','420177199010093652','2','汉族','海南','群众','zhangjie@qq.com','13695557742','海口市美兰区',92,16,34,'1','2','无','海南侨中','2018-01-01','1','00000050',1,'2018-01-31',NULL,'2018-01-01','2019-01-01',3),(51,'江南一点雨6','1','1990-01-01','610122199001011256','1','汉族','陕西','群众','laowang@qq.com','18565558897','深圳市南山区',8,9,29,'1','4','信息管理与信息系统','深圳大学','2018-01-01','1','00000051',1,'2018-04-01',NULL,'2018-01-01','2019-01-01',3),(52,'陈静6','2','1989-02-01','421288198902011234','1','汉族','海南','群众','chenjing@qq.com','18795556693','海南省海口市美兰区',82,12,30,'1','2','市场营销','武汉大学','2015-06-09','0','00000052',3,'2015-09-10',NULL,'2015-06-09','2018-06-08',3),(53,'赵琳浩6','1','1993-03-04','610122199303041456','2','汉族','陕西','群众','zhao@qq.com','15698887795','陕西省西安市莲湖区',91,12,33,'1','6','电子工程','哈尔滨理工大学','2018-01-01','1','00000053',3.5,'2018-04-01',NULL,'2018-01-01','2021-07-14',3),(54,'鹿存亮6','1','1990-01-03','610122199001031456','1','汉族','陕西','群众','zhao@qq.com','15612347795','陕西省西安市莲湖区',92,12,34,'1','2','电子工程','哈尔滨理工大学','2018-01-01','0','00000054',3.5,'2018-04-01',NULL,'2018-01-01','2021-07-14',3),(55,'姚森6','1','1991-02-05','610122199102058952','1','汉族','河南','群众','yaosen@qq.com','14785559936','河南洛阳人民大道58号',92,15,34,'1','1','室内装修设计','西北大学','2017-01-02','1','00000055',7,'2017-04-02',NULL,'2017-01-02','2024-01-17',3),(56,'云星6','2','1993-01-05','610122199301054789','1','汉族','陕西西安','群众','yunxing@qq.com','15644442252','陕西西安新城区',92,16,34,'0','5','通信工程','西安电子科技学校','2018-01-01','1','00000056',5.25,'2018-04-01',NULL,'2018-01-01','2023-04-13',3),(57,'江南一点雨','1','1990-01-01','610122199001011256','1','汉族','陕西','群众','laowang@qq.com','18565558897','深圳市南山区',8,9,29,'1','4','信息管理与信息系统','深圳大学','2018-01-01','1','00000001',1,NULL,NULL,'2018-01-01','2019-01-01',3),(58,'陈静','2','1989-02-01','421288198902011234','1','汉族','海南','群众','chenjing@qq.com','18795556693','海南省海口市美兰区',82,12,30,'1','2','市场营销','武汉大学','2015-06-09','1','00000002',3,NULL,NULL,'2015-06-09','2018-06-08',3),(59,'赵琳浩','1','1993-03-04','610122199303041456','2','汉族','陕西','群众','zhao@qq.com','15698887795','陕西省西安市莲湖区',91,12,33,'1','6','电子工程','哈尔滨理工大学','2018-01-01','1','00000003',3.5,NULL,NULL,'2018-01-01','2021-07-14',3),(60,'鹿存亮','1','1990-01-03','610122199001031456','1','汉族','陕西','群众','zhao@qq.com','15612347795','陕西省西安市莲湖区',92,12,34,'1','2','电子工程','哈尔滨理工大学','2018-01-01','0','00000004',3.5,NULL,NULL,'2018-01-01','2021-07-14',3),(61,'姚森','1','1991-02-05','610122199102058952','1','汉族','河南','群众','yaosen@qq.com','14785559936','河南洛阳人民大道58号',92,15,34,'1','1','室内装修设计','西北大学','2017-01-02','1','00000005',7,NULL,NULL,'2017-01-02','2024-01-17',NULL),(62,'贾旭明','1','1993-11-11','610122199311111234','1','汉族','广东广州','群众','jiaxuming@qq.com','15644441234','广东省广州市天河区冼村路',78,15,33,'0','1','通信工程','西北大学','2018-01-01','1','00000007',5.25,NULL,NULL,'2018-01-01','2023-04-13',NULL),(63,'张黎明','1','1991-02-01','610144199102014569','1','汉族','广东','群众','zhangliming@qq.com','18979994478','广东珠海',91,15,33,'1','2','考古','清华大学','2018-01-01','0','00000008',7,NULL,NULL,'2018-01-01','2025-01-30',NULL),(64,'薛磊','1','1992-07-01','610144199207017895','1','汉族','陕西西安','群众','xuelei@qq.com','15648887741','西安市雁塔区',92,14,34,'1','1','无','华胥中学','2018-01-01','1','00000009',6,NULL,NULL,'2018-01-01','2024-01-17',NULL),(65,'张洁','2','1990-10-09','420177199010093652','2','汉族','海南','群众','zhangjie@qq.com','13695557742','海口市美兰区',92,16,34,'1','2','无','海南侨中','2018-01-01','1','00000010',1,NULL,NULL,'2018-01-01','2019-01-01',NULL),(66,'江南一点雨2','1','1990-01-01','610122199001011256','1','汉族','陕西','群众','laowang@qq.com','18565558897','深圳市南山区',8,9,29,'1','4','信息管理与信息系统','深圳大学','2018-01-01','0','00000011',1,NULL,NULL,'2018-01-01','2019-01-01',NULL),(67,'陈静2','2','1989-02-01','421288198902011234','1','汉族','海南','群众','chenjing@qq.com','18795556693','海南省海口市美兰区',82,12,30,'1','2','市场营销','武汉大学','2015-06-09','1','00000012',3,NULL,NULL,'2015-06-09','2018-06-08',NULL),(68,'赵琳浩2','1','1993-03-04','610122199303041456','2','汉族','陕西','群众','zhao@qq.com','15698887795','陕西省西安市莲湖区',91,12,33,'1','6','电子工程','哈尔滨理工大学','2018-01-01','0','00000013',3.5,NULL,NULL,'2018-01-01','2021-07-14',NULL),(69,'鹿存亮2','1','1990-01-03','610122199001031456','1','汉族','陕西','群众','zhao@qq.com','15612347795','陕西省西安市莲湖区',92,12,34,'1','2','电子工程','哈尔滨理工大学','2018-01-01','1','00000014',3.5,NULL,NULL,'2018-01-01','2021-07-14',NULL),(70,'姚森2','1','1991-02-05','610122199102058952','1','汉族','河南','群众','yaosen@qq.com','14785559936','河南洛阳人民大道58号',92,15,34,'1','1','室内装修设计','西北大学','2017-01-02','1','00000015',7,NULL,NULL,'2017-01-02','2024-01-17',NULL),(71,'云星2','2','1993-01-05','610122199301054789','1','汉族','陕西西安','群众','yunxing@qq.com','15644442252','陕西西安新城区',92,16,34,'0','5','通信工程','西安电子科技学校','2018-01-01','1','00000016',5.25,NULL,NULL,'2018-01-01','2023-04-13',NULL),(72,'贾旭明2','1','1993-11-11','610122199311111234','1','汉族','广东广州','群众','jiaxuming@qq.com','15644441234','广东省广州市天河区冼村路',78,15,33,'0','1','通信工程','西北大学','2018-01-01','1','00000017',5.25,NULL,NULL,'2018-01-01','2023-04-13',NULL),(73,'王一亭','1','1991-02-01','610144199102014569','1','汉族','广东','群众','zhangliming@qq.com','18979994478','广东珠海',91,15,33,'1','2','考古','清华大学','2018-01-01','1','00000018',7,NULL,NULL,'2018-01-01','2025-01-30',NULL),(74,'薛磊2','1','1992-07-01','610144199207017895','1','汉族','陕西西安','群众','xuelei@qq.com','15648887741','西安市雁塔区',92,14,34,'1','1','无','华胥中学','2018-01-01','1','00000019',1,NULL,NULL,'2018-01-01','2019-01-01',NULL),(75,'张洁2','2','1990-10-09','420177199010093652','2','汉族','海南','群众','zhangjie@qq.com','13695557742','海口市美兰区',92,16,34,'1','2','无','海南侨中','2018-01-01','1','00000020',1,NULL,NULL,'2018-01-01','2019-01-01',NULL),(76,'江南一点雨3','1','1990-01-01','610122199001011256','1','汉族','陕西','群众','laowang@qq.com','18565558897','深圳市南山区',8,9,29,'1','4','信息管理与信息系统','深圳大学','2018-01-01','1','00000021',1,NULL,NULL,'2018-01-01','2019-01-01',NULL),(77,'陈静3','2','1989-02-01','421288198902011234','1','汉族','海南','群众','chenjing@qq.com','18795556693','海南省海口市美兰区',82,12,30,'1','2','市场营销','武汉大学','2015-06-09','1','00000022',3,NULL,NULL,'2015-06-09','2018-06-08',NULL),(78,'鹿存亮3','1','1990-01-03','610122199001031456','1','汉族','陕西','群众','zhao@qq.com','15612347795','陕西省西安市莲湖区',92,12,34,'1','2','电子工程','哈尔滨理工大学','2018-01-01','0','00000024',3.5,NULL,NULL,'2018-01-01','2021-07-14',NULL),(79,'姚森3','1','1991-02-05','610122199102058952','1','汉族','河南','群众','yaosen@qq.com','14785559936','河南洛阳人民大道58号',92,15,34,'1','1','室内装修设计','西北大学','2017-01-02','1','00000025',7,NULL,NULL,'2017-01-02','2024-01-17',NULL),(90,'云星3','2','1993-01-05','610122199301054789','1','汉族','陕西西安','群众','yunxing@qq.com','15644442252','陕西西安新城区',92,16,34,'0','5','通信工程','西安电子科技学校','2018-01-01','0','00000026',5.25,NULL,NULL,'2018-01-01','2023-04-13',NULL),(91,'贾旭明3','1','1993-11-11','610122199311111234','1','汉族','广东广州','群众','jiaxuming@qq.com','15644441234','广东省广州市天河区冼村路',78,15,33,'0','1','通信工程','西北大学','2018-01-01','0','00000027',5.25,NULL,NULL,'2018-01-01','2023-04-13',NULL),(92,'张黎明3','1','1991-02-01','610144199102014569','1','汉族','广东','群众','zhangliming@qq.com','18979994478','广东珠海',91,15,33,'1','2','考古','清华大学','2018-01-01','1','00000028',7,NULL,NULL,'2018-01-01','2025-01-30',NULL),(93,'薛磊3','1','1992-07-01','610144199207017895','1','汉族','陕西西安','群众','xuelei@qq.com','15648887741','西安市雁塔区',92,14,34,'1','1','无','华胥中学','2018-01-01','1','00000029',6,NULL,NULL,'2018-01-01','2024-01-17',NULL),(94,'江南一点雨4','1','1990-01-01','610122199001011256','1','汉族','陕西','群众','laowang@qq.com','18565558897','深圳市南山区',8,9,29,'1','4','信息管理与信息系统','深圳大学','2018-01-01','0','00000031',1,NULL,NULL,'2018-01-01','2019-01-01',NULL),(95,'陈静4','2','1989-02-01','421288198902011234','1','汉族','海南','群众','chenjing@qq.com','18795556693','海南省海口市美兰区',82,12,30,'1','2','市场营销','武汉大学','2015-06-09','1','00000032',3,NULL,NULL,'2015-06-09','2018-06-08',NULL),(96,'赵琳浩4','1','1993-03-04','610122199303041456','2','汉族','陕西','群众','zhao@qq.com','15698887795','陕西省西安市莲湖区',91,12,33,'1','6','电子工程','哈尔滨理工大学','2018-01-01','1','00000033',3.5,NULL,NULL,'2018-01-01','2021-07-14',NULL),(97,'鹿存亮4','1','1990-01-03','610122199001031456','1','汉族','陕西','群众','zhao@qq.com','15612347795','陕西省西安市莲湖区',92,12,34,'1','2','电子工程','哈尔滨理工大学','2018-01-01','1','00000034',3.5,NULL,NULL,'2018-01-01','2021-07-14',NULL),(98,'姚森4','1','1991-02-05','610122199102058952','1','汉族','河南','群众','yaosen@qq.com','14785559936','河南洛阳人民大道58号',92,15,34,'1','1','室内装修设计','西北大学','2017-01-02','1','00000035',7,NULL,NULL,'2017-01-02','2024-01-17',NULL),(99,'云星4','2','1993-01-05','610122199301054789','1','汉族','陕西西安','群众','yunxing@qq.com','15644442252','陕西西安新城区',92,16,34,'0','5','通信工程','西安电子科技学校','2018-01-01','1','00000036',5.25,NULL,NULL,'2018-01-01','2023-04-13',NULL),(100,'贾旭明4','1','1993-11-11','610122199311111234','1','汉族','广东广州','群众','jiaxuming@qq.com','15644441234','广东省广州市天河区冼村路',78,15,33,'0','1','通信工程','西北大学','2018-01-01','1','00000037',5.25,NULL,NULL,'2018-01-01','2023-04-13',NULL),(101,'谢工','1','1970-01-01','618177197001011234','0','汉族','江苏','群众','584991843@qq.com','18558887788','北京',91,12,29,'1','4','计算机软件','南华大学','2018-01-01','1','00000038',5,'2019-01-01',NULL,'2018-01-01','2023-01-01',NULL),(102,'林昭亮','1','1990-01-01','610122199809091234','1','汉族','广东','群众','584991843@qq.com','16767776654','广东深圳',91,15,33,'1','3','计算机软件','广东职业技术学院','2018-01-01','1','00000039',5,'2018-04-01',NULL,'2018-01-01','2023-01-01',NULL),(103,'11','1','2018-01-01','610122201801011234','1','汉族','1','群众','584991843@qq.com','111','1',89,9,29,'1','4','1','1','2018-01-01','1','00000040',4,'2018-04-01',NULL,'2018-01-01','2022-01-26',NULL),(104,'1','1','2018-01-01','610188199809091234','1','汉族','1','群众','584991843@qq.com','1','1',89,9,29,'1','3','1','1','2018-01-31','1','00000041',1,'2018-01-31',NULL,'2018-01-31','2019-01-31',NULL),(105,'1','1','2018-01-01','610122199909090000','1','汉族','1','群众','584991843@qq.com','1','1',78,9,29,'1','3','1','1','2018-01-31','1','00000042',1,'2018-01-31',NULL,'2018-01-31','2019-01-31',NULL),(106,'1','1','2018-01-01','610122199909090000','1','汉族','1','群众','584991843@qq.com','1','1',81,9,29,'1','3','1','1','2018-01-31','1','00000043',0,'2018-01-31',NULL,'2018-01-31','2018-01-31',NULL),(107,'1','1','2018-01-01','610122199909099999','1','汉族','1','群众','584991843@qq.com','1','1',87,9,29,'1','3','1','1','2018-01-01','1','00000044',0,'2018-01-01',NULL,'2018-01-01','2018-01-31',NULL),(108,'1','1','2018-01-01','610122199909099999','1','汉族','1','群众','584991843@qq.com','1','1',78,9,29,'1','3','1','1','2018-01-01','1','00000045',0,'2018-01-01',NULL,'2018-01-01','2018-01-31',NULL),(109,'林伯渠','1','2018-01-01','610122199909099999','2','汉族','1','群众','584991843@qq.com','1','1',8,9,29,'1','3','1','1','2018-01-31','1','00000046',0,'2018-01-31',NULL,'2018-01-31','2018-01-31',NULL),(110,'1','1','2018-01-01','610122199909091234','1','汉族','1','群众','584991843@qq.com','1','1',8,9,29,'1','3','1','1','2018-01-31','1','00000047',0,'2018-01-31',NULL,'2018-01-31','2018-01-31',NULL),(111,'江南一点雨','1','1990-01-01','610122199001011256','1','汉族','陕西','群众','laowang@qq.com','18565558897','深圳市南山区',5,9,29,'0','4','信息管理与信息系统','深圳大学','2018-01-01','1','00000001',2,NULL,NULL,'2018-01-01','2020-01-01',NULL),(112,'陈静','2','1989-02-01','421288198902011234','1','汉族','海南','群众','chenjing@qq.com','18795556693','海南省海口市美兰区',8,12,30,'1','2','市场营销','武汉大学','2015-06-09','1','00000002',3,NULL,NULL,'2015-06-09','2018-06-08',NULL),(113,'赵琳浩','1','1993-03-04','610122199303041456','2','汉族','陕西','群众','zhao@qq.com','15698887795','陕西省西安市莲湖区',91,12,33,'1','6','电子工程','哈尔滨理工大学','2018-01-01','1','00000003',3.5,NULL,NULL,'2018-01-01','2021-07-14',NULL),(114,'鹿存亮','1','1990-01-03','610122199001031456','1','汉族','陕西','群众','zhao@qq.com','15612347795','陕西省西安市莲湖区',92,12,34,'1','2','电子工程','哈尔滨理工大学','2018-01-01','1','00000004',3.5,NULL,NULL,'2018-01-01','2021-07-14',NULL),(115,'姚森','1','1991-02-05','610122199102058952','1','汉族','河南','群众','yaosen@qq.com','14785559936','河南洛阳人民大道58号',92,15,34,'1','5','室内装修设计','西北大学','2017-01-02','1','00000005',7,NULL,NULL,'2017-01-02','2024-01-17',NULL),(116,'云星','2','1993-01-05','610122199301054789','1','汉族','陕西西安','群众','yunxing@qq.com','15644442252','陕西西安新城区',92,16,34,'0','5','通信工程','西安电子科技学校','2018-01-01','1','00000006',5.25,NULL,NULL,'2018-01-01','2023-04-13',NULL),(117,'贾旭明','1','1993-11-11','610122199311111234','1','汉族','广东广州','群众','jiaxuming@qq.com','15644441234','广东省广州市天河区冼村路',78,15,33,'0','1','通信工程','西北大学','2018-01-01','1','00000007',5.25,NULL,NULL,'2018-01-01','2023-04-13',NULL),(118,'张黎明','1','1991-02-01','610144199102014569','1','汉族','广东','群众','zhangliming@qq.com','18979994478','广东珠海',91,15,33,'1','2','考古','清华大学','2018-01-01','1','00000008',7,NULL,NULL,'2018-01-01','2025-01-30',NULL),(119,'薛磊','1','1992-07-01','610144199207017895','1','汉族','陕西西安','群众','xuelei@qq.com','15648887741','西安市雁塔区',92,14,34,'1','1','无','华胥中学','2018-01-01','1','00000009',6,NULL,NULL,'2018-01-01','2024-01-17',NULL),(120,'张洁','2','1990-10-09','420177199010093652','2','汉族','海南','群众','zhangjie@qq.com','13695557742','海口市美兰区',92,16,34,'1','2','无','海南侨中','2018-01-01','1','00000010',1,NULL,NULL,'2018-01-01','2019-01-01',NULL),(121,'江南一点雨2','1','1990-01-01','610122199001011256','1','汉族','陕西','群众','laowang@qq.com','18565558897','深圳市南山区',91,9,29,'1','4','信息管理与信息系统','深圳大学','2018-01-01','1','00000011',1,NULL,NULL,'2018-01-01','2019-01-01',NULL),(122,'陈静2','2','1989-02-01','421288198902011234','1','汉族','海南','群众','chenjing@qq.com','18795556693','海南省海口市美兰区',82,12,30,'1','2','市场营销','武汉大学','2015-06-09','1','00000012',3,NULL,NULL,'2015-06-09','2018-06-08',NULL),(123,'赵琳浩2','1','1993-03-04','610122199303041456','2','汉族','陕西','群众','zhao@qq.com','15698887795','陕西省西安市莲湖区',91,12,33,'1','6','电子工程','哈尔滨理工大学','2018-01-01','1','00000013',3.5,NULL,NULL,'2018-01-01','2021-07-14',NULL),(124,'鹿存亮2','1','1990-01-03','610122199001031456','1','汉族','陕西','群众','zhao@qq.com','15612347795','陕西省西安市莲湖区',92,12,34,'1','2','电子工程','哈尔滨理工大学','2018-01-01','1','00000014',3.5,NULL,NULL,'2018-01-01','2021-07-14',NULL),(125,'姚森2','1','1991-02-05','610122199102058952','1','汉族','河南','群众','yaosen@qq.com','14785559936','河南洛阳人民大道58号',92,15,34,'1','1','室内装修设计','西北大学','2017-01-02','1','00000015',7,NULL,NULL,'2017-01-02','2024-01-17',NULL),(126,'云星2','2','1993-01-05','610122199301054789','1','汉族','陕西西安','群众','yunxing@qq.com','15644442252','陕西西安新城区',92,16,34,'0','5','通信工程','西安电子科技学校','2018-01-01','1','00000016',5.25,NULL,NULL,'2018-01-01','2023-04-13',NULL),(127,'贾旭明2','1','1993-11-11','610122199311111234','1','汉族','广东广州','群众','jiaxuming@qq.com','15644441234','广东省广州市天河区冼村路',78,15,33,'0','1','通信工程','西北大学','2018-01-01','1','00000017',5.25,NULL,NULL,'2018-01-01','2023-04-13',NULL),(128,'王一亭','1','1991-02-01','610144199102014569','1','汉族','广东','群众','zhangliming@qq.com','18979994478','广东珠海',91,15,33,'1','2','考古','清华大学','2018-01-01','1','00000018',7,NULL,NULL,'2018-01-01','2025-01-30',NULL),(129,'薛磊2','1','1992-07-01','610144199207017895','1','汉族','陕西西安','群众','xuelei@qq.com','15648887741','西安市雁塔区',92,14,34,'1','1','无','华胥中学','2018-01-01','1','00000019',1,NULL,NULL,'2018-01-01','2019-01-01',NULL),(130,'张洁2','2','1990-10-09','420177199010093652','2','汉族','海南','群众','zhangjie@qq.com','13695557742','海口市美兰区',92,16,34,'1','2','无','海南侨中','2018-01-01','1','00000020',1,NULL,NULL,'2018-01-01','2019-01-01',NULL),(131,'江南一点雨3','1','1990-01-01','610122199001011256','1','汉族','陕西','群众','laowang@qq.com','18565558897','深圳市南山区',8,9,29,'1','4','信息管理与信息系统','深圳大学','2018-01-01','1','00000021',1,NULL,NULL,'2018-01-01','2019-01-01',NULL),(132,'陈静3','2','1989-02-01','421288198902011234','1','汉族','海南','群众','chenjing@qq.com','18795556693','海南省海口市美兰区',82,12,30,'1','2','市场营销','武汉大学','2015-06-09','1','00000022',3,NULL,NULL,'2015-06-09','2018-06-08',NULL),(133,'鹿存亮3','1','1990-01-03','610122199001031456','1','汉族','陕西','群众','zhao@qq.com','15612347795','陕西省西安市莲湖区',92,12,34,'1','2','电子工程','哈尔滨理工大学','2018-01-01','1','00000024',3.5,NULL,NULL,'2018-01-01','2021-07-14',NULL),(134,'姚森3','1','1991-02-05','610122199102058952','1','汉族','河南','群众','yaosen@qq.com','14785559936','河南洛阳人民大道58号',92,15,34,'1','1','室内装修设计','西北大学','2017-01-02','1','00000025',7,NULL,NULL,'2017-01-02','2024-01-17',NULL),(135,'云星3','2','1993-01-05','610122199301054789','1','汉族','陕西西安','群众','yunxing@qq.com','15644442252','陕西西安新城区',92,16,34,'0','5','通信工程','西安电子科技学校','2018-01-01','1','00000026',5.25,NULL,NULL,'2018-01-01','2023-04-13',NULL),(136,'贾旭明3','1','1993-11-11','610122199311111234','1','汉族','广东广州','群众','jiaxuming@qq.com','15644441234','广东省广州市天河区冼村路',78,15,33,'0','1','通信工程','西北大学','2018-01-01','1','00000027',5.25,NULL,NULL,'2018-01-01','2023-04-13',NULL),(137,'张黎明3','1','1991-02-01','610144199102014569','1','汉族','广东','群众','zhangliming@qq.com','18979994478','广东珠海',91,15,33,'1','2','考古','清华大学','2018-01-01','1','00000028',7,NULL,NULL,'2018-01-01','2025-01-30',NULL),(138,'薛磊3','1','1992-07-01','610144199207017895','1','汉族','陕西西安','群众','xuelei@qq.com','15648887741','西安市雁塔区',92,14,34,'1','1','无','华胥中学','2018-01-01','1','00000029',6,NULL,NULL,'2018-01-01','2024-01-17',NULL),(139,'江南一点雨4','1','1990-01-01','610122199001011256','1','汉族','陕西','群众','laowang@qq.com','18565558897','深圳市南山区',8,9,29,'1','4','信息管理与信息系统','深圳大学','2018-01-01','1','00000031',1,NULL,NULL,'2018-01-01','2019-01-01',NULL),(140,'陈静4','2','1989-02-01','421288198902011234','1','汉族','海南','群众','chenjing@qq.com','18795556693','海南省海口市美兰区',82,12,30,'1','2','市场营销','武汉大学','2015-06-09','1','00000032',3,NULL,NULL,'2015-06-09','2018-06-08',NULL),(141,'赵琳浩4','1','1993-03-04','610122199303041456','2','汉族','陕西','群众','zhao@qq.com','15698887795','陕西省西安市莲湖区',91,12,33,'1','6','电子工程','哈尔滨理工大学','2018-01-01','1','00000033',3.5,NULL,NULL,'2018-01-01','2021-07-14',NULL),(142,'鹿存亮4','1','1990-01-03','610122199001031456','1','汉族','陕西','群众','zhao@qq.com','15612347795','陕西省西安市莲湖区',92,12,34,'1','2','电子工程','哈尔滨理工大学','2018-01-01','1','00000034',3.5,NULL,NULL,'2018-01-01','2021-07-14',NULL),(143,'姚森4','1','1991-02-05','610122199102058952','1','汉族','河南','群众','yaosen@qq.com','14785559936','河南洛阳人民大道58号',92,15,34,'1','1','室内装修设计','西北大学','2017-01-02','1','00000035',7,NULL,NULL,'2017-01-02','2024-01-17',NULL),(144,'云星4','2','1993-01-05','610122199301054789','1','汉族','陕西西安','群众','yunxing@qq.com','15644442252','陕西西安新城区',92,16,34,'0','5','通信工程','西安电子科技学校','2018-01-01','1','00000036',5.25,NULL,NULL,'2018-01-01','2023-04-13',NULL),(145,'贾旭明4','1','1993-11-11','610122199311111234','1','汉族','广东广州','群众','jiaxuming@qq.com','15644441234','广东省广州市天河区冼村路',78,15,33,'0','1','通信工程','西北大学','2018-01-01','1','00000037',5.25,NULL,NULL,'2018-01-01','2023-04-13',NULL),(146,'张黎明2','1','1991-02-01','610144199102014569','1','汉族','广东','群众','zhangliming@qq.com','18979994478','广东珠海',91,15,33,'1','2','考古','清华大学','2018-01-01','1','00000038',7,NULL,NULL,'2018-01-01','2025-01-30',NULL),(147,'薛磊4','1','1992-07-01','610144199207017895','1','汉族','陕西西安','群众','xuelei@qq.com','15648887741','西安市雁塔区',92,14,34,'1','1','无','华胥中学','2018-01-01','1','00000039',6,NULL,NULL,'2018-01-01','2024-01-17',NULL),(148,'张洁4','2','1990-10-09','420177199010093652','2','汉族','海南','群众','zhangjie@qq.com','13695557742','海口市美兰区',92,16,34,'1','2','无','海南侨中','2018-01-01','1','00000040',1,NULL,NULL,'2018-01-01','2019-01-01',NULL),(149,'江南一点雨5','1','1990-01-01','610122199001011256','1','汉族','陕西','群众','laowang@qq.com','18565558897','深圳市南山区',8,9,29,'1','4','信息管理与信息系统','深圳大学','2018-01-01','1','00000041',1,NULL,NULL,'2018-01-01','2019-01-01',NULL),(150,'陈静5','2','1989-02-01','421288198902011234','1','汉族','海南','党员','chenjing@qq.com','18795556693','海南省海口市美兰区',82,12,30,'1','2','市场营销','武汉大学','2015-06-09','1','00000042',3,NULL,NULL,'2015-06-09','2018-06-08',NULL),(151,'赵琳浩5','1','1993-03-04','610122199303041456','2','汉族','陕西','群众','zhao@qq.com','15698887795','陕西省西安市莲湖区',91,12,33,'1','6','电子工程','哈尔滨理工大学','2018-01-01','1','00000043',3.5,NULL,NULL,'2018-01-01','2021-07-14',NULL),(152,'鹿存亮5','1','1990-01-03','610122199001031456','1','汉族','陕西','群众','zhao@qq.com','15612347795','陕西省西安市莲湖区',92,12,34,'1','2','电子工程','哈尔滨理工大学','2018-01-01','1','00000044',3.5,NULL,NULL,'2018-01-01','2021-07-14',NULL),(153,'姚森5','1','1991-02-05','610122199102058952','1','汉族','河南','群众','yaosen@qq.com','14785559936','河南洛阳人民大道58号',92,15,34,'1','1','室内装修设计','西北大学','2017-01-02','1','00000045',7,NULL,NULL,'2017-01-02','2024-01-17',NULL),(154,'云星5','2','1993-01-05','610122199301054789','1','汉族','陕西西安','群众','yunxing@qq.com','15644442252','陕西西安新城区',92,16,34,'0','5','通信工程','西安电子科技学校','2018-01-01','1','00000046',5.25,NULL,NULL,'2018-01-01','2023-04-13',NULL),(155,'贾旭明5','1','1993-11-11','610122199311111234','1','汉族','广东广州','党员','jiaxuming@qq.com','15644441234','广东省广州市天河区冼村路',78,15,33,'0','1','通信工程','西北大学','2018-01-01','1','00000047',5.25,NULL,NULL,'2018-01-01','2023-04-13',NULL),(156,'张黎明5','1','1991-02-01','610144199102014569','1','汉族','广东','群众','zhangliming@qq.com','18979994478','广东珠海',91,15,33,'1','2','考古','清华大学','2018-01-01','1','00000048',7,NULL,NULL,'2018-01-01','2025-01-30',NULL),(157,'薛磊5','1','1992-07-01','610144199207017895','1','汉族','陕西西安','群众','xuelei@qq.com','15648887741','西安市雁塔区',92,14,34,'1','1','无','华胥中学','2018-01-01','1','00000049',6,NULL,NULL,'2018-01-01','2024-01-17',NULL),(158,'张洁5','2','1990-10-09','420177199010093652','2','汉族','海南','党员','zhangjie@qq.com','13695557742','海口市美兰区',92,16,34,'1','2','无','海南侨中','2018-01-01','1','00000050',1,NULL,NULL,'2018-01-01','2019-01-01',NULL),(159,'江南一点雨6','1','1990-01-01','610122199001011256','1','汉族','陕西','群众','laowang@qq.com','18565558897','深圳市南山区',8,9,29,'1','4','信息管理与信息系统','深圳大学','2018-01-01','1','00000051',1,NULL,NULL,'2018-01-01','2019-01-01',NULL),(160,'陈静6','2','1989-02-01','421288198902011234','1','汉族','海南','党员','chenjing@qq.com','18795556693','海南省海口市美兰区',82,12,30,'1','2','市场营销','武汉大学','2015-06-09','1','00000052',3,NULL,NULL,'2015-06-09','2018-06-08',NULL),(161,'赵琳浩6','1','1993-03-04','610122199303041456','2','汉族','陕西','群众','zhao@qq.com','15698887795','陕西省西安市莲湖区',91,12,33,'1','6','电子工程','哈尔滨理工大学','2018-01-01','1','00000053',3.5,NULL,NULL,'2018-01-01','2021-07-14',NULL),(162,'鹿存亮6','1','1990-01-03','610122199001031456','1','汉族','陕西','群众','zhao@qq.com','15612347795','陕西省西安市莲湖区',92,12,34,'1','2','电子工程','哈尔滨理工大学','2018-01-01','1','00000054',3.5,NULL,NULL,'2018-01-01','2021-07-14',NULL),(163,'姚森6','1','1991-02-05','610122199102058952','1','汉族','河南','群众','yaosen@qq.com','14785559936','河南洛阳人民大道58号',92,15,34,'1','1','室内装修设计','西北大学','2017-01-02','1','00000055',7,NULL,NULL,'2017-01-02','2024-01-17',NULL),(164,'云星6','2','1993-01-05','610122199301054789','1','汉族','陕西西安','群众','yunxing@qq.com','15644442252','陕西西安新城区',92,16,34,'0','5','通信工程','西安电子科技学校','2018-01-01','1','00000056',5.25,NULL,NULL,'2018-01-01','2023-04-13',NULL),(165,'江南一点雨','1','1990-01-01','610122199001011256','1','汉族','陕西','党员','laowang@qq.com','18565558897','深圳市南山区',8,9,29,'1','4','信息管理与信息系统','深圳大学','2018-01-01','1','00000001',1,NULL,NULL,'2018-01-01','2019-01-01',NULL),(166,'陈静','2','1989-02-01','421288198902011234','1','汉族','海南','群众','chenjing@qq.com','18795556693','海南省海口市美兰区',82,12,30,'1','2','市场营销','武汉大学','2015-06-09','1','00000002',3,NULL,NULL,'2015-06-09','2018-06-08',NULL),(167,'赵琳浩','1','1993-03-04','610122199303041456','2','汉族','陕西','党员','zhao@qq.com','15698887795','陕西省西安市莲湖区',91,12,33,'1','6','电子工程','哈尔滨理工大学','2018-01-01','1','00000003',3.5,NULL,NULL,'2018-01-01','2021-07-14',NULL),(168,'鹿存亮','1','1990-01-03','610122199001031456','1','汉族','陕西','党员','zhao@qq.com','15612347795','陕西省西安市莲湖区',92,12,34,'1','2','电子工程','哈尔滨理工大学','2018-01-01','1','00000004',3.5,NULL,NULL,'2018-01-01','2021-07-14',NULL),(169,'姚森','1','1991-02-05','610122199102058952','1','汉族','河南','群众','yaosen@qq.com','14785559936','河南洛阳人民大道58号',92,15,34,'1','1','室内装修设计','西北大学','2017-01-02','1','00000005',7,NULL,NULL,'2017-01-02','2024-01-17',NULL),(170,'贾旭明','1','1993-11-11','610122199311111234','1','汉族','广东广州','党员','jiaxuming@qq.com','15644441234','广东省广州市天河区冼村路',78,15,33,'0','1','通信工程','西北大学','2018-01-01','1','00000007',5.25,NULL,NULL,'2018-01-01','2023-04-13',NULL),(171,'张黎明','1','1991-02-01','610144199102014569','1','汉族','广东','群众','zhangliming@qq.com','18979994478','广东珠海',91,15,33,'1','2','考古','清华大学','2018-01-01','1','00000008',7,NULL,NULL,'2018-01-01','2025-01-30',NULL),(172,'薛磊','1','1992-07-01','610144199207017895','1','汉族','陕西西安','群众','xuelei@qq.com','15648887741','西安市雁塔区',92,14,34,'1','1','无','华胥中学','2018-01-01','1','00000009',6,NULL,NULL,'2018-01-01','2024-01-17',NULL),(173,'张洁','2','1990-10-09','420177199010093652','2','汉族','海南','党员','zhangjie@qq.com','13695557742','海口市美兰区',92,16,34,'1','2','无','海南侨中','2018-01-01','1','00000010',1,NULL,NULL,'2018-01-01','2019-01-01',NULL),(174,'江南一点雨2','1','1990-01-01','610122199001011256','1','汉族','陕西','群众','laowang@qq.com','18565558897','深圳市南山区',8,9,29,'1','4','信息管理与信息系统','深圳大学','2018-01-01','1','00000011',1,NULL,NULL,'2018-01-01','2019-01-01',NULL),(175,'陈静2','2','1989-02-01','421288198902011234','1','汉族','海南','党员','chenjing@qq.com','18795556693','海南省海口市美兰区',82,12,30,'1','2','市场营销','武汉大学','2015-06-09','1','00000012',3,NULL,NULL,'2015-06-09','2018-06-08',NULL),(176,'赵琳浩2','1','1993-03-04','610122199303041456','2','汉族','陕西','党员','zhao@qq.com','15698887795','陕西省西安市莲湖区',91,12,33,'1','6','电子工程','哈尔滨理工大学','2018-01-01','1','00000013',3.5,NULL,NULL,'2018-01-01','2021-07-14',NULL),(177,'鹿存亮2','1','1990-01-03','610122199001031456','1','汉族','陕西','群众','zhao@qq.com','15612347795','陕西省西安市莲湖区',92,12,34,'1','2','电子工程','哈尔滨理工大学','2018-01-01','1','00000014',3.5,NULL,NULL,'2018-01-01','2021-07-14',NULL),(178,'姚森2','1','1991-02-05','610122199102058952','1','汉族','河南','党员','yaosen@qq.com','14785559936','河南洛阳人民大道58号',92,15,34,'1','1','室内装修设计','西北大学','2017-01-02','1','00000015',7,NULL,NULL,'2017-01-02','2024-01-17',NULL),(179,'云星2','2','1993-01-05','610122199301054789','1','汉族','陕西西安','群众','yunxing@qq.com','15644442252','陕西西安新城区',92,16,34,'0','5','通信工程','西安电子科技学校','2018-01-01','1','00000016',5.25,NULL,NULL,'2018-01-01','2023-04-13',NULL),(180,'贾旭明2','1','1993-11-11','610122199311111234','1','汉族','广东广州','群众','jiaxuming@qq.com','15644441234','广东省广州市天河区冼村路',78,15,33,'0','1','通信工程','西北大学','2018-01-01','1','00000017',5.25,NULL,NULL,'2018-01-01','2023-04-13',NULL),(181,'王一亭','1','1991-02-01','610144199102014569','1','汉族','广东','群众','zhangliming@qq.com','18979994478','广东珠海',91,15,33,'1','2','考古','清华大学','2018-01-01','1','00000018',7,NULL,NULL,'2018-01-01','2025-01-30',NULL),(182,'薛磊2','1','1992-07-01','610144199207017895','1','汉族','陕西西安','群众','xuelei@qq.com','15648887741','西安市雁塔区',92,14,34,'1','1','无','华胥中学','2018-01-01','1','00000019',1,NULL,NULL,'2018-01-01','2019-01-01',NULL),(183,'张洁2','2','1990-10-09','420177199010093652','2','汉族','海南','群众','zhangjie@qq.com','13695557742','海口市美兰区',92,16,34,'1','2','无','海南侨中','2018-01-01','1','00000020',1,NULL,NULL,'2018-01-01','2019-01-01',NULL),(184,'江南一点雨3','1','1990-01-01','610122199001011256','1','汉族','陕西','群众','laowang@qq.com','18565558897','深圳市南山区',8,9,29,'1','4','信息管理与信息系统','深圳大学','2018-01-01','1','00000021',1,NULL,NULL,'2018-01-01','2019-01-01',NULL),(185,'陈静3','2','1989-02-01','421288198902011234','1','汉族','海南','群众','chenjing@qq.com','18795556693','海南省海口市美兰区',82,12,30,'1','2','市场营销','武汉大学','2015-06-09','1','00000022',3,NULL,NULL,'2015-06-09','2018-06-08',NULL),(186,'鹿存亮3','1','1990-01-03','610122199001031456','1','汉族','陕西','群众','zhao@qq.com','15612347795','陕西省西安市莲湖区',92,12,34,'1','2','电子工程','哈尔滨理工大学','2018-01-01','1','00000024',3.5,NULL,NULL,'2018-01-01','2021-07-14',NULL),(187,'姚森3','1','1991-02-05','610122199102058952','1','汉族','河南','群众','yaosen@qq.com','14785559936','河南洛阳人民大道58号',92,15,34,'1','1','室内装修设计','西北大学','2017-01-02','1','00000025',7,NULL,NULL,'2017-01-02','2024-01-17',NULL),(188,'云星3','2','1993-01-05','610122199301054789','1','汉族','陕西西安','群众','yunxing@qq.com','15644442252','陕西西安新城区',92,16,34,'0','5','通信工程','西安电子科技学校','2018-01-01','1','00000026',5.25,NULL,NULL,'2018-01-01','2023-04-13',NULL),(189,'贾旭明3','1','1993-11-11','610122199311111234','1','汉族','广东广州','群众','jiaxuming@qq.com','15644441234','广东省广州市天河区冼村路',78,15,33,'0','1','通信工程','西北大学','2018-01-01','1','00000027',5.25,NULL,NULL,'2018-01-01','2023-04-13',NULL),(190,'张黎明3','1','1991-02-01','610144199102014569','1','汉族','广东','群众','zhangliming@qq.com','18979994478','广东珠海',91,15,33,'1','2','考古','清华大学','2018-01-01','1','00000028',7,NULL,NULL,'2018-01-01','2025-01-30',NULL),(191,'薛磊3','1','1992-07-01','610144199207017895','1','汉族','陕西西安','群众','xuelei@qq.com','15648887741','西安市雁塔区',92,14,34,'1','1','无','华胥中学','2018-01-01','1','00000029',6,NULL,NULL,'2018-01-01','2024-01-17',NULL),(192,'江南一点雨4','1','1990-01-01','610122199001011256','1','汉族','陕西','群众','laowang@qq.com','18565558897','深圳市南山区',8,9,29,'1','4','信息管理与信息系统','深圳大学','2018-01-01','1','00000031',1,NULL,NULL,'2018-01-01','2019-01-01',NULL),(193,'陈静4','2','1989-02-01','421288198902011234','1','汉族','海南','群众','chenjing@qq.com','18795556693','海南省海口市美兰区',82,12,30,'1','2','市场营销','武汉大学','2015-06-09','1','00000032',3,NULL,NULL,'2015-06-09','2018-06-08',NULL),(194,'赵琳浩4','1','1993-03-04','610122199303041456','2','汉族','陕西','群众','zhao@qq.com','15698887795','陕西省西安市莲湖区',91,12,33,'1','6','电子工程','哈尔滨理工大学','2018-01-01','1','00000033',3.5,NULL,NULL,'2018-01-01','2021-07-14',NULL),(195,'鹿存亮4','1','1990-01-03','610122199001031456','1','汉族','陕西','群众','zhao@qq.com','15612347795','陕西省西安市莲湖区',92,12,34,'1','2','电子工程','哈尔滨理工大学','2018-01-01','1','00000034',3.5,NULL,NULL,'2018-01-01','2021-07-14',NULL),(196,'姚森4','1','1991-02-05','610122199102058952','1','汉族','河南','群众','yaosen@qq.com','14785559936','河南洛阳人民大道58号',92,15,34,'1','1','室内装修设计','西北大学','2017-01-02','1','00000035',7,NULL,NULL,'2017-01-02','2024-01-17',NULL),(197,'云星4','2','1993-01-05','610122199301054789','1','汉族','陕西西安','群众','yunxing@qq.com','15644442252','陕西西安新城区',92,16,34,'0','5','通信工程','西安电子科技学校','2018-01-01','1','00000036',5.25,NULL,NULL,'2018-01-01','2023-04-13',NULL),(198,'贾旭明4','1','1993-11-11','610122199311111234','1','汉族','广东广州','群众','jiaxuming@qq.com','15644441234','广东省广州市天河区冼村路',78,15,33,'0','1','通信工程','西北大学','2018-01-01','1','00000037',5.25,NULL,NULL,'2018-01-01','2023-04-13',NULL),(199,'谢工','1','1970-01-01','618177197001011234','0','汉族','江苏','群众','584991843@qq.com','18558887788','北京',91,12,29,'1','4','计算机软件','南华大学','2018-01-01','1','00000038',5,NULL,NULL,'2018-01-01','2023-01-01',NULL),(200,'林昭亮','1','1990-01-01','610122199809091234','1','汉族','广东','群众','584991843@qq.com','16767776654','广东深圳',91,15,33,'1','3','计算机软件','广东职业技术学院','2018-01-01','1','00000039',5,NULL,NULL,'2018-01-01','2023-01-01',NULL),(201,'11','1','2018-01-01','610122201801011234','1','汉族','1','群众','584991843@qq.com','111','1',89,9,29,'1','4','1','1','2018-01-01','1','00000040',4,NULL,NULL,'2018-01-01','2022-01-26',NULL),(202,'1','1','2018-01-01','610188199809091234','1','汉族','1','群众','584991843@qq.com','1','1',89,9,29,'1','3','1','1','2018-01-31','1','00000041',1,NULL,NULL,'2018-01-31','2019-01-31',NULL),(203,'1','1','2018-01-01','610122199909090000','1','汉族','1','群众','584991843@qq.com','1','1',78,9,29,'1','3','1','1','2018-01-31','1','00000042',1,NULL,NULL,'2018-01-31','2019-01-31',NULL),(204,'1','1','2018-01-01','610122199909090000','1','汉族','1','群众','584991843@qq.com','1','1',81,9,29,'1','3','1','1','2018-01-31','1','00000043',0,NULL,NULL,'2018-01-31','2018-01-31',NULL),(205,'1','1','2018-01-01','610122199909099999','1','汉族','1','群众','584991843@qq.com','1','1',87,9,29,'1','3','1','1','2018-01-01','1','00000044',0,NULL,NULL,'2018-01-01','2018-01-31',NULL),(206,'1','1','2018-01-01','610122199909099999','1','汉族','1','群众','584991843@qq.com','1','1',78,9,29,'1','3','1','1','2018-01-01','1','00000045',0,NULL,NULL,'2018-01-01','2018-01-31',NULL),(207,'林伯渠','1','2018-01-01','610122199909099999','2','汉族','1','群众','584991843@qq.com','1','1',8,9,29,'1','3','1','1','2018-01-31','1','00000046',0,NULL,NULL,'2018-01-31','2018-01-31',NULL),(208,'1','1','2018-01-01','610122199909091234','1','汉族','1','群众','584991843@qq.com','1','1',8,9,29,'1','3','1','1','2018-01-31','1','00000047',0,NULL,NULL,'2018-01-31','2018-01-31',NULL),(209,'javaboy','1','1989-12-31','610122199001011256','1','汉族','陕西','群众','laowang@qq.com','18565558897','深圳市南山区',5,9,29,'0','4','信息管理与信息系统','深圳大学','2017-12-31','1','00000057',2,'2018-03-31',NULL,'2017-12-31','2019-12-31',NULL),(210,'javaboy','1','1989-12-31','610122199001011256','1','汉族','陕西','群众','laowang@qq.com','18565558897','深圳市南山区',93,9,29,'0','4','信息管理与信息系统','深圳大学','2019-11-05','1','00000058',2,'2018-03-31',NULL,'2017-12-31','2019-12-31',NULL),(211,'javaboy','1','1989-12-31','610122199001011256','1','汉族','','群众','laowang@qq.com','18565558897','深圳市南山区',93,9,29,'0','4','信息管理与信息系统','深圳大学','2019-11-05','1','00000059',2,'2018-03-31',NULL,'2017-12-31','2019-12-31',NULL),(212,'javaboy','1','1989-12-31','610122199001011256','1','汉族','陕西','群众','laowan@123.com','18565558897','深圳市南山区',5,9,29,'0','4','信息管理与信息系统','深圳大学','2017-12-31','1','00000060',2,'2018-03-31',NULL,'2017-12-31','2019-12-31',NULL),(213,'javaboy','1','1989-12-31','610122199001011256','1','汉族','陕西','群众','laowan@123.com','18565558897','深圳市南山区',5,9,29,'0','4','信息管理与信息系统','深圳大学','2017-12-31','1','00000060',2,'2018-03-31',NULL,'2017-12-31','2019-12-31',NULL),(214,'javaboy','1','1989-12-31','610122199001011256','1','汉族','陕西','群众','laowang@qq.com','18565558897','深圳市南山区',91,9,29,'0','4','信息管理与信息系统','深圳大学','2017-12-31','1','00000061',2,'2018-03-31',NULL,'2017-12-31','2019-12-31',NULL),(215,'javaboy','1','1989-12-31','610122199001011256','1','汉族','陕西','群众','laowang@qq.com','18565558897','深圳市南山区',91,9,29,'0','4','信息管理与信息系统','深圳大学','2017-12-31','1','00000062',6.17,'2018-03-31',NULL,'2017-12-31','2024-02-29',NULL),(216,'javaboy666','1','2019-11-10','610122199911111111','1','汉族','广东','群众','123@qq.com','12345678901','广东深圳',78,9,29,'1','4','信管','深圳大学','2019-11-10','1','00000063',3.25,'2020-02-10',NULL,'2019-11-10','2023-02-22',NULL),(217,'javaboy666','1','2019-11-10','610122199911111111','1','汉族','广东','群众','123@qq.com','12345678901','广东深圳',78,9,29,'1','4','信管','深圳大学','2019-11-10','1','00000063',3.25,'2020-02-10',NULL,'2019-11-10','2023-02-22',NULL),(218,'江南一点雨','1','1990-01-01','610122199001011256','1','汉族','陕西','群众','laowang@qq.com','18565558897','深圳市南山区',5,9,29,'0','4','信息管理与信息系统','深圳大学','2018-01-01','1','00000001',2,'2018-04-01',NULL,'2018-01-01','2020-01-01',NULL),(219,'陈静','2','1989-02-01','421288198902011234','1','汉族','海南','群众','chenjing@qq.com','18795556693','海南省海口市美兰区',91,12,29,'1','2','市场营销','武汉大学','2015-06-09','1','00000002',3,'2015-09-10',NULL,'2015-06-09','2018-06-08',NULL),(220,'赵琳浩','1','1993-03-04','610122199303041456','2','汉族','陕西','群众','zhao@qq.com','15698887795','陕西省西安市莲湖区',91,12,33,'1','6','电子工程','哈尔滨理工大学','2018-01-01','1','00000003',3.5,'2018-04-01',NULL,'2018-01-01','2021-07-14',NULL),(221,'鹿存亮','1','1990-01-03','610122199001031456','1','汉族','陕西','群众','zhao@qq.com','15612347795','陕西省西安市莲湖区',92,12,34,'1','2','电子工程','哈尔滨理工大学','2018-01-01','1','00000004',3.5,'2018-04-01',NULL,'2018-01-01','2021-07-14',NULL),(222,'姚森','1','1991-02-05','610122199102058952','1','汉族','河南','群众','yaosen@qq.com','14785559936','河南洛阳人民大道58号',92,15,34,'1','5','室内装修设计','西北大学','2017-01-02','1','00000005',7,'2017-04-02',NULL,'2017-01-02','2024-01-17',NULL),(223,'云星','2','1993-01-05','610122199301054789','1','汉族','陕西西安','群众','yunxing@qq.com','15644442252','陕西西安新城区',92,16,34,'0','5','通信工程','西安电子科技学校','2018-01-01','1','00000006',5.25,'2018-04-01',NULL,'2018-01-01','2023-04-13',NULL),(224,'贾旭明','1','1993-11-11','610122199311111234','1','汉族','广东广州','群众','jiaxuming@qq.com','15644441234','广东省广州市天河区冼村路',78,15,33,'0','1','通信工程','西北大学','2018-01-01','1','00000007',5.25,'2018-04-01',NULL,'2018-01-01','2023-04-13',NULL),(225,'张黎明','1','1991-02-01','610144199102014569','1','汉族','广东','群众','zhangliming@qq.com','18979994478','广东珠海',91,15,33,'1','2','考古','清华大学','2018-01-01','1','00000008',7,'2018-04-01',NULL,'2018-01-01','2025-01-30',NULL),(226,'薛磊','1','1992-07-01','610144199207017895','1','汉族','陕西西安','群众','xuelei@qq.com','15648887741','西安市雁塔区',92,14,34,'1','1','无','华胥中学','2018-01-01','1','00000009',6,'2018-04-01',NULL,'2018-01-01','2024-01-17',NULL),(227,'张洁','2','1990-10-09','420177199010093652','2','汉族','海南','群众','zhangjie@qq.com','13695557742','海口市美兰区',92,16,34,'1','2','无','海南侨中','2018-01-01','1','00000010',1,'2018-01-31',NULL,'2018-01-01','2019-01-01',NULL),(228,'江南一点雨2','1','1990-01-01','610122199001011256','1','汉族','陕西','群众','laowang@qq.com','18565558897','深圳市南山区',91,9,29,'1','4','信息管理与信息系统','深圳大学','2018-01-01','1','00000011',1,'2018-04-01',NULL,'2018-01-01','2019-01-01',NULL),(229,'陈静2','2','1989-02-01','421288198902011234','1','汉族','海南','群众','chenjing@qq.com','18795556693','海南省海口市美兰区',82,12,30,'1','2','市场营销','武汉大学','2015-06-09','1','00000012',3,'2015-09-10',NULL,'2015-06-09','2018-06-08',NULL),(230,'赵琳浩2','1','1993-03-04','610122199303041456','2','汉族','陕西','群众','zhao@qq.com','15698887795','陕西省西安市莲湖区',91,12,33,'1','6','电子工程','哈尔滨理工大学','2018-01-01','1','00000013',3.5,'2018-04-01',NULL,'2018-01-01','2021-07-14',NULL),(231,'鹿存亮2','1','1990-01-03','610122199001031456','1','汉族','陕西','群众','zhao@qq.com','15612347795','陕西省西安市莲湖区',92,12,34,'1','2','电子工程','哈尔滨理工大学','2018-01-01','1','00000014',3.5,'2018-04-01',NULL,'2018-01-01','2021-07-14',NULL),(232,'姚森2','1','1991-02-05','610122199102058952','1','汉族','河南','群众','yaosen@qq.com','14785559936','河南洛阳人民大道58号',92,15,34,'1','1','室内装修设计','西北大学','2017-01-02','1','00000015',7,'2017-04-02',NULL,'2017-01-02','2024-01-17',NULL),(233,'云星2','2','1993-01-05','610122199301054789','1','汉族','陕西西安','群众','yunxing@qq.com','15644442252','陕西西安新城区',92,16,34,'0','5','通信工程','西安电子科技学校','2018-01-01','1','00000016',5.25,'2018-04-01',NULL,'2018-01-01','2023-04-13',NULL),(234,'贾旭明2','1','1993-11-11','610122199311111234','1','汉族','广东广州','群众','jiaxuming@qq.com','15644441234','广东省广州市天河区冼村路',78,15,33,'0','1','通信工程','西北大学','2018-01-01','1','00000017',5.25,'2018-04-01',NULL,'2018-01-01','2023-04-13',NULL),(235,'王一亭','1','1991-02-01','610144199102014569','1','汉族','广东','群众','zhangliming@qq.com','18979994478','广东珠海',91,15,33,'1','2','考古','清华大学','2018-01-01','1','00000018',7,'2018-04-01',NULL,'2018-01-01','2025-01-30',NULL),(236,'薛磊2','1','1992-07-01','610144199207017895','1','汉族','陕西西安','群众','xuelei@qq.com','15648887741','西安市雁塔区',92,14,34,'1','1','无','华胥中学','2018-01-01','1','00000019',1,'2018-04-01',NULL,'2018-01-01','2019-01-01',NULL),(237,'张洁2','2','1990-10-09','420177199010093652','2','汉族','海南','群众','zhangjie@qq.com','13695557742','海口市美兰区',92,16,34,'1','2','无','海南侨中','2018-01-01','1','00000020',1,'2018-01-31',NULL,'2018-01-01','2019-01-01',NULL),(238,'江南一点雨3','1','1990-01-01','610122199001011256','1','汉族','陕西','群众','laowang@qq.com','18565558897','深圳市南山区',8,9,29,'1','4','信息管理与信息系统','深圳大学','2018-01-01','1','00000021',1,'2018-04-01',NULL,'2018-01-01','2019-01-01',NULL),(239,'陈静3','2','1989-02-01','421288198902011234','1','汉族','海南','群众','chenjing@qq.com','18795556693','海南省海口市美兰区',82,12,30,'1','2','市场营销','武汉大学','2015-06-09','1','00000022',3,'2015-09-10',NULL,'2015-06-09','2018-06-08',NULL),(240,'鹿存亮3','1','1990-01-03','610122199001031456','1','汉族','陕西','群众','zhao@qq.com','15612347795','陕西省西安市莲湖区',92,12,34,'1','2','电子工程','哈尔滨理工大学','2018-01-01','1','00000024',3.5,'2018-04-01',NULL,'2018-01-01','2021-07-14',NULL),(241,'姚森3','1','1991-02-05','610122199102058952','1','汉族','河南','群众','yaosen@qq.com','14785559936','河南洛阳人民大道58号',92,15,34,'1','1','室内装修设计','西北大学','2017-01-02','1','00000025',7,'2017-04-02',NULL,'2017-01-02','2024-01-17',NULL),(242,'云星3','2','1993-01-05','610122199301054789','1','汉族','陕西西安','群众','yunxing@qq.com','15644442252','陕西西安新城区',92,16,34,'0','5','通信工程','西安电子科技学校','2018-01-01','1','00000026',5.25,'2018-04-01',NULL,'2018-01-01','2023-04-13',NULL),(243,'贾旭明3','1','1993-11-11','610122199311111234','1','汉族','广东广州','群众','jiaxuming@qq.com','15644441234','广东省广州市天河区冼村路',78,15,33,'0','1','通信工程','西北大学','2018-01-01','1','00000027',5.25,'2018-04-01',NULL,'2018-01-01','2023-04-13',NULL),(244,'张黎明3','1','1991-02-01','610144199102014569','1','汉族','广东','群众','zhangliming@qq.com','18979994478','广东珠海',91,15,33,'1','2','考古','清华大学','2018-01-01','1','00000028',7,'2018-04-01',NULL,'2018-01-01','2025-01-30',NULL),(245,'薛磊3','1','1992-07-01','610144199207017895','1','汉族','陕西西安','群众','xuelei@qq.com','15648887741','西安市雁塔区',92,14,34,'1','1','无','华胥中学','2018-01-01','1','00000029',6,'2018-04-01',NULL,'2018-01-01','2024-01-17',NULL),(246,'江南一点雨4','1','1990-01-01','610122199001011256','1','汉族','陕西','群众','laowang@qq.com','18565558897','深圳市南山区',8,9,29,'1','4','信息管理与信息系统','深圳大学','2018-01-01','1','00000031',1,'2018-04-01',NULL,'2018-01-01','2019-01-01',NULL),(247,'陈静4','2','1989-02-01','421288198902011234','1','汉族','海南','群众','chenjing@qq.com','18795556693','海南省海口市美兰区',82,12,30,'1','2','市场营销','武汉大学','2015-06-09','1','00000032',3,'2015-09-10',NULL,'2015-06-09','2018-06-08',NULL),(248,'赵琳浩4','1','1993-03-04','610122199303041456','2','汉族','陕西','群众','zhao@qq.com','15698887795','陕西省西安市莲湖区',91,12,33,'1','6','电子工程','哈尔滨理工大学','2018-01-01','1','00000033',3.5,'2018-04-01',NULL,'2018-01-01','2021-07-14',NULL),(249,'鹿存亮4','1','1990-01-03','610122199001031456','1','汉族','陕西','群众','zhao@qq.com','15612347795','陕西省西安市莲湖区',92,12,34,'1','2','电子工程','哈尔滨理工大学','2018-01-01','1','00000034',3.5,'2018-04-01',NULL,'2018-01-01','2021-07-14',NULL),(250,'姚森4','1','1991-02-05','610122199102058952','1','汉族','河南','群众','yaosen@qq.com','14785559936','河南洛阳人民大道58号',92,15,34,'1','1','室内装修设计','西北大学','2017-01-02','1','00000035',7,'2017-04-02',NULL,'2017-01-02','2024-01-17',NULL),(251,'云星4','2','1993-01-05','610122199301054789','1','汉族','陕西西安','群众','yunxing@qq.com','15644442252','陕西西安新城区',92,16,34,'0','5','通信工程','西安电子科技学校','2018-01-01','1','00000036',5.25,'2018-04-01',NULL,'2018-01-01','2023-04-13',NULL),(252,'贾旭明4','1','1993-11-11','610122199311111234','1','汉族','广东广州','群众','jiaxuming@qq.com','15644441234','广东省广州市天河区冼村路',78,15,33,'0','1','通信工程','西北大学','2018-01-01','1','00000037',5.25,'2018-04-01',NULL,'2018-01-01','2023-04-13',NULL),(253,'张黎明2','1','1991-02-01','610144199102014569','1','汉族','广东','群众','zhangliming@qq.com','18979994478','广东珠海',91,15,33,'1','2','考古','清华大学','2018-01-01','1','00000038',7,'2018-04-01',NULL,'2018-01-01','2025-01-30',NULL),(254,'薛磊4','1','1992-07-01','610144199207017895','1','汉族','陕西西安','群众','xuelei@qq.com','15648887741','西安市雁塔区',92,14,34,'1','1','无','华胥中学','2018-01-01','1','00000039',6,'2018-04-01',NULL,'2018-01-01','2024-01-17',NULL),(255,'张洁4','2','1990-10-09','420177199010093652','2','汉族','海南','群众','zhangjie@qq.com','13695557742','海口市美兰区',92,16,34,'1','2','无','海南侨中','2018-01-01','1','00000040',1,'2018-01-31',NULL,'2018-01-01','2019-01-01',NULL),(256,'江南一点雨5','1','1990-01-01','610122199001011256','1','汉族','陕西','群众','laowang@qq.com','18565558897','深圳市南山区',8,9,29,'1','4','信息管理与信息系统','深圳大学','2018-01-01','1','00000041',1,'2018-04-01',NULL,'2018-01-01','2019-01-01',NULL),(257,'陈静5','2','1989-02-01','421288198902011234','1','汉族','海南','群众','chenjing@qq.com','18795556693','海南省海口市美兰区',82,12,30,'1','2','市场营销','武汉大学','2015-06-09','1','00000042',3,'2015-09-10',NULL,'2015-06-09','2018-06-08',NULL),(258,'赵琳浩5','1','1993-03-04','610122199303041456','2','汉族','陕西','群众','zhao@qq.com','15698887795','陕西省西安市莲湖区',91,12,33,'1','6','电子工程','哈尔滨理工大学','2018-01-01','1','00000043',3.5,'2018-04-01',NULL,'2018-01-01','2021-07-14',NULL),(259,'鹿存亮5','1','1990-01-03','610122199001031456','1','汉族','陕西','群众','zhao@qq.com','15612347795','陕西省西安市莲湖区',92,12,34,'1','2','电子工程','哈尔滨理工大学','2018-01-01','1','00000044',3.5,'2018-04-01',NULL,'2018-01-01','2021-07-14',NULL),(260,'姚森5','1','1991-02-05','610122199102058952','1','汉族','河南','群众','yaosen@qq.com','14785559936','河南洛阳人民大道58号',92,15,34,'1','1','室内装修设计','西北大学','2017-01-02','1','00000045',7,'2017-04-02',NULL,'2017-01-02','2024-01-17',NULL),(261,'云星5','2','1993-01-05','610122199301054789','1','汉族','陕西西安','群众','yunxing@qq.com','15644442252','陕西西安新城区',92,16,34,'0','5','通信工程','西安电子科技学校','2018-01-01','1','00000046',5.25,'2018-04-01',NULL,'2018-01-01','2023-04-13',NULL),(262,'贾旭明5','1','1993-11-11','610122199311111234','1','汉族','广东广州','群众','jiaxuming@qq.com','15644441234','广东省广州市天河区冼村路',78,15,33,'0','1','通信工程','西北大学','2018-01-01','1','00000047',5.25,'2018-04-01',NULL,'2018-01-01','2023-04-13',NULL),(263,'张黎明5','1','1991-02-01','610144199102014569','1','汉族','广东','群众','zhangliming@qq.com','18979994478','广东珠海',91,15,33,'1','2','考古','清华大学','2018-01-01','1','00000048',7,'2018-04-01',NULL,'2018-01-01','2025-01-30',NULL),(264,'薛磊5','1','1992-07-01','610144199207017895','1','汉族','陕西西安','群众','xuelei@qq.com','15648887741','西安市雁塔区',92,14,34,'1','1','无','华胥中学','2018-01-01','1','00000049',6,'2018-04-01',NULL,'2018-01-01','2024-01-17',NULL),(265,'张洁5','2','1990-10-09','420177199010093652','2','汉族','海南','群众','zhangjie@qq.com','13695557742','海口市美兰区',92,16,34,'1','2','无','海南侨中','2018-01-01','1','00000050',1,'2018-01-31',NULL,'2018-01-01','2019-01-01',NULL),(266,'江南一点雨6','1','1990-01-01','610122199001011256','1','汉族','陕西','群众','laowang@qq.com','18565558897','深圳市南山区',8,9,29,'1','4','信息管理与信息系统','深圳大学','2018-01-01','1','00000051',1,'2018-04-01',NULL,'2018-01-01','2019-01-01',NULL),(267,'陈静6','2','1989-02-01','421288198902011234','1','汉族','海南','群众','chenjing@qq.com','18795556693','海南省海口市美兰区',82,12,30,'1','2','市场营销','武汉大学','2015-06-09','1','00000052',3,'2015-09-10',NULL,'2015-06-09','2018-06-08',NULL),(268,'赵琳浩6','1','1993-03-04','610122199303041456','2','汉族','陕西','群众','zhao@qq.com','15698887795','陕西省西安市莲湖区',91,12,33,'1','6','电子工程','哈尔滨理工大学','2018-01-01','1','00000053',3.5,'2018-04-01',NULL,'2018-01-01','2021-07-14',NULL),(269,'鹿存亮6','1','1990-01-03','610122199001031456','1','汉族','陕西','群众','zhao@qq.com','15612347795','陕西省西安市莲湖区',92,12,34,'1','2','电子工程','哈尔滨理工大学','2018-01-01','1','00000054',3.5,'2018-04-01',NULL,'2018-01-01','2021-07-14',NULL),(270,'姚森6','1','1991-02-05','610122199102058952','1','汉族','河南','群众','yaosen@qq.com','14785559936','河南洛阳人民大道58号',92,15,34,'1','1','室内装修设计','西北大学','2017-01-02','1','00000055',7,'2017-04-02',NULL,'2017-01-02','2024-01-17',NULL),(271,'云星6','2','1993-01-05','610122199301054789','1','汉族','陕西西安','群众','yunxing@qq.com','15644442252','陕西西安新城区',92,16,34,'0','5','通信工程','西安电子科技学校','2018-01-01','1','00000056',5.25,'2018-04-01',NULL,'2018-01-01','2023-04-13',NULL),(272,'江南一点雨','1','1990-01-01','610122199001011256','1','汉族','陕西','群众','laowang@qq.com','18565558897','深圳市南山区',8,9,29,'1','4','信息管理与信息系统','深圳大学','2018-01-01','1','00000001',1,NULL,NULL,'2018-01-01','2019-01-01',NULL),(273,'陈静','2','1989-02-01','421288198902011234','1','汉族','海南','群众','chenjing@qq.com','18795556693','海南省海口市美兰区',82,12,30,'1','2','市场营销','武汉大学','2015-06-09','1','00000002',3,NULL,NULL,'2015-06-09','2018-06-08',NULL),(274,'赵琳浩','1','1993-03-04','610122199303041456','2','汉族','陕西','群众','zhao@qq.com','15698887795','陕西省西安市莲湖区',91,12,33,'1','6','电子工程','哈尔滨理工大学','2018-01-01','1','00000003',3.5,NULL,NULL,'2018-01-01','2021-07-14',NULL),(275,'鹿存亮','1','1990-01-03','610122199001031456','1','汉族','陕西','群众','zhao@qq.com','15612347795','陕西省西安市莲湖区',92,12,34,'1','2','电子工程','哈尔滨理工大学','2018-01-01','1','00000004',3.5,NULL,NULL,'2018-01-01','2021-07-14',NULL),(276,'姚森','1','1991-02-05','610122199102058952','1','汉族','河南','群众','yaosen@qq.com','14785559936','河南洛阳人民大道58号',92,15,34,'1','1','室内装修设计','西北大学','2017-01-02','1','00000005',7,NULL,NULL,'2017-01-02','2024-01-17',NULL),(277,'贾旭明','1','1993-11-11','610122199311111234','1','汉族','广东广州','群众','jiaxuming@qq.com','15644441234','广东省广州市天河区冼村路',78,15,33,'0','1','通信工程','西北大学','2018-01-01','1','00000007',5.25,NULL,NULL,'2018-01-01','2023-04-13',NULL),(278,'张黎明','1','1991-02-01','610144199102014569','1','汉族','广东','群众','zhangliming@qq.com','18979994478','广东珠海',91,15,33,'1','2','考古','清华大学','2018-01-01','1','00000008',7,NULL,NULL,'2018-01-01','2025-01-30',NULL),(279,'薛磊','1','1992-07-01','610144199207017895','1','汉族','陕西西安','群众','xuelei@qq.com','15648887741','西安市雁塔区',92,14,34,'1','1','无','华胥中学','2018-01-01','1','00000009',6,NULL,NULL,'2018-01-01','2024-01-17',NULL),(280,'张洁','2','1990-10-09','420177199010093652','2','汉族','海南','群众','zhangjie@qq.com','13695557742','海口市美兰区',92,16,34,'1','2','无','海南侨中','2018-01-01','1','00000010',1,NULL,NULL,'2018-01-01','2019-01-01',NULL),(281,'江南一点雨2','1','1990-01-01','610122199001011256','1','汉族','陕西','群众','laowang@qq.com','18565558897','深圳市南山区',8,9,29,'1','4','信息管理与信息系统','深圳大学','2018-01-01','1','00000011',1,NULL,NULL,'2018-01-01','2019-01-01',NULL),(282,'陈静2','2','1989-02-01','421288198902011234','1','汉族','海南','群众','chenjing@qq.com','18795556693','海南省海口市美兰区',82,12,30,'1','2','市场营销','武汉大学','2015-06-09','1','00000012',3,NULL,NULL,'2015-06-09','2018-06-08',NULL),(283,'赵琳浩2','1','1993-03-04','610122199303041456','2','汉族','陕西','群众','zhao@qq.com','15698887795','陕西省西安市莲湖区',91,12,33,'1','6','电子工程','哈尔滨理工大学','2018-01-01','1','00000013',3.5,NULL,NULL,'2018-01-01','2021-07-14',NULL),(284,'鹿存亮2','1','1990-01-03','610122199001031456','1','汉族','陕西','群众','zhao@qq.com','15612347795','陕西省西安市莲湖区',92,12,34,'1','2','电子工程','哈尔滨理工大学','2018-01-01','1','00000014',3.5,NULL,NULL,'2018-01-01','2021-07-14',NULL),(285,'姚森2','1','1991-02-05','610122199102058952','1','汉族','河南','群众','yaosen@qq.com','14785559936','河南洛阳人民大道58号',92,15,34,'1','1','室内装修设计','西北大学','2017-01-02','1','00000015',7,NULL,NULL,'2017-01-02','2024-01-17',NULL),(286,'云星2','2','1993-01-05','610122199301054789','1','汉族','陕西西安','群众','yunxing@qq.com','15644442252','陕西西安新城区',92,16,34,'0','5','通信工程','西安电子科技学校','2018-01-01','1','00000016',5.25,NULL,NULL,'2018-01-01','2023-04-13',NULL),(287,'贾旭明2','1','1993-11-11','610122199311111234','1','汉族','广东广州','群众','jiaxuming@qq.com','15644441234','广东省广州市天河区冼村路',78,15,33,'0','1','通信工程','西北大学','2018-01-01','1','00000017',5.25,NULL,NULL,'2018-01-01','2023-04-13',NULL),(288,'王一亭','1','1991-02-01','610144199102014569','1','汉族','广东','群众','zhangliming@qq.com','18979994478','广东珠海',91,15,33,'1','2','考古','清华大学','2018-01-01','1','00000018',7,NULL,NULL,'2018-01-01','2025-01-30',NULL),(289,'薛磊2','1','1992-07-01','610144199207017895','1','汉族','陕西西安','群众','xuelei@qq.com','15648887741','西安市雁塔区',92,14,34,'1','1','无','华胥中学','2018-01-01','1','00000019',1,NULL,NULL,'2018-01-01','2019-01-01',NULL),(290,'张洁2','2','1990-10-09','420177199010093652','2','汉族','海南','群众','zhangjie@qq.com','13695557742','海口市美兰区',92,16,34,'1','2','无','海南侨中','2018-01-01','1','00000020',1,NULL,NULL,'2018-01-01','2019-01-01',NULL),(291,'江南一点雨3','1','1990-01-01','610122199001011256','1','汉族','陕西','群众','laowang@qq.com','18565558897','深圳市南山区',8,9,29,'1','4','信息管理与信息系统','深圳大学','2018-01-01','1','00000021',1,NULL,NULL,'2018-01-01','2019-01-01',NULL),(292,'陈静3','2','1989-02-01','421288198902011234','1','汉族','海南','群众','chenjing@qq.com','18795556693','海南省海口市美兰区',82,12,30,'1','2','市场营销','武汉大学','2015-06-09','1','00000022',3,NULL,NULL,'2015-06-09','2018-06-08',NULL),(293,'鹿存亮3','1','1990-01-03','610122199001031456','1','汉族','陕西','群众','zhao@qq.com','15612347795','陕西省西安市莲湖区',92,12,34,'1','2','电子工程','哈尔滨理工大学','2018-01-01','1','00000024',3.5,NULL,NULL,'2018-01-01','2021-07-14',NULL),(294,'姚森3','1','1991-02-05','610122199102058952','1','汉族','河南','群众','yaosen@qq.com','14785559936','河南洛阳人民大道58号',92,15,34,'1','1','室内装修设计','西北大学','2017-01-02','1','00000025',7,NULL,NULL,'2017-01-02','2024-01-17',NULL),(295,'云星3','2','1993-01-05','610122199301054789','1','汉族','陕西西安','群众','yunxing@qq.com','15644442252','陕西西安新城区',92,16,34,'0','5','通信工程','西安电子科技学校','2018-01-01','1','00000026',5.25,NULL,NULL,'2018-01-01','2023-04-13',NULL),(296,'贾旭明3','1','1993-11-11','610122199311111234','1','汉族','广东广州','群众','jiaxuming@qq.com','15644441234','广东省广州市天河区冼村路',78,15,33,'0','1','通信工程','西北大学','2018-01-01','1','00000027',5.25,NULL,NULL,'2018-01-01','2023-04-13',NULL),(297,'张黎明3','1','1991-02-01','610144199102014569','1','汉族','广东','群众','zhangliming@qq.com','18979994478','广东珠海',91,15,33,'1','2','考古','清华大学','2018-01-01','1','00000028',7,NULL,NULL,'2018-01-01','2025-01-30',NULL),(298,'薛磊3','1','1992-07-01','610144199207017895','1','汉族','陕西西安','群众','xuelei@qq.com','15648887741','西安市雁塔区',92,14,34,'1','1','无','华胥中学','2018-01-01','1','00000029',6,NULL,NULL,'2018-01-01','2024-01-17',NULL),(299,'江南一点雨4','1','1990-01-01','610122199001011256','1','汉族','陕西','群众','laowang@qq.com','18565558897','深圳市南山区',8,9,29,'1','4','信息管理与信息系统','深圳大学','2018-01-01','1','00000031',1,NULL,NULL,'2018-01-01','2019-01-01',NULL),(300,'陈静4','2','1989-02-01','421288198902011234','1','汉族','海南','群众','chenjing@qq.com','18795556693','海南省海口市美兰区',82,12,30,'1','2','市场营销','武汉大学','2015-06-09','1','00000032',3,NULL,NULL,'2015-06-09','2018-06-08',NULL),(301,'赵琳浩4','1','1993-03-04','610122199303041456','2','汉族','陕西','群众','zhao@qq.com','15698887795','陕西省西安市莲湖区',91,12,33,'1','6','电子工程','哈尔滨理工大学','2018-01-01','1','00000033',3.5,NULL,NULL,'2018-01-01','2021-07-14',NULL),(302,'鹿存亮4','1','1990-01-03','610122199001031456','1','汉族','陕西','群众','zhao@qq.com','15612347795','陕西省西安市莲湖区',92,12,34,'1','2','电子工程','哈尔滨理工大学','2018-01-01','1','00000034',3.5,NULL,NULL,'2018-01-01','2021-07-14',NULL),(303,'姚森4','1','1991-02-05','610122199102058952','1','汉族','河南','群众','yaosen@qq.com','14785559936','河南洛阳人民大道58号',92,15,34,'1','1','室内装修设计','西北大学','2017-01-02','1','00000035',7,NULL,NULL,'2017-01-02','2024-01-17',NULL),(304,'云星4','2','1993-01-05','610122199301054789','1','汉族','陕西西安','群众','yunxing@qq.com','15644442252','陕西西安新城区',92,16,34,'0','5','通信工程','西安电子科技学校','2018-01-01','1','00000036',5.25,NULL,NULL,'2018-01-01','2023-04-13',NULL),(305,'贾旭明4','1','1993-11-11','610122199311111234','1','汉族','广东广州','群众','jiaxuming@qq.com','15644441234','广东省广州市天河区冼村路',78,15,33,'0','1','通信工程','西北大学','2018-01-01','1','00000037',5.25,NULL,NULL,'2018-01-01','2023-04-13',NULL),(306,'谢工','1','1970-01-01','618177197001011234','0','汉族','江苏','群众','584991843@qq.com','18558887788','北京',91,12,29,'1','4','计算机软件','南华大学','2018-01-01','1','00000038',5,'2019-01-01',NULL,'2018-01-01','2023-01-01',NULL),(307,'林昭亮','1','1990-01-01','610122199809091234','1','汉族','广东','群众','584991843@qq.com','16767776654','广东深圳',91,15,33,'1','3','计算机软件','广东职业技术学院','2018-01-01','1','00000039',5,'2018-04-01',NULL,'2018-01-01','2023-01-01',NULL),(308,'11','1','2018-01-01','610122201801011234','1','汉族','1','群众','584991843@qq.com','111','1',89,9,29,'1','4','1','1','2018-01-01','1','00000040',4,'2018-04-01',NULL,'2018-01-01','2022-01-26',NULL),(309,'1','1','2018-01-01','610188199809091234','1','汉族','1','群众','584991843@qq.com','1','1',89,9,29,'1','3','1','1','2018-01-31','1','00000041',1,'2018-01-31',NULL,'2018-01-31','2019-01-31',NULL),(310,'1','1','2018-01-01','610122199909090000','1','汉族','1','群众','584991843@qq.com','1','1',78,9,29,'1','3','1','1','2018-01-31','1','00000042',1,'2018-01-31',NULL,'2018-01-31','2019-01-31',NULL),(311,'1','1','2018-01-01','610122199909090000','1','汉族','1','群众','584991843@qq.com','1','1',81,9,29,'1','3','1','1','2018-01-31','1','00000043',0,'2018-01-31',NULL,'2018-01-31','2018-01-31',NULL),(312,'1','1','2018-01-01','610122199909099999','1','汉族','1','群众','584991843@qq.com','1','1',87,9,29,'1','3','1','1','2018-01-01','1','00000044',0,'2018-01-01',NULL,'2018-01-01','2018-01-31',NULL),(313,'1','1','2018-01-01','610122199909099999','1','汉族','1','群众','584991843@qq.com','1','1',78,9,29,'1','3','1','1','2018-01-01','1','00000045',0,'2018-01-01',NULL,'2018-01-01','2018-01-31',NULL),(314,'林伯渠','1','2018-01-01','610122199909099999','2','汉族','1','群众','584991843@qq.com','1','1',8,9,29,'1','3','1','1','2018-01-31','1','00000046',0,'2018-01-31',NULL,'2018-01-31','2018-01-31',NULL),(315,'1','1','2018-01-01','610122199909091234','1','汉族','1','群众','584991843@qq.com','1','1',8,9,29,'1','3','1','1','2018-01-31','1','00000047',0,'2018-01-31',NULL,'2018-01-31','2018-01-31',NULL),(316,'江南一点雨','1','1990-01-01','610122199001011256','1','汉族','陕西','群众','laowang@qq.com','18565558897','深圳市南山区',5,9,29,'0','4','信息管理与信息系统','深圳大学','2018-01-01','1','00000001',2,NULL,NULL,'2018-01-01','2020-01-01',NULL),(317,'陈静','2','1989-02-01','421288198902011234','1','汉族','海南','群众','chenjing@qq.com','18795556693','海南省海口市美兰区',8,12,30,'1','2','市场营销','武汉大学','2015-06-09','1','00000002',3,NULL,NULL,'2015-06-09','2018-06-08',NULL),(318,'赵琳浩','1','1993-03-04','610122199303041456','2','汉族','陕西','群众','zhao@qq.com','15698887795','陕西省西安市莲湖区',91,12,33,'1','6','电子工程','哈尔滨理工大学','2018-01-01','1','00000003',3.5,NULL,NULL,'2018-01-01','2021-07-14',NULL),(319,'鹿存亮','1','1990-01-03','610122199001031456','1','汉族','陕西','群众','zhao@qq.com','15612347795','陕西省西安市莲湖区',92,12,34,'1','2','电子工程','哈尔滨理工大学','2018-01-01','1','00000004',3.5,NULL,NULL,'2018-01-01','2021-07-14',NULL),(320,'姚森','1','1991-02-05','610122199102058952','1','汉族','河南','群众','yaosen@qq.com','14785559936','河南洛阳人民大道58号',92,15,34,'1','5','室内装修设计','西北大学','2017-01-02','1','00000005',7,NULL,NULL,'2017-01-02','2024-01-17',NULL),(321,'云星','2','1993-01-05','610122199301054789','1','汉族','陕西西安','群众','yunxing@qq.com','15644442252','陕西西安新城区',92,16,34,'0','5','通信工程','西安电子科技学校','2018-01-01','1','00000006',5.25,NULL,NULL,'2018-01-01','2023-04-13',NULL),(322,'贾旭明','1','1993-11-11','610122199311111234','1','汉族','广东广州','群众','jiaxuming@qq.com','15644441234','广东省广州市天河区冼村路',78,15,33,'0','1','通信工程','西北大学','2018-01-01','1','00000007',5.25,NULL,NULL,'2018-01-01','2023-04-13',NULL),(323,'张黎明','1','1991-02-01','610144199102014569','1','汉族','广东','群众','zhangliming@qq.com','18979994478','广东珠海',91,15,33,'1','2','考古','清华大学','2018-01-01','1','00000008',7,NULL,NULL,'2018-01-01','2025-01-30',NULL),(324,'薛磊','1','1992-07-01','610144199207017895','1','汉族','陕西西安','群众','xuelei@qq.com','15648887741','西安市雁塔区',92,14,34,'1','1','无','华胥中学','2018-01-01','1','00000009',6,NULL,NULL,'2018-01-01','2024-01-17',NULL),(325,'张洁','2','1990-10-09','420177199010093652','2','汉族','海南','群众','zhangjie@qq.com','13695557742','海口市美兰区',92,16,34,'1','2','无','海南侨中','2018-01-01','1','00000010',1,NULL,NULL,'2018-01-01','2019-01-01',NULL),(326,'江南一点雨2','1','1990-01-01','610122199001011256','1','汉族','陕西','群众','laowang@qq.com','18565558897','深圳市南山区',91,9,29,'1','4','信息管理与信息系统','深圳大学','2018-01-01','1','00000011',1,NULL,NULL,'2018-01-01','2019-01-01',NULL),(327,'陈静2','2','1989-02-01','421288198902011234','1','汉族','海南','群众','chenjing@qq.com','18795556693','海南省海口市美兰区',82,12,30,'1','2','市场营销','武汉大学','2015-06-09','1','00000012',3,NULL,NULL,'2015-06-09','2018-06-08',NULL),(328,'赵琳浩2','1','1993-03-04','610122199303041456','2','汉族','陕西','群众','zhao@qq.com','15698887795','陕西省西安市莲湖区',91,12,33,'1','6','电子工程','哈尔滨理工大学','2018-01-01','1','00000013',3.5,NULL,NULL,'2018-01-01','2021-07-14',NULL),(329,'鹿存亮2','1','1990-01-03','610122199001031456','1','汉族','陕西','群众','zhao@qq.com','15612347795','陕西省西安市莲湖区',92,12,34,'1','2','电子工程','哈尔滨理工大学','2018-01-01','1','00000014',3.5,NULL,NULL,'2018-01-01','2021-07-14',NULL),(330,'姚森2','1','1991-02-05','610122199102058952','1','汉族','河南','群众','yaosen@qq.com','14785559936','河南洛阳人民大道58号',92,15,34,'1','1','室内装修设计','西北大学','2017-01-02','1','00000015',7,NULL,NULL,'2017-01-02','2024-01-17',NULL),(331,'云星2','2','1993-01-05','610122199301054789','1','汉族','陕西西安','群众','yunxing@qq.com','15644442252','陕西西安新城区',92,16,34,'0','5','通信工程','西安电子科技学校','2018-01-01','1','00000016',5.25,NULL,NULL,'2018-01-01','2023-04-13',NULL),(332,'贾旭明2','1','1993-11-11','610122199311111234','1','汉族','广东广州','群众','jiaxuming@qq.com','15644441234','广东省广州市天河区冼村路',78,15,33,'0','1','通信工程','西北大学','2018-01-01','1','00000017',5.25,NULL,NULL,'2018-01-01','2023-04-13',NULL),(333,'王一亭','1','1991-02-01','610144199102014569','1','汉族','广东','群众','zhangliming@qq.com','18979994478','广东珠海',91,15,33,'1','2','考古','清华大学','2018-01-01','1','00000018',7,NULL,NULL,'2018-01-01','2025-01-30',NULL),(334,'薛磊2','1','1992-07-01','610144199207017895','1','汉族','陕西西安','群众','xuelei@qq.com','15648887741','西安市雁塔区',92,14,34,'1','1','无','华胥中学','2018-01-01','1','00000019',1,NULL,NULL,'2018-01-01','2019-01-01',NULL),(335,'张洁2','2','1990-10-09','420177199010093652','2','汉族','海南','群众','zhangjie@qq.com','13695557742','海口市美兰区',92,16,34,'1','2','无','海南侨中','2018-01-01','1','00000020',1,NULL,NULL,'2018-01-01','2019-01-01',NULL),(336,'江南一点雨3','1','1990-01-01','610122199001011256','1','汉族','陕西','群众','laowang@qq.com','18565558897','深圳市南山区',8,9,29,'1','4','信息管理与信息系统','深圳大学','2018-01-01','1','00000021',1,NULL,NULL,'2018-01-01','2019-01-01',NULL),(337,'陈静3','2','1989-02-01','421288198902011234','1','汉族','海南','群众','chenjing@qq.com','18795556693','海南省海口市美兰区',82,12,30,'1','2','市场营销','武汉大学','2015-06-09','1','00000022',3,NULL,NULL,'2015-06-09','2018-06-08',NULL),(338,'鹿存亮3','1','1990-01-03','610122199001031456','1','汉族','陕西','群众','zhao@qq.com','15612347795','陕西省西安市莲湖区',92,12,34,'1','2','电子工程','哈尔滨理工大学','2018-01-01','1','00000024',3.5,NULL,NULL,'2018-01-01','2021-07-14',NULL),(339,'姚森3','1','1991-02-05','610122199102058952','1','汉族','河南','群众','yaosen@qq.com','14785559936','河南洛阳人民大道58号',92,15,34,'1','1','室内装修设计','西北大学','2017-01-02','1','00000025',7,NULL,NULL,'2017-01-02','2024-01-17',NULL),(440,'云星3','2','1993-01-05','610122199301054789','1','汉族','陕西西安','群众','yunxing@qq.com','15644442252','陕西西安新城区',92,16,34,'0','5','通信工程','西安电子科技学校','2018-01-01','1','00000026',5.25,NULL,NULL,'2018-01-01','2023-04-13',NULL),(441,'贾旭明3','1','1993-11-11','610122199311111234','1','汉族','广东广州','群众','jiaxuming@qq.com','15644441234','广东省广州市天河区冼村路',78,15,33,'0','1','通信工程','西北大学','2018-01-01','1','00000027',5.25,NULL,NULL,'2018-01-01','2023-04-13',NULL),(442,'张黎明3','1','1991-02-01','610144199102014569','1','汉族','广东','群众','zhangliming@qq.com','18979994478','广东珠海',91,15,33,'1','2','考古','清华大学','2018-01-01','1','00000028',7,NULL,NULL,'2018-01-01','2025-01-30',NULL),(443,'薛磊3','1','1992-07-01','610144199207017895','1','汉族','陕西西安','群众','xuelei@qq.com','15648887741','西安市雁塔区',92,14,34,'1','1','无','华胥中学','2018-01-01','1','00000029',6,NULL,NULL,'2018-01-01','2024-01-17',NULL),(444,'江南一点雨4','1','1990-01-01','610122199001011256','1','汉族','陕西','群众','laowang@qq.com','18565558897','深圳市南山区',8,9,29,'1','4','信息管理与信息系统','深圳大学','2018-01-01','1','00000031',1,NULL,NULL,'2018-01-01','2019-01-01',NULL),(445,'陈静4','2','1989-02-01','421288198902011234','1','汉族','海南','群众','chenjing@qq.com','18795556693','海南省海口市美兰区',82,12,30,'1','2','市场营销','武汉大学','2015-06-09','1','00000032',3,NULL,NULL,'2015-06-09','2018-06-08',NULL),(446,'赵琳浩4','1','1993-03-04','610122199303041456','2','汉族','陕西','群众','zhao@qq.com','15698887795','陕西省西安市莲湖区',91,12,33,'1','6','电子工程','哈尔滨理工大学','2018-01-01','1','00000033',3.5,NULL,NULL,'2018-01-01','2021-07-14',NULL),(447,'鹿存亮4','1','1990-01-03','610122199001031456','1','汉族','陕西','群众','zhao@qq.com','15612347795','陕西省西安市莲湖区',92,12,34,'1','2','电子工程','哈尔滨理工大学','2018-01-01','1','00000034',3.5,NULL,NULL,'2018-01-01','2021-07-14',NULL),(448,'姚森4','1','1991-02-05','610122199102058952','1','汉族','河南','群众','yaosen@qq.com','14785559936','河南洛阳人民大道58号',92,15,34,'1','1','室内装修设计','西北大学','2017-01-02','1','00000035',7,NULL,NULL,'2017-01-02','2024-01-17',NULL),(449,'云星4','2','1993-01-05','610122199301054789','1','汉族','陕西西安','群众','yunxing@qq.com','15644442252','陕西西安新城区',92,16,34,'0','5','通信工程','西安电子科技学校','2018-01-01','1','00000036',5.25,NULL,NULL,'2018-01-01','2023-04-13',NULL),(450,'贾旭明4','1','1993-11-11','610122199311111234','1','汉族','广东广州','群众','jiaxuming@qq.com','15644441234','广东省广州市天河区冼村路',78,15,33,'0','1','通信工程','西北大学','2018-01-01','1','00000037',5.25,NULL,NULL,'2018-01-01','2023-04-13',NULL),(451,'张黎明2','1','1991-02-01','610144199102014569','1','汉族','广东','群众','zhangliming@qq.com','18979994478','广东珠海',91,15,33,'1','2','考古','清华大学','2018-01-01','1','00000038',7,NULL,NULL,'2018-01-01','2025-01-30',NULL),(452,'薛磊4','1','1992-07-01','610144199207017895','1','汉族','陕西西安','群众','xuelei@qq.com','15648887741','西安市雁塔区',92,14,34,'1','1','无','华胥中学','2018-01-01','1','00000039',6,NULL,NULL,'2018-01-01','2024-01-17',NULL),(453,'张洁4','2','1990-10-09','420177199010093652','2','汉族','海南','群众','zhangjie@qq.com','13695557742','海口市美兰区',92,16,34,'1','2','无','海南侨中','2018-01-01','1','00000040',1,NULL,NULL,'2018-01-01','2019-01-01',NULL),(454,'江南一点雨5','1','1990-01-01','610122199001011256','1','汉族','陕西','群众','laowang@qq.com','18565558897','深圳市南山区',8,9,29,'1','4','信息管理与信息系统','深圳大学','2018-01-01','1','00000041',1,NULL,NULL,'2018-01-01','2019-01-01',NULL),(455,'陈静5','2','1989-02-01','421288198902011234','1','汉族','海南','群众','chenjing@qq.com','18795556693','海南省海口市美兰区',82,12,30,'1','2','市场营销','武汉大学','2015-06-09','1','00000042',3,NULL,NULL,'2015-06-09','2018-06-08',NULL),(456,'赵琳浩5','1','1993-03-04','610122199303041456','2','汉族','陕西','群众','zhao@qq.com','15698887795','陕西省西安市莲湖区',91,12,33,'1','6','电子工程','哈尔滨理工大学','2018-01-01','1','00000043',3.5,NULL,NULL,'2018-01-01','2021-07-14',NULL),(457,'鹿存亮5','1','1990-01-03','610122199001031456','1','汉族','陕西','群众','zhao@qq.com','15612347795','陕西省西安市莲湖区',92,12,34,'1','2','电子工程','哈尔滨理工大学','2018-01-01','1','00000044',3.5,NULL,NULL,'2018-01-01','2021-07-14',NULL),(458,'姚森5','1','1991-02-05','610122199102058952','1','汉族','河南','群众','yaosen@qq.com','14785559936','河南洛阳人民大道58号',92,15,34,'1','1','室内装修设计','西北大学','2017-01-02','1','00000045',7,NULL,NULL,'2017-01-02','2024-01-17',NULL),(459,'云星5','2','1993-01-05','610122199301054789','1','汉族','陕西西安','群众','yunxing@qq.com','15644442252','陕西西安新城区',92,16,34,'0','5','通信工程','西安电子科技学校','2018-01-01','1','00000046',5.25,NULL,NULL,'2018-01-01','2023-04-13',NULL),(460,'贾旭明5','1','1993-11-11','610122199311111234','1','汉族','广东广州','群众','jiaxuming@qq.com','15644441234','广东省广州市天河区冼村路',78,15,33,'0','1','通信工程','西北大学','2018-01-01','1','00000047',5.25,NULL,NULL,'2018-01-01','2023-04-13',NULL),(461,'张黎明5','1','1991-02-01','610144199102014569','1','汉族','广东','群众','zhangliming@qq.com','18979994478','广东珠海',91,15,33,'1','2','考古','清华大学','2018-01-01','1','00000048',7,NULL,NULL,'2018-01-01','2025-01-30',NULL),(462,'薛磊5','1','1992-07-01','610144199207017895','1','汉族','陕西西安','群众','xuelei@qq.com','15648887741','西安市雁塔区',92,14,34,'1','1','无','华胥中学','2018-01-01','1','00000049',6,NULL,NULL,'2018-01-01','2024-01-17',NULL),(463,'张洁5','2','1990-10-09','420177199010093652','2','汉族','海南','群众','zhangjie@qq.com','13695557742','海口市美兰区',92,16,34,'1','2','无','海南侨中','2018-01-01','1','00000050',1,NULL,NULL,'2018-01-01','2019-01-01',NULL),(464,'江南一点雨6','1','1990-01-01','610122199001011256','1','汉族','陕西','群众','laowang@qq.com','18565558897','深圳市南山区',8,9,29,'1','4','信息管理与信息系统','深圳大学','2018-01-01','1','00000051',1,NULL,NULL,'2018-01-01','2019-01-01',NULL),(465,'陈静6','2','1989-02-01','421288198902011234','1','汉族','海南','群众','chenjing@qq.com','18795556693','海南省海口市美兰区',82,12,30,'1','2','市场营销','武汉大学','2015-06-09','1','00000052',3,NULL,NULL,'2015-06-09','2018-06-08',NULL),(466,'赵琳浩6','1','1993-03-04','610122199303041456','2','汉族','陕西','群众','zhao@qq.com','15698887795','陕西省西安市莲湖区',91,12,33,'1','6','电子工程','哈尔滨理工大学','2018-01-01','1','00000053',3.5,NULL,NULL,'2018-01-01','2021-07-14',NULL),(467,'鹿存亮6','1','1990-01-03','610122199001031456','1','汉族','陕西','群众','zhao@qq.com','15612347795','陕西省西安市莲湖区',92,12,34,'1','2','电子工程','哈尔滨理工大学','2018-01-01','1','00000054',3.5,NULL,NULL,'2018-01-01','2021-07-14',NULL),(468,'姚森6','1','1991-02-05','610122199102058952','1','汉族','河南','群众','yaosen@qq.com','14785559936','河南洛阳人民大道58号',92,15,34,'1','1','室内装修设计','西北大学','2017-01-02','1','00000055',7,NULL,NULL,'2017-01-02','2024-01-17',NULL),(469,'云星6','2','1993-01-05','610122199301054789','1','汉族','陕西西安','群众','yunxing@qq.com','15644442252','陕西西安新城区',92,16,34,'0','5','通信工程','西安电子科技学校','2018-01-01','1','00000056',5.25,NULL,NULL,'2018-01-01','2023-04-13',NULL),(470,'江南一点雨','1','1990-01-01','610122199001011256','1','汉族','陕西','群众','laowang@qq.com','18565558897','深圳市南山区',8,9,29,'1','4','信息管理与信息系统','深圳大学','2018-01-01','1','00000001',1,NULL,NULL,'2018-01-01','2019-01-01',NULL),(471,'陈静','2','1989-02-01','421288198902011234','1','汉族','海南','群众','chenjing@qq.com','18795556693','海南省海口市美兰区',82,12,30,'1','2','市场营销','武汉大学','2015-06-09','1','00000002',3,NULL,NULL,'2015-06-09','2018-06-08',NULL),(472,'赵琳浩','1','1993-03-04','610122199303041456','2','汉族','陕西','群众','zhao@qq.com','15698887795','陕西省西安市莲湖区',91,12,33,'1','6','电子工程','哈尔滨理工大学','2018-01-01','1','00000003',3.5,NULL,NULL,'2018-01-01','2021-07-14',NULL),(473,'鹿存亮','1','1990-01-03','610122199001031456','1','汉族','陕西','群众','zhao@qq.com','15612347795','陕西省西安市莲湖区',92,12,34,'1','2','电子工程','哈尔滨理工大学','2018-01-01','1','00000004',3.5,NULL,NULL,'2018-01-01','2021-07-14',NULL),(474,'姚森','1','1991-02-05','610122199102058952','1','汉族','河南','群众','yaosen@qq.com','14785559936','河南洛阳人民大道58号',92,15,34,'1','1','室内装修设计','西北大学','2017-01-02','1','00000005',7,NULL,NULL,'2017-01-02','2024-01-17',NULL),(475,'贾旭明','1','1993-11-11','610122199311111234','1','汉族','广东广州','群众','jiaxuming@qq.com','15644441234','广东省广州市天河区冼村路',78,15,33,'0','1','通信工程','西北大学','2018-01-01','1','00000007',5.25,NULL,NULL,'2018-01-01','2023-04-13',NULL),(476,'张黎明','1','1991-02-01','610144199102014569','1','汉族','广东','群众','zhangliming@qq.com','18979994478','广东珠海',91,15,33,'1','2','考古','清华大学','2018-01-01','1','00000008',7,NULL,NULL,'2018-01-01','2025-01-30',NULL),(477,'薛磊','1','1992-07-01','610144199207017895','1','汉族','陕西西安','群众','xuelei@qq.com','15648887741','西安市雁塔区',92,14,34,'1','1','无','华胥中学','2018-01-01','1','00000009',6,NULL,NULL,'2018-01-01','2024-01-17',NULL),(478,'张洁','2','1990-10-09','420177199010093652','2','汉族','海南','群众','zhangjie@qq.com','13695557742','海口市美兰区',92,16,34,'1','2','无','海南侨中','2018-01-01','1','00000010',1,NULL,NULL,'2018-01-01','2019-01-01',NULL),(479,'江南一点雨2','1','1990-01-01','610122199001011256','1','汉族','陕西','群众','laowang@qq.com','18565558897','深圳市南山区',8,9,29,'1','4','信息管理与信息系统','深圳大学','2018-01-01','1','00000011',1,NULL,NULL,'2018-01-01','2019-01-01',NULL),(480,'陈静2','2','1989-02-01','421288198902011234','1','汉族','海南','群众','chenjing@qq.com','18795556693','海南省海口市美兰区',82,12,30,'1','2','市场营销','武汉大学','2015-06-09','1','00000012',3,NULL,NULL,'2015-06-09','2018-06-08',NULL),(481,'赵琳浩2','1','1993-03-04','610122199303041456','2','汉族','陕西','群众','zhao@qq.com','15698887795','陕西省西安市莲湖区',91,12,33,'1','6','电子工程','哈尔滨理工大学','2018-01-01','1','00000013',3.5,NULL,NULL,'2018-01-01','2021-07-14',NULL),(482,'鹿存亮2','1','1990-01-03','610122199001031456','1','汉族','陕西','群众','zhao@qq.com','15612347795','陕西省西安市莲湖区',92,12,34,'1','2','电子工程','哈尔滨理工大学','2018-01-01','1','00000014',3.5,NULL,NULL,'2018-01-01','2021-07-14',NULL),(483,'姚森2','1','1991-02-05','610122199102058952','1','汉族','河南','群众','yaosen@qq.com','14785559936','河南洛阳人民大道58号',92,15,34,'1','1','室内装修设计','西北大学','2017-01-02','1','00000015',7,NULL,NULL,'2017-01-02','2024-01-17',NULL),(484,'云星2','2','1993-01-05','610122199301054789','1','汉族','陕西西安','群众','yunxing@qq.com','15644442252','陕西西安新城区',92,16,34,'0','5','通信工程','西安电子科技学校','2018-01-01','1','00000016',5.25,NULL,NULL,'2018-01-01','2023-04-13',NULL),(485,'贾旭明2','1','1993-11-11','610122199311111234','1','汉族','广东广州','群众','jiaxuming@qq.com','15644441234','广东省广州市天河区冼村路',78,15,33,'0','1','通信工程','西北大学','2018-01-01','1','00000017',5.25,NULL,NULL,'2018-01-01','2023-04-13',NULL),(486,'王一亭','1','1991-02-01','610144199102014569','1','汉族','广东','群众','zhangliming@qq.com','18979994478','广东珠海',91,15,33,'1','2','考古','清华大学','2018-01-01','1','00000018',7,NULL,NULL,'2018-01-01','2025-01-30',NULL),(487,'薛磊2','1','1992-07-01','610144199207017895','1','汉族','陕西西安','群众','xuelei@qq.com','15648887741','西安市雁塔区',92,14,34,'1','1','无','华胥中学','2018-01-01','1','00000019',1,NULL,NULL,'2018-01-01','2019-01-01',NULL),(488,'张洁2','2','1990-10-09','420177199010093652','2','汉族','海南','群众','zhangjie@qq.com','13695557742','海口市美兰区',92,16,34,'1','2','无','海南侨中','2018-01-01','1','00000020',1,NULL,NULL,'2018-01-01','2019-01-01',NULL),(489,'江南一点雨3','1','1990-01-01','610122199001011256','1','汉族','陕西','群众','laowang@qq.com','18565558897','深圳市南山区',8,9,29,'1','4','信息管理与信息系统','深圳大学','2018-01-01','1','00000021',1,NULL,NULL,'2018-01-01','2019-01-01',NULL),(490,'陈静3','2','1989-02-01','421288198902011234','1','汉族','海南','群众','chenjing@qq.com','18795556693','海南省海口市美兰区',82,12,30,'1','2','市场营销','武汉大学','2015-06-09','1','00000022',3,NULL,NULL,'2015-06-09','2018-06-08',NULL),(491,'鹿存亮3','1','1990-01-03','610122199001031456','1','汉族','陕西','群众','zhao@qq.com','15612347795','陕西省西安市莲湖区',92,12,34,'1','2','电子工程','哈尔滨理工大学','2018-01-01','1','00000024',3.5,NULL,NULL,'2018-01-01','2021-07-14',NULL),(492,'姚森3','1','1991-02-05','610122199102058952','1','汉族','河南','群众','yaosen@qq.com','14785559936','河南洛阳人民大道58号',92,15,34,'1','1','室内装修设计','西北大学','2017-01-02','1','00000025',7,NULL,NULL,'2017-01-02','2024-01-17',NULL),(493,'云星3','2','1993-01-05','610122199301054789','1','汉族','陕西西安','群众','yunxing@qq.com','15644442252','陕西西安新城区',92,16,34,'0','5','通信工程','西安电子科技学校','2018-01-01','1','00000026',5.25,NULL,NULL,'2018-01-01','2023-04-13',NULL),(494,'贾旭明3','1','1993-11-11','610122199311111234','1','汉族','广东广州','群众','jiaxuming@qq.com','15644441234','广东省广州市天河区冼村路',78,15,33,'0','1','通信工程','西北大学','2018-01-01','1','00000027',5.25,NULL,NULL,'2018-01-01','2023-04-13',NULL),(495,'张黎明3','1','1991-02-01','610144199102014569','1','汉族','广东','群众','zhangliming@qq.com','18979994478','广东珠海',91,15,33,'1','2','考古','清华大学','2018-01-01','1','00000028',7,NULL,NULL,'2018-01-01','2025-01-30',NULL),(496,'薛磊3','1','1992-07-01','610144199207017895','1','汉族','陕西西安','群众','xuelei@qq.com','15648887741','西安市雁塔区',92,14,34,'1','1','无','华胥中学','2018-01-01','1','00000029',6,NULL,NULL,'2018-01-01','2024-01-17',NULL),(497,'江南一点雨4','1','1990-01-01','610122199001011256','1','汉族','陕西','群众','laowang@qq.com','18565558897','深圳市南山区',8,9,29,'1','4','信息管理与信息系统','深圳大学','2018-01-01','1','00000031',1,NULL,NULL,'2018-01-01','2019-01-01',NULL),(498,'陈静4','2','1989-02-01','421288198902011234','1','汉族','海南','群众','chenjing@qq.com','18795556693','海南省海口市美兰区',82,12,30,'1','2','市场营销','武汉大学','2015-06-09','1','00000032',3,NULL,NULL,'2015-06-09','2018-06-08',NULL),(499,'赵琳浩4','1','1993-03-04','610122199303041456','2','汉族','陕西','群众','zhao@qq.com','15698887795','陕西省西安市莲湖区',91,12,33,'1','6','电子工程','哈尔滨理工大学','2018-01-01','1','00000033',3.5,NULL,NULL,'2018-01-01','2021-07-14',NULL),(500,'鹿存亮4','1','1990-01-03','610122199001031456','1','汉族','陕西','群众','zhao@qq.com','15612347795','陕西省西安市莲湖区',92,12,34,'1','2','电子工程','哈尔滨理工大学','2018-01-01','1','00000034',3.5,NULL,NULL,'2018-01-01','2021-07-14',NULL),(501,'姚森4','1','1991-02-05','610122199102058952','1','汉族','河南','群众','yaosen@qq.com','14785559936','河南洛阳人民大道58号',92,15,34,'1','1','室内装修设计','西北大学','2017-01-02','1','00000035',7,NULL,NULL,'2017-01-02','2024-01-17',NULL),(502,'云星4','2','1993-01-05','610122199301054789','1','汉族','陕西西安','群众','yunxing@qq.com','15644442252','陕西西安新城区',92,16,34,'0','5','通信工程','西安电子科技学校','2018-01-01','1','00000036',5.25,NULL,NULL,'2018-01-01','2023-04-13',NULL),(503,'贾旭明4','1','1993-11-11','610122199311111234','1','汉族','广东广州','群众','jiaxuming@qq.com','15644441234','广东省广州市天河区冼村路',78,15,33,'0','1','通信工程','西北大学','2018-01-01','1','00000037',5.25,NULL,NULL,'2018-01-01','2023-04-13',NULL),(504,'谢工','1','1970-01-01','618177197001011234','0','汉族','江苏','群众','584991843@qq.com','18558887788','北京',91,12,29,'1','4','计算机软件','南华大学','2018-01-01','1','00000038',5,NULL,NULL,'2018-01-01','2023-01-01',NULL),(505,'林昭亮','1','1990-01-01','610122199809091234','1','汉族','广东','群众','584991843@qq.com','16767776654','广东深圳',91,15,33,'1','3','计算机软件','广东职业技术学院','2018-01-01','1','00000039',5,NULL,NULL,'2018-01-01','2023-01-01',NULL),(506,'11','1','2018-01-01','610122201801011234','1','汉族','1','群众','584991843@qq.com','111','1',89,9,29,'1','4','1','1','2018-01-01','1','00000040',4,NULL,NULL,'2018-01-01','2022-01-26',NULL),(507,'1','1','2018-01-01','610188199809091234','1','汉族','1','群众','584991843@qq.com','1','1',89,9,29,'1','3','1','1','2018-01-31','1','00000041',1,NULL,NULL,'2018-01-31','2019-01-31',NULL),(508,'1','1','2018-01-01','610122199909090000','1','汉族','1','群众','584991843@qq.com','1','1',78,9,29,'1','3','1','1','2018-01-31','1','00000042',1,NULL,NULL,'2018-01-31','2019-01-31',NULL),(509,'1','1','2018-01-01','610122199909090000','1','汉族','1','群众','584991843@qq.com','1','1',81,9,29,'1','3','1','1','2018-01-31','1','00000043',0,NULL,NULL,'2018-01-31','2018-01-31',NULL),(510,'1','1','2018-01-01','610122199909099999','1','汉族','1','群众','584991843@qq.com','1','1',87,9,29,'1','3','1','1','2018-01-01','1','00000044',0,NULL,NULL,'2018-01-01','2018-01-31',NULL),(511,'1','1','2018-01-01','610122199909099999','1','汉族','1','群众','584991843@qq.com','1','1',78,9,29,'1','3','1','1','2018-01-01','1','00000045',0,NULL,NULL,'2018-01-01','2018-01-31',NULL),(512,'林伯渠','1','2018-01-01','610122199909099999','2','汉族','1','群众','584991843@qq.com','1','1',8,9,29,'1','3','1','1','2018-01-31','1','00000046',0,NULL,NULL,'2018-01-31','2018-01-31',NULL),(513,'1','1','2018-01-01','610122199909091234','1','汉族','1','群众','584991843@qq.com','1','1',8,9,29,'1','3','1','1','2018-01-31','1','00000047',0,NULL,NULL,'2018-01-31','2018-01-31',NULL),(514,'javaboy','1','1989-12-31','610122199001011256','1','汉族','陕西','群众','laowang@qq.com','18565558897','深圳市南山区',5,9,29,'0','4','信息管理与信息系统','深圳大学','2017-12-31','1','00000057',2,'2018-03-31',NULL,'2017-12-31','2019-12-31',NULL),(515,'javaboy','1','1989-12-31','610122199001011256','1','汉族','陕西','群众','laowang@qq.com','18565558897','深圳市南山区',93,9,29,'0','4','信息管理与信息系统','深圳大学','2019-11-05','1','00000058',2,'2018-03-31',NULL,'2017-12-31','2019-12-31',NULL),(516,'javaboy','1','1989-12-31','610122199001011256','1','汉族','','群众','laowang@qq.com','18565558897','深圳市南山区',93,9,29,'0','4','信息管理与信息系统','深圳大学','2019-11-05','1','00000059',2,'2018-03-31',NULL,'2017-12-31','2019-12-31',NULL),(517,'javaboy','1','1989-12-31','610122199001011256','1','汉族','陕西','群众','laowan@123.com','18565558897','深圳市南山区',5,9,29,'0','4','信息管理与信息系统','深圳大学','2017-12-31','1','00000060',2,'2018-03-31',NULL,'2017-12-31','2019-12-31',NULL),(518,'javaboy','1','1989-12-31','610122199001011256','1','汉族','陕西','群众','laowan@123.com','18565558897','深圳市南山区',5,9,29,'0','4','信息管理与信息系统','深圳大学','2017-12-31','1','00000060',2,'2018-03-31',NULL,'2017-12-31','2019-12-31',NULL),(519,'javaboy','1','1989-12-31','610122199001011256','1','汉族','陕西','群众','laowang@qq.com','18565558897','深圳市南山区',91,9,29,'0','4','信息管理与信息系统','深圳大学','2017-12-31','1','00000061',2,'2018-03-31',NULL,'2017-12-31','2019-12-31',NULL),(520,'javaboy','1','1989-12-31','610122199001011256','1','汉族','陕西','群众','laowang@qq.com','18565558897','深圳市南山区',91,9,29,'0','4','信息管理与信息系统','深圳大学','2017-12-31','1','00000062',6.17,'2018-03-31',NULL,'2017-12-31','2024-02-29',NULL),(521,'javaboy666','1','2019-11-10','610122199911111111','1','汉族','广东','群众','123@qq.com','12345678901','广东深圳',78,9,29,'1','4','信管','深圳大学','2019-11-10','1','00000063',3.25,'2020-02-10',NULL,'2019-11-10','2023-02-22',NULL),(522,'javaboy666','1','2019-11-10','610122199911111111','1','汉族','广东','群众','123@qq.com','12345678901','广东深圳',78,9,29,'1','4','信管','深圳大学','2019-11-10','1','00000063',3.25,'2020-02-10',NULL,'2019-11-10','2023-02-22',NULL),(523,'江南一点雨','1','1990-01-01','610122199001011256','1','汉族','陕西','群众','laowang@qq.com','18565558897','深圳市南山区',5,9,29,'0','4','信息管理与信息系统','深圳大学','2018-01-01','1','00000001',2,'2018-04-01',NULL,'2018-01-01','2020-01-01',NULL),(524,'陈静','2','1989-02-01','421288198902011234','1','汉族','海南','群众','chenjing@qq.com','18795556693','海南省海口市美兰区',91,12,29,'1','2','市场营销','武汉大学','2015-06-09','1','00000002',3,'2015-09-10',NULL,'2015-06-09','2018-06-08',NULL),(525,'赵琳浩','1','1993-03-04','610122199303041456','2','汉族','陕西','群众','zhao@qq.com','15698887795','陕西省西安市莲湖区',91,12,33,'1','6','电子工程','哈尔滨理工大学','2018-01-01','1','00000003',3.5,'2018-04-01',NULL,'2018-01-01','2021-07-14',NULL),(526,'鹿存亮','1','1990-01-03','610122199001031456','1','汉族','陕西','群众','zhao@qq.com','15612347795','陕西省西安市莲湖区',92,12,34,'1','2','电子工程','哈尔滨理工大学','2018-01-01','1','00000004',3.5,'2018-04-01',NULL,'2018-01-01','2021-07-14',NULL),(527,'姚森','1','1991-02-05','610122199102058952','1','汉族','河南','群众','yaosen@qq.com','14785559936','河南洛阳人民大道58号',92,15,34,'1','5','室内装修设计','西北大学','2017-01-02','1','00000005',7,'2017-04-02',NULL,'2017-01-02','2024-01-17',NULL),(528,'云星','2','1993-01-05','610122199301054789','1','汉族','陕西西安','群众','yunxing@qq.com','15644442252','陕西西安新城区',92,16,34,'0','5','通信工程','西安电子科技学校','2018-01-01','1','00000006',5.25,'2018-04-01',NULL,'2018-01-01','2023-04-13',NULL),(529,'贾旭明','1','1993-11-11','610122199311111234','1','汉族','广东广州','群众','jiaxuming@qq.com','15644441234','广东省广州市天河区冼村路',78,15,33,'0','1','通信工程','西北大学','2018-01-01','1','00000007',5.25,'2018-04-01',NULL,'2018-01-01','2023-04-13',NULL),(530,'张黎明','1','1991-02-01','610144199102014569','1','汉族','广东','群众','zhangliming@qq.com','18979994478','广东珠海',91,15,33,'1','2','考古','清华大学','2018-01-01','1','00000008',7,'2018-04-01',NULL,'2018-01-01','2025-01-30',NULL),(531,'薛磊','1','1992-07-01','610144199207017895','1','汉族','陕西西安','群众','xuelei@qq.com','15648887741','西安市雁塔区',92,14,34,'1','1','无','华胥中学','2018-01-01','1','00000009',6,'2018-04-01',NULL,'2018-01-01','2024-01-17',NULL),(532,'张洁','2','1990-10-09','420177199010093652','2','汉族','海南','群众','zhangjie@qq.com','13695557742','海口市美兰区',92,16,34,'1','2','无','海南侨中','2018-01-01','1','00000010',1,'2018-01-31',NULL,'2018-01-01','2019-01-01',NULL),(533,'江南一点雨2','1','1990-01-01','610122199001011256','1','汉族','陕西','群众','laowang@qq.com','18565558897','深圳市南山区',91,9,29,'1','4','信息管理与信息系统','深圳大学','2018-01-01','1','00000011',1,'2018-04-01',NULL,'2018-01-01','2019-01-01',NULL),(534,'陈静2','2','1989-02-01','421288198902011234','1','汉族','海南','群众','chenjing@qq.com','18795556693','海南省海口市美兰区',82,12,30,'1','2','市场营销','武汉大学','2015-06-09','1','00000012',3,'2015-09-10',NULL,'2015-06-09','2018-06-08',NULL),(535,'赵琳浩2','1','1993-03-04','610122199303041456','2','汉族','陕西','群众','zhao@qq.com','15698887795','陕西省西安市莲湖区',91,12,33,'1','6','电子工程','哈尔滨理工大学','2018-01-01','1','00000013',3.5,'2018-04-01',NULL,'2018-01-01','2021-07-14',NULL),(536,'鹿存亮2','1','1990-01-03','610122199001031456','1','汉族','陕西','群众','zhao@qq.com','15612347795','陕西省西安市莲湖区',92,12,34,'1','2','电子工程','哈尔滨理工大学','2018-01-01','1','00000014',3.5,'2018-04-01',NULL,'2018-01-01','2021-07-14',NULL),(537,'姚森2','1','1991-02-05','610122199102058952','1','汉族','河南','群众','yaosen@qq.com','14785559936','河南洛阳人民大道58号',92,15,34,'1','1','室内装修设计','西北大学','2017-01-02','1','00000015',7,'2017-04-02',NULL,'2017-01-02','2024-01-17',NULL),(538,'云星2','2','1993-01-05','610122199301054789','1','汉族','陕西西安','群众','yunxing@qq.com','15644442252','陕西西安新城区',92,16,34,'0','5','通信工程','西安电子科技学校','2018-01-01','1','00000016',5.25,'2018-04-01',NULL,'2018-01-01','2023-04-13',NULL),(539,'贾旭明2','1','1993-11-11','610122199311111234','1','汉族','广东广州','群众','jiaxuming@qq.com','15644441234','广东省广州市天河区冼村路',78,15,33,'0','1','通信工程','西北大学','2018-01-01','1','00000017',5.25,'2018-04-01',NULL,'2018-01-01','2023-04-13',NULL),(540,'王一亭','1','1991-02-01','610144199102014569','1','汉族','广东','群众','zhangliming@qq.com','18979994478','广东珠海',91,15,33,'1','2','考古','清华大学','2018-01-01','1','00000018',7,'2018-04-01',NULL,'2018-01-01','2025-01-30',NULL),(541,'薛磊2','1','1992-07-01','610144199207017895','1','汉族','陕西西安','党员','xuelei@qq.com','15648887741','西安市雁塔区',92,14,34,'1','1','无','华胥中学','2018-01-01','1','00000019',1,'2018-04-01',NULL,'2018-01-01','2019-01-01',NULL),(542,'张洁2','2','1990-10-09','420177199010093652','2','汉族','海南','群众','zhangjie@qq.com','13695557742','海口市美兰区',92,16,34,'1','2','无','海南侨中','2018-01-01','1','00000020',1,'2018-01-31',NULL,'2018-01-01','2019-01-01',NULL),(543,'江南一点雨3','1','1990-01-01','610122199001011256','1','汉族','陕西','群众','laowang@qq.com','18565558897','深圳市南山区',8,9,29,'1','4','信息管理与信息系统','深圳大学','2018-01-01','1','00000021',1,'2018-04-01',NULL,'2018-01-01','2019-01-01',NULL),(544,'陈静3','2','1989-02-01','421288198902011234','1','汉族','海南','群众','chenjing@qq.com','18795556693','海南省海口市美兰区',82,12,30,'1','2','市场营销','武汉大学','2015-06-09','1','00000022',3,'2015-09-10',NULL,'2015-06-09','2018-06-08',NULL),(545,'鹿存亮3','1','1990-01-03','610122199001031456','1','汉族','陕西','党员','zhao@qq.com','15612347795','陕西省西安市莲湖区',92,12,34,'1','2','电子工程','哈尔滨理工大学','2018-01-01','1','00000024',3.5,'2018-04-01',NULL,'2018-01-01','2021-07-14',NULL),(546,'姚森3','1','1991-02-05','610122199102058952','1','汉族','河南','群众','yaosen@qq.com','14785559936','河南洛阳人民大道58号',92,15,34,'1','1','室内装修设计','西北大学','2017-01-02','1','00000025',7,'2017-04-02',NULL,'2017-01-02','2024-01-17',NULL),(547,'云星3','2','1993-01-05','610122199301054789','1','汉族','陕西西安','群众','yunxing@qq.com','15644442252','陕西西安新城区',92,16,34,'0','5','通信工程','西安电子科技学校','2018-01-01','1','00000026',5.25,'2018-04-01',NULL,'2018-01-01','2023-04-13',NULL),(548,'贾旭明3','1','1993-11-11','610122199311111234','1','汉族','广东广州','党员','jiaxuming@qq.com','15644441234','广东省广州市天河区冼村路',78,15,33,'0','1','通信工程','西北大学','2018-01-01','1','00000027',5.25,'2018-04-01',NULL,'2018-01-01','2023-04-13',NULL),(549,'张黎明3','1','1991-02-01','610144199102014569','1','汉族','广东','群众','zhangliming@qq.com','18979994478','广东珠海',91,15,33,'1','2','考古','清华大学','2018-01-01','1','00000028',7,'2018-04-01',NULL,'2018-01-01','2025-01-30',NULL),(550,'薛磊3','1','1992-07-01','610144199207017895','1','汉族','陕西西安','群众','xuelei@qq.com','15648887741','西安市雁塔区',92,14,34,'1','1','无','华胥中学','2018-01-01','1','00000029',6,'2018-04-01',NULL,'2018-01-01','2024-01-17',NULL),(551,'江南一点雨4','1','1990-01-01','610122199001011256','1','汉族','陕西','党员','laowang@qq.com','18565558897','深圳市南山区',8,9,29,'1','4','信息管理与信息系统','深圳大学','2018-01-01','1','00000031',1,'2018-04-01',NULL,'2018-01-01','2019-01-01',NULL),(552,'陈静4','2','1989-02-01','421288198902011234','1','汉族','海南','群众','chenjing@qq.com','18795556693','海南省海口市美兰区',82,12,30,'1','2','市场营销','武汉大学','2015-06-09','1','00000032',3,'2015-09-10',NULL,'2015-06-09','2018-06-08',NULL),(553,'赵琳浩4','1','1993-03-04','610122199303041456','2','汉族','陕西','党员','zhao@qq.com','15698887795','陕西省西安市莲湖区',91,12,33,'1','6','电子工程','哈尔滨理工大学','2018-01-01','1','00000033',3.5,'2018-04-01',NULL,'2018-01-01','2021-07-14',NULL),(554,'鹿存亮4','1','1990-01-03','610122199001031456','1','汉族','陕西','群众','zhao@qq.com','15612347795','陕西省西安市莲湖区',92,12,34,'1','2','电子工程','哈尔滨理工大学','2018-01-01','1','00000034',3.5,'2018-04-01',NULL,'2018-01-01','2021-07-14',NULL),(555,'姚森4','1','1991-02-05','610122199102058952','1','汉族','河南','党员','yaosen@qq.com','14785559936','河南洛阳人民大道58号',92,15,34,'1','1','室内装修设计','西北大学','2017-01-02','1','00000035',7,'2017-04-02',NULL,'2017-01-02','2024-01-17',NULL),(556,'云星4','2','1993-01-05','610122199301054789','1','汉族','陕西西安','群众','yunxing@qq.com','15644442252','陕西西安新城区',92,16,34,'0','5','通信工程','西安电子科技学校','2018-01-01','1','00000036',5.25,'2018-04-01',NULL,'2018-01-01','2023-04-13',NULL),(557,'贾旭明4','1','1993-11-11','610122199311111234','1','汉族','广东广州','群众','jiaxuming@qq.com','15644441234','广东省广州市天河区冼村路',78,15,33,'0','1','通信工程','西北大学','2018-01-01','1','00000037',5.25,'2018-04-01',NULL,'2018-01-01','2023-04-13',NULL),(558,'张黎明2','1','1991-02-01','610144199102014569','1','汉族','广东','群众','zhangliming@qq.com','18979994478','广东珠海',91,15,33,'1','2','考古','清华大学','2018-01-01','1','00000038',7,'2018-04-01',NULL,'2018-01-01','2025-01-30',NULL),(559,'薛磊4','1','1992-07-01','610144199207017895','1','汉族','陕西西安','群众','xuelei@qq.com','15648887741','西安市雁塔区',92,14,34,'1','1','无','华胥中学','2018-01-01','1','00000039',6,'2018-04-01',NULL,'2018-01-01','2024-01-17',NULL),(560,'张洁4','2','1990-10-09','420177199010093652','2','汉族','海南','群众','zhangjie@qq.com','13695557742','海口市美兰区',92,16,34,'1','2','无','海南侨中','2018-01-01','1','00000040',1,'2018-01-31',NULL,'2018-01-01','2019-01-01',NULL),(561,'江南一点雨5','1','1990-01-01','610122199001011256','1','汉族','陕西','群众','laowang@qq.com','18565558897','深圳市南山区',8,9,29,'1','4','信息管理与信息系统','深圳大学','2018-01-01','1','00000041',1,'2018-04-01',NULL,'2018-01-01','2019-01-01',NULL),(562,'陈静5','2','1989-02-01','421288198902011234','1','汉族','海南','群众','chenjing@qq.com','18795556693','海南省海口市美兰区',82,12,30,'1','2','市场营销','武汉大学','2015-06-09','1','00000042',3,'2015-09-10',NULL,'2015-06-09','2018-06-08',NULL),(563,'赵琳浩5','1','1993-03-04','610122199303041456','2','汉族','陕西','群众','zhao@qq.com','15698887795','陕西省西安市莲湖区',91,12,33,'1','6','电子工程','哈尔滨理工大学','2018-01-01','1','00000043',3.5,'2018-04-01',NULL,'2018-01-01','2021-07-14',NULL),(564,'鹿存亮5','1','1990-01-03','610122199001031456','1','汉族','陕西','群众','zhao@qq.com','15612347795','陕西省西安市莲湖区',92,12,34,'1','2','电子工程','哈尔滨理工大学','2018-01-01','1','00000044',3.5,'2018-04-01',NULL,'2018-01-01','2021-07-14',NULL),(565,'姚森5','1','1991-02-05','610122199102058952','1','汉族','河南','群众','yaosen@qq.com','14785559936','河南洛阳人民大道58号',92,15,34,'1','1','室内装修设计','西北大学','2017-01-02','1','00000045',7,'2017-04-02',NULL,'2017-01-02','2024-01-17',NULL),(566,'云星5','2','1993-01-05','610122199301054789','1','汉族','陕西西安','群众','yunxing@qq.com','15644442252','陕西西安新城区',92,16,34,'0','5','通信工程','西安电子科技学校','2018-01-01','1','00000046',5.25,'2018-04-01',NULL,'2018-01-01','2023-04-13',NULL),(567,'贾旭明5','1','1993-11-11','610122199311111234','1','汉族','广东广州','群众','jiaxuming@qq.com','15644441234','广东省广州市天河区冼村路',78,15,33,'0','1','通信工程','西北大学','2018-01-01','1','00000047',5.25,'2018-04-01',NULL,'2018-01-01','2023-04-13',NULL),(568,'张黎明5','1','1991-02-01','610144199102014569','1','汉族','广东','群众','zhangliming@qq.com','18979994478','广东珠海',91,15,33,'1','2','考古','清华大学','2018-01-01','1','00000048',7,'2018-04-01',NULL,'2018-01-01','2025-01-30',NULL),(569,'薛磊5','1','1992-07-01','610144199207017895','1','汉族','陕西西安','群众','xuelei@qq.com','15648887741','西安市雁塔区',92,14,34,'1','1','无','华胥中学','2018-01-01','1','00000049',6,'2018-04-01',NULL,'2018-01-01','2024-01-17',NULL),(570,'张洁5','2','1990-10-09','420177199010093652','2','汉族','海南','群众','zhangjie@qq.com','13695557742','海口市美兰区',92,16,34,'1','2','无','海南侨中','2018-01-01','1','00000050',1,'2018-01-31',NULL,'2018-01-01','2019-01-01',NULL),(571,'江南一点雨6','1','1990-01-01','610122199001011256','1','汉族','陕西','群众','laowang@qq.com','18565558897','深圳市南山区',8,9,29,'1','4','信息管理与信息系统','深圳大学','2018-01-01','1','00000051',1,'2018-04-01',NULL,'2018-01-01','2019-01-01',NULL),(572,'陈静6','2','1989-02-01','421288198902011234','1','汉族','海南','群众','chenjing@qq.com','18795556693','海南省海口市美兰区',82,12,30,'1','2','市场营销','武汉大学','2015-06-09','1','00000052',3,'2015-09-10',NULL,'2015-06-09','2018-06-08',NULL),(573,'赵琳浩6','1','1993-03-04','610122199303041456','2','汉族','陕西','群众','zhao@qq.com','15698887795','陕西省西安市莲湖区',91,12,33,'1','6','电子工程','哈尔滨理工大学','2018-01-01','1','00000053',3.5,'2018-04-01',NULL,'2018-01-01','2021-07-14',NULL),(574,'鹿存亮6','1','1990-01-03','610122199001031456','1','汉族','陕西','群众','zhao@qq.com','15612347795','陕西省西安市莲湖区',92,12,34,'1','2','电子工程','哈尔滨理工大学','2018-01-01','1','00000054',3.5,'2018-04-01',NULL,'2018-01-01','2021-07-14',NULL),(575,'姚森6','1','1991-02-05','610122199102058952','1','汉族','河南','群众','yaosen@qq.com','14785559936','河南洛阳人民大道58号',92,15,34,'1','1','室内装修设计','西北大学','2017-01-02','1','00000055',7,'2017-04-02',NULL,'2017-01-02','2024-01-17',NULL),(576,'云星6','2','1993-01-05','610122199301054789','1','汉族','陕西西安','群众','yunxing@qq.com','15644442252','陕西西安新城区',92,16,34,'0','5','通信工程','西安电子科技学校','2018-01-01','1','00000056',5.25,'2018-04-01',NULL,'2018-01-01','2023-04-13',NULL),(577,'江南一点雨','1','1990-01-01','610122199001011256','1','汉族','陕西','群众','laowang@qq.com','18565558897','深圳市南山区',8,9,29,'1','4','信息管理与信息系统','深圳大学','2018-01-01','1','00000001',1,NULL,NULL,'2018-01-01','2019-01-01',NULL),(578,'陈静','2','1989-02-01','421288198902011234','1','汉族','海南','群众','chenjing@qq.com','18795556693','海南省海口市美兰区',82,12,30,'1','2','市场营销','武汉大学','2015-06-09','1','00000002',3,NULL,NULL,'2015-06-09','2018-06-08',NULL),(579,'赵琳浩','1','1993-03-04','610122199303041456','2','汉族','陕西','群众','zhao@qq.com','15698887795','陕西省西安市莲湖区',91,12,33,'1','6','电子工程','哈尔滨理工大学','2018-01-01','1','00000003',3.5,NULL,NULL,'2018-01-01','2021-07-14',NULL),(580,'鹿存亮','1','1990-01-03','610122199001031456','1','汉族','陕西','群众','zhao@qq.com','15612347795','陕西省西安市莲湖区',92,12,34,'1','2','电子工程','哈尔滨理工大学','2018-01-01','1','00000004',3.5,NULL,NULL,'2018-01-01','2021-07-14',NULL),(581,'姚森','1','1991-02-05','610122199102058952','1','汉族','河南','群众','yaosen@qq.com','14785559936','河南洛阳人民大道58号',92,15,34,'1','1','室内装修设计','西北大学','2017-01-02','1','00000005',7,NULL,NULL,'2017-01-02','2024-01-17',NULL),(582,'贾旭明','1','1993-11-11','610122199311111234','1','汉族','广东广州','群众','jiaxuming@qq.com','15644441234','广东省广州市天河区冼村路',78,15,33,'0','1','通信工程','西北大学','2018-01-01','1','00000007',5.25,NULL,NULL,'2018-01-01','2023-04-13',NULL),(583,'张黎明','1','1991-02-01','610144199102014569','1','汉族','广东','群众','zhangliming@qq.com','18979994478','广东珠海',91,15,33,'1','2','考古','清华大学','2018-01-01','1','00000008',7,NULL,NULL,'2018-01-01','2025-01-30',NULL),(584,'薛磊','1','1992-07-01','610144199207017895','1','汉族','陕西西安','群众','xuelei@qq.com','15648887741','西安市雁塔区',92,14,34,'1','1','无','华胥中学','2018-01-01','1','00000009',6,NULL,NULL,'2018-01-01','2024-01-17',NULL),(585,'张洁','2','1990-10-09','420177199010093652','2','汉族','海南','群众','zhangjie@qq.com','13695557742','海口市美兰区',92,16,34,'1','2','无','海南侨中','2018-01-01','1','00000010',1,NULL,NULL,'2018-01-01','2019-01-01',NULL),(586,'江南一点雨2','1','1990-01-01','610122199001011256','1','汉族','陕西','群众','laowang@qq.com','18565558897','深圳市南山区',8,9,29,'1','4','信息管理与信息系统','深圳大学','2018-01-01','1','00000011',1,NULL,NULL,'2018-01-01','2019-01-01',NULL),(587,'陈静2','2','1989-02-01','421288198902011234','1','汉族','海南','群众','chenjing@qq.com','18795556693','海南省海口市美兰区',82,12,30,'1','2','市场营销','武汉大学','2015-06-09','1','00000012',3,NULL,NULL,'2015-06-09','2018-06-08',NULL),(588,'赵琳浩2','1','1993-03-04','610122199303041456','2','汉族','陕西','群众','zhao@qq.com','15698887795','陕西省西安市莲湖区',91,12,33,'1','6','电子工程','哈尔滨理工大学','2018-01-01','1','00000013',3.5,NULL,NULL,'2018-01-01','2021-07-14',NULL),(589,'鹿存亮2','1','1990-01-03','610122199001031456','1','汉族','陕西','群众','zhao@qq.com','15612347795','陕西省西安市莲湖区',92,12,34,'1','2','电子工程','哈尔滨理工大学','2018-01-01','1','00000014',3.5,NULL,NULL,'2018-01-01','2021-07-14',NULL),(590,'姚森2','1','1991-02-05','610122199102058952','1','汉族','河南','群众','yaosen@qq.com','14785559936','河南洛阳人民大道58号',92,15,34,'1','1','室内装修设计','西北大学','2017-01-02','1','00000015',7,NULL,NULL,'2017-01-02','2024-01-17',NULL),(591,'云星2','2','1993-01-05','610122199301054789','1','汉族','陕西西安','群众','yunxing@qq.com','15644442252','陕西西安新城区',92,16,34,'0','5','通信工程','西安电子科技学校','2018-01-01','1','00000016',5.25,NULL,NULL,'2018-01-01','2023-04-13',NULL),(592,'贾旭明2','1','1993-11-11','610122199311111234','1','汉族','广东广州','群众','jiaxuming@qq.com','15644441234','广东省广州市天河区冼村路',78,15,33,'0','1','通信工程','西北大学','2018-01-01','1','00000017',5.25,NULL,NULL,'2018-01-01','2023-04-13',NULL),(593,'王一亭','1','1991-02-01','610144199102014569','1','汉族','广东','群众','zhangliming@qq.com','18979994478','广东珠海',91,15,33,'1','2','考古','清华大学','2018-01-01','1','00000018',7,NULL,NULL,'2018-01-01','2025-01-30',NULL),(594,'薛磊2','1','1992-07-01','610144199207017895','1','汉族','陕西西安','群众','xuelei@qq.com','15648887741','西安市雁塔区',92,14,34,'1','1','无','华胥中学','2018-01-01','1','00000019',1,NULL,NULL,'2018-01-01','2019-01-01',NULL),(595,'张洁2','2','1990-10-09','420177199010093652','2','汉族','海南','群众','zhangjie@qq.com','13695557742','海口市美兰区',92,16,34,'1','2','无','海南侨中','2018-01-01','1','00000020',1,NULL,NULL,'2018-01-01','2019-01-01',NULL),(596,'江南一点雨3','1','1990-01-01','610122199001011256','1','汉族','陕西','群众','laowang@qq.com','18565558897','深圳市南山区',8,9,29,'1','4','信息管理与信息系统','深圳大学','2018-01-01','1','00000021',1,NULL,NULL,'2018-01-01','2019-01-01',NULL),(597,'陈静3','2','1989-02-01','421288198902011234','1','汉族','海南','群众','chenjing@qq.com','18795556693','海南省海口市美兰区',82,12,30,'1','2','市场营销','武汉大学','2015-06-09','1','00000022',3,NULL,NULL,'2015-06-09','2018-06-08',NULL),(598,'鹿存亮3','1','1990-01-03','610122199001031456','1','汉族','陕西','群众','zhao@qq.com','15612347795','陕西省西安市莲湖区',92,12,34,'1','2','电子工程','哈尔滨理工大学','2018-01-01','1','00000024',3.5,NULL,NULL,'2018-01-01','2021-07-14',NULL),(599,'姚森3','1','1991-02-05','610122199102058952','1','汉族','河南','群众','yaosen@qq.com','14785559936','河南洛阳人民大道58号',92,15,34,'1','1','室内装修设计','西北大学','2017-01-02','1','00000025',7,NULL,NULL,'2017-01-02','2024-01-17',NULL),(600,'云星3','2','1993-01-05','610122199301054789','1','汉族','陕西西安','群众','yunxing@qq.com','15644442252','陕西西安新城区',92,16,34,'0','5','通信工程','西安电子科技学校','2018-01-01','1','00000026',5.25,NULL,NULL,'2018-01-01','2023-04-13',NULL),(601,'贾旭明3','1','1993-11-11','610122199311111234','1','汉族','广东广州','群众','jiaxuming@qq.com','15644441234','广东省广州市天河区冼村路',78,15,33,'0','1','通信工程','西北大学','2018-01-01','1','00000027',5.25,NULL,NULL,'2018-01-01','2023-04-13',NULL),(602,'张黎明3','1','1991-02-01','610144199102014569','1','汉族','广东','群众','zhangliming@qq.com','18979994478','广东珠海',91,15,33,'1','2','考古','清华大学','2018-01-01','1','00000028',7,NULL,NULL,'2018-01-01','2025-01-30',NULL),(603,'薛磊3','1','1992-07-01','610144199207017895','1','汉族','陕西西安','群众','xuelei@qq.com','15648887741','西安市雁塔区',92,14,34,'1','1','无','华胥中学','2018-01-01','1','00000029',6,NULL,NULL,'2018-01-01','2024-01-17',NULL),(604,'江南一点雨4','1','1990-01-01','610122199001011256','1','汉族','陕西','群众','laowang@qq.com','18565558897','深圳市南山区',8,9,29,'1','4','信息管理与信息系统','深圳大学','2018-01-01','1','00000031',1,NULL,NULL,'2018-01-01','2019-01-01',NULL),(605,'陈静4','2','1989-02-01','421288198902011234','1','汉族','海南','群众','chenjing@qq.com','18795556693','海南省海口市美兰区',82,12,30,'1','2','市场营销','武汉大学','2015-06-09','1','00000032',3,NULL,NULL,'2015-06-09','2018-06-08',NULL),(606,'赵琳浩4','1','1993-03-04','610122199303041456','2','汉族','陕西','群众','zhao@qq.com','15698887795','陕西省西安市莲湖区',91,12,33,'1','6','电子工程','哈尔滨理工大学','2018-01-01','1','00000033',3.5,NULL,NULL,'2018-01-01','2021-07-14',NULL),(607,'鹿存亮4','1','1990-01-03','610122199001031456','1','汉族','陕西','群众','zhao@qq.com','15612347795','陕西省西安市莲湖区',92,12,34,'1','2','电子工程','哈尔滨理工大学','2018-01-01','1','00000034',3.5,NULL,NULL,'2018-01-01','2021-07-14',NULL),(608,'姚森4','1','1991-02-05','610122199102058952','1','汉族','河南','群众','yaosen@qq.com','14785559936','河南洛阳人民大道58号',92,15,34,'1','1','室内装修设计','西北大学','2017-01-02','1','00000035',7,NULL,NULL,'2017-01-02','2024-01-17',NULL),(609,'云星4','2','1993-01-05','610122199301054789','1','汉族','陕西西安','群众','yunxing@qq.com','15644442252','陕西西安新城区',92,16,34,'0','5','通信工程','西安电子科技学校','2018-01-01','1','00000036',5.25,NULL,NULL,'2018-01-01','2023-04-13',NULL),(610,'贾旭明4','1','1993-11-11','610122199311111234','1','汉族','广东广州','群众','jiaxuming@qq.com','15644441234','广东省广州市天河区冼村路',78,15,33,'0','1','通信工程','西北大学','2018-01-01','1','00000037',5.25,NULL,NULL,'2018-01-01','2023-04-13',NULL),(611,'谢工','1','1970-01-01','618177197001011234','0','汉族','江苏','群众','584991843@qq.com','18558887788','北京',91,12,29,'1','4','计算机软件','南华大学','2018-01-01','1','00000038',5,'2019-01-01',NULL,'2018-01-01','2023-01-01',NULL),(612,'林昭亮','1','1990-01-01','610122199809091234','1','汉族','广东','群众','584991843@qq.com','16767776654','广东深圳',91,15,33,'1','3','计算机软件','广东职业技术学院','2018-01-01','1','00000039',5,'2018-04-01',NULL,'2018-01-01','2023-01-01',NULL),(613,'11','1','2018-01-01','610122201801011234','1','汉族','1','群众','584991843@qq.com','111','1',89,9,29,'1','4','1','1','2018-01-01','1','00000040',4,'2018-04-01',NULL,'2018-01-01','2022-01-26',NULL),(614,'1','1','2018-01-01','610188199809091234','1','汉族','1','群众','584991843@qq.com','1','1',89,9,29,'1','3','1','1','2018-01-31','1','00000041',1,'2018-01-31',NULL,'2018-01-31','2019-01-31',NULL),(615,'1','1','2018-01-01','610122199909090000','1','汉族','1','群众','584991843@qq.com','1','1',78,9,29,'1','3','1','1','2018-01-31','1','00000042',1,'2018-01-31',NULL,'2018-01-31','2019-01-31',NULL),(616,'1','1','2018-01-01','610122199909090000','1','汉族','1','群众','584991843@qq.com','1','1',81,9,29,'1','3','1','1','2018-01-31','1','00000043',0,'2018-01-31',NULL,'2018-01-31','2018-01-31',NULL),(617,'1','1','2018-01-01','610122199909099999','1','汉族','1','群众','584991843@qq.com','1','1',87,9,29,'1','3','1','1','2018-01-01','1','00000044',0,'2018-01-01',NULL,'2018-01-01','2018-01-31',NULL),(618,'1','1','2018-01-01','610122199909099999','1','汉族','1','群众','584991843@qq.com','1','1',78,9,29,'1','3','1','1','2018-01-01','1','00000045',0,'2018-01-01',NULL,'2018-01-01','2018-01-31',NULL),(619,'林伯渠','1','2018-01-01','610122199909099999','2','汉族','1','群众','584991843@qq.com','1','1',8,9,29,'1','3','1','1','2018-01-31','1','00000046',0,'2018-01-31',NULL,'2018-01-31','2018-01-31',NULL),(620,'1','1','2018-01-01','610122199909091234','1','汉族','1','群众','584991843@qq.com','1','1',8,9,29,'1','3','1','1','2018-01-31','1','00000047',0,'2018-01-31',NULL,'2018-01-31','2018-01-31',NULL),(621,'江南一点雨','1','1990-01-01','610122199001011256','1','汉族','陕西','群众','laowang@qq.com','18565558897','深圳市南山区',5,9,29,'0','4','信息管理与信息系统','深圳大学','2018-01-01','1','00000001',2,NULL,NULL,'2018-01-01','2020-01-01',NULL),(623,'陈静','2','1989-02-01','421288198902011234','1','汉族','海南','群众','chenjing@qq.com','18795556693','海南省海口市美兰区',8,12,30,'1','2','市场营销','武汉大学','2015-06-09','1','00000002',3,NULL,NULL,'2015-06-09','2018-06-08',NULL),(624,'赵琳浩','1','1993-03-04','610122199303041456','2','汉族','陕西','群众','zhao@qq.com','15698887795','陕西省西安市莲湖区',91,12,33,'1','6','电子工程','哈尔滨理工大学','2018-01-01','1','00000003',3.5,NULL,NULL,'2018-01-01','2021-07-14',NULL),(625,'鹿存亮','1','1990-01-03','610122199001031456','1','汉族','陕西','群众','zhao@qq.com','15612347795','陕西省西安市莲湖区',92,12,34,'1','2','电子工程','哈尔滨理工大学','2018-01-01','1','00000004',3.5,NULL,NULL,'2018-01-01','2021-07-14',NULL),(626,'姚森','1','1991-02-05','610122199102058952','1','汉族','河南','群众','yaosen@qq.com','14785559936','河南洛阳人民大道58号',92,15,34,'1','5','室内装修设计','西北大学','2017-01-02','1','00000005',7,NULL,NULL,'2017-01-02','2024-01-17',NULL),(627,'云星','2','1993-01-05','610122199301054789','1','汉族','陕西西安','群众','yunxing@qq.com','15644442252','陕西西安新城区',92,16,34,'0','5','通信工程','西安电子科技学校','2018-01-01','1','00000006',5.25,NULL,NULL,'2018-01-01','2023-04-13',NULL),(628,'贾旭明','1','1993-11-11','610122199311111234','1','汉族','广东广州','群众','jiaxuming@qq.com','15644441234','广东省广州市天河区冼村路',78,15,33,'0','1','通信工程','西北大学','2018-01-01','1','00000007',5.25,NULL,NULL,'2018-01-01','2023-04-13',NULL),(629,'张黎明','1','1991-02-01','610144199102014569','1','汉族','广东','群众','zhangliming@qq.com','18979994478','广东珠海',91,15,33,'1','2','考古','清华大学','2018-01-01','1','00000008',7,NULL,NULL,'2018-01-01','2025-01-30',NULL),(630,'薛磊','1','1992-07-01','610144199207017895','1','汉族','陕西西安','群众','xuelei@qq.com','15648887741','西安市雁塔区',92,14,34,'1','1','无','华胥中学','2018-01-01','1','00000009',6,NULL,NULL,'2018-01-01','2024-01-17',NULL),(631,'张洁','2','1990-10-09','420177199010093652','2','汉族','海南','群众','zhangjie@qq.com','13695557742','海口市美兰区',92,16,34,'1','2','无','海南侨中','2018-01-01','1','00000010',1,NULL,NULL,'2018-01-01','2019-01-01',NULL),(632,'江南一点雨2','1','1990-01-01','610122199001011256','1','汉族','陕西','群众','laowang@qq.com','18565558897','深圳市南山区',91,9,29,'1','4','信息管理与信息系统','深圳大学','2018-01-01','1','00000011',1,NULL,NULL,'2018-01-01','2019-01-01',NULL),(633,'陈静2','2','1989-02-01','421288198902011234','1','汉族','海南','群众','chenjing@qq.com','18795556693','海南省海口市美兰区',82,12,30,'1','2','市场营销','武汉大学','2015-06-09','1','00000012',3,NULL,NULL,'2015-06-09','2018-06-08',NULL),(634,'赵琳浩2','1','1993-03-04','610122199303041456','2','汉族','陕西','群众','zhao@qq.com','15698887795','陕西省西安市莲湖区',91,12,33,'1','6','电子工程','哈尔滨理工大学','2018-01-01','1','00000013',3.5,NULL,NULL,'2018-01-01','2021-07-14',NULL),(635,'鹿存亮2','1','1990-01-03','610122199001031456','1','汉族','陕西','群众','zhao@qq.com','15612347795','陕西省西安市莲湖区',92,12,34,'1','2','电子工程','哈尔滨理工大学','2018-01-01','1','00000014',3.5,NULL,NULL,'2018-01-01','2021-07-14',NULL),(636,'姚森2','1','1991-02-05','610122199102058952','1','汉族','河南','群众','yaosen@qq.com','14785559936','河南洛阳人民大道58号',92,15,34,'1','1','室内装修设计','西北大学','2017-01-02','1','00000015',7,NULL,NULL,'2017-01-02','2024-01-17',NULL),(637,'云星2','2','1993-01-05','610122199301054789','1','汉族','陕西西安','群众','yunxing@qq.com','15644442252','陕西西安新城区',92,16,34,'0','5','通信工程','西安电子科技学校','2018-01-01','1','00000016',5.25,NULL,NULL,'2018-01-01','2023-04-13',NULL),(638,'贾旭明2','1','1993-11-11','610122199311111234','1','汉族','广东广州','群众','jiaxuming@qq.com','15644441234','广东省广州市天河区冼村路',78,15,33,'0','1','通信工程','西北大学','2018-01-01','1','00000017',5.25,NULL,NULL,'2018-01-01','2023-04-13',NULL),(639,'王一亭','1','1991-02-01','610144199102014569','1','汉族','广东','群众','zhangliming@qq.com','18979994478','广东珠海',91,15,33,'1','2','考古','清华大学','2018-01-01','1','00000018',7,NULL,NULL,'2018-01-01','2025-01-30',NULL),(640,'薛磊2','1','1992-07-01','610144199207017895','1','汉族','陕西西安','群众','xuelei@qq.com','15648887741','西安市雁塔区',92,14,34,'1','1','无','华胥中学','2018-01-01','1','00000019',1,NULL,NULL,'2018-01-01','2019-01-01',NULL),(641,'张洁2','2','1990-10-09','420177199010093652','2','汉族','海南','群众','zhangjie@qq.com','13695557742','海口市美兰区',92,16,34,'1','2','无','海南侨中','2018-01-01','1','00000020',1,NULL,NULL,'2018-01-01','2019-01-01',NULL),(642,'江南一点雨3','1','1990-01-01','610122199001011256','1','汉族','陕西','群众','laowang@qq.com','18565558897','深圳市南山区',8,9,29,'1','4','信息管理与信息系统','深圳大学','2018-01-01','1','00000021',1,NULL,NULL,'2018-01-01','2019-01-01',NULL),(643,'陈静3','2','1989-02-01','421288198902011234','1','汉族','海南','群众','chenjing@qq.com','18795556693','海南省海口市美兰区',82,12,30,'1','2','市场营销','武汉大学','2015-06-09','1','00000022',3,NULL,NULL,'2015-06-09','2018-06-08',NULL),(644,'鹿存亮3','1','1990-01-03','610122199001031456','1','汉族','陕西','群众','zhao@qq.com','15612347795','陕西省西安市莲湖区',92,12,34,'1','2','电子工程','哈尔滨理工大学','2018-01-01','1','00000024',3.5,NULL,NULL,'2018-01-01','2021-07-14',NULL),(645,'姚森3','1','1991-02-05','610122199102058952','1','汉族','河南','群众','yaosen@qq.com','14785559936','河南洛阳人民大道58号',92,15,34,'1','1','室内装修设计','西北大学','2017-01-02','1','00000025',7,NULL,NULL,'2017-01-02','2024-01-17',NULL),(646,'云星3','2','1993-01-05','610122199301054789','1','汉族','陕西西安','群众','yunxing@qq.com','15644442252','陕西西安新城区',92,16,34,'0','5','通信工程','西安电子科技学校','2018-01-01','1','00000026',5.25,NULL,NULL,'2018-01-01','2023-04-13',NULL),(647,'贾旭明3','1','1993-11-11','610122199311111234','1','汉族','广东广州','群众','jiaxuming@qq.com','15644441234','广东省广州市天河区冼村路',78,15,33,'0','1','通信工程','西北大学','2018-01-01','1','00000027',5.25,NULL,NULL,'2018-01-01','2023-04-13',NULL),(648,'张黎明3','1','1991-02-01','610144199102014569','1','汉族','广东','群众','zhangliming@qq.com','18979994478','广东珠海',91,15,33,'1','2','考古','清华大学','2018-01-01','1','00000028',7,NULL,NULL,'2018-01-01','2025-01-30',NULL),(649,'薛磊3','1','1992-07-01','610144199207017895','1','汉族','陕西西安','群众','xuelei@qq.com','15648887741','西安市雁塔区',92,14,34,'1','1','无','华胥中学','2018-01-01','1','00000029',6,NULL,NULL,'2018-01-01','2024-01-17',NULL),(650,'江南一点雨4','1','1990-01-01','610122199001011256','1','汉族','陕西','群众','laowang@qq.com','18565558897','深圳市南山区',8,9,29,'1','4','信息管理与信息系统','深圳大学','2018-01-01','1','00000031',1,NULL,NULL,'2018-01-01','2019-01-01',NULL),(651,'陈静4','2','1989-02-01','421288198902011234','1','汉族','海南','群众','chenjing@qq.com','18795556693','海南省海口市美兰区',82,12,30,'1','2','市场营销','武汉大学','2015-06-09','1','00000032',3,NULL,NULL,'2015-06-09','2018-06-08',NULL),(652,'赵琳浩4','1','1993-03-04','610122199303041456','2','汉族','陕西','群众','zhao@qq.com','15698887795','陕西省西安市莲湖区',91,12,33,'1','6','电子工程','哈尔滨理工大学','2018-01-01','1','00000033',3.5,NULL,NULL,'2018-01-01','2021-07-14',NULL),(653,'鹿存亮4','1','1990-01-03','610122199001031456','1','汉族','陕西','群众','zhao@qq.com','15612347795','陕西省西安市莲湖区',92,12,34,'1','2','电子工程','哈尔滨理工大学','2018-01-01','1','00000034',3.5,NULL,NULL,'2018-01-01','2021-07-14',NULL),(654,'姚森4','1','1991-02-05','610122199102058952','1','汉族','河南','群众','yaosen@qq.com','14785559936','河南洛阳人民大道58号',92,15,34,'1','1','室内装修设计','西北大学','2017-01-02','1','00000035',7,NULL,NULL,'2017-01-02','2024-01-17',NULL),(655,'云星4','2','1993-01-05','610122199301054789','1','汉族','陕西西安','群众','yunxing@qq.com','15644442252','陕西西安新城区',92,16,34,'0','5','通信工程','西安电子科技学校','2018-01-01','1','00000036',5.25,NULL,NULL,'2018-01-01','2023-04-13',NULL),(656,'贾旭明4','1','1993-11-11','610122199311111234','1','汉族','广东广州','群众','jiaxuming@qq.com','15644441234','广东省广州市天河区冼村路',78,15,33,'0','1','通信工程','西北大学','2018-01-01','1','00000037',5.25,NULL,NULL,'2018-01-01','2023-04-13',NULL),(657,'张黎明2','1','1991-02-01','610144199102014569','1','汉族','广东','群众','zhangliming@qq.com','18979994478','广东珠海',91,15,33,'1','2','考古','清华大学','2018-01-01','1','00000038',7,NULL,NULL,'2018-01-01','2025-01-30',NULL),(658,'薛磊4','1','1992-07-01','610144199207017895','1','汉族','陕西西安','群众','xuelei@qq.com','15648887741','西安市雁塔区',92,14,34,'1','1','无','华胥中学','2018-01-01','1','00000039',6,NULL,NULL,'2018-01-01','2024-01-17',NULL),(659,'张洁4','2','1990-10-09','420177199010093652','2','汉族','海南','群众','zhangjie@qq.com','13695557742','海口市美兰区',92,16,34,'1','2','无','海南侨中','2018-01-01','1','00000040',1,NULL,NULL,'2018-01-01','2019-01-01',NULL),(660,'江南一点雨5','1','1990-01-01','610122199001011256','1','汉族','陕西','群众','laowang@qq.com','18565558897','深圳市南山区',8,9,29,'1','4','信息管理与信息系统','深圳大学','2018-01-01','1','00000041',1,NULL,NULL,'2018-01-01','2019-01-01',NULL),(661,'陈静5','2','1989-02-01','421288198902011234','1','汉族','海南','群众','chenjing@qq.com','18795556693','海南省海口市美兰区',82,12,30,'1','2','市场营销','武汉大学','2015-06-09','1','00000042',3,NULL,NULL,'2015-06-09','2018-06-08',NULL),(662,'赵琳浩5','1','1993-03-04','610122199303041456','2','汉族','陕西','群众','zhao@qq.com','15698887795','陕西省西安市莲湖区',91,12,33,'1','6','电子工程','哈尔滨理工大学','2018-01-01','1','00000043',3.5,NULL,NULL,'2018-01-01','2021-07-14',NULL),(663,'鹿存亮5','1','1990-01-03','610122199001031456','1','汉族','陕西','群众','zhao@qq.com','15612347795','陕西省西安市莲湖区',92,12,34,'1','2','电子工程','哈尔滨理工大学','2018-01-01','1','00000044',3.5,NULL,NULL,'2018-01-01','2021-07-14',NULL),(664,'姚森5','1','1991-02-05','610122199102058952','1','汉族','河南','群众','yaosen@qq.com','14785559936','河南洛阳人民大道58号',92,15,34,'1','1','室内装修设计','西北大学','2017-01-02','1','00000045',7,NULL,NULL,'2017-01-02','2024-01-17',NULL),(665,'云星5','2','1993-01-05','610122199301054789','1','汉族','陕西西安','群众','yunxing@qq.com','15644442252','陕西西安新城区',92,16,34,'0','5','通信工程','西安电子科技学校','2018-01-01','1','00000046',5.25,NULL,NULL,'2018-01-01','2023-04-13',NULL),(666,'贾旭明5','1','1993-11-11','610122199311111234','1','汉族','广东广州','群众','jiaxuming@qq.com','15644441234','广东省广州市天河区冼村路',78,15,33,'0','1','通信工程','西北大学','2018-01-01','1','00000047',5.25,NULL,NULL,'2018-01-01','2023-04-13',NULL),(667,'张黎明5','1','1991-02-01','610144199102014569','1','汉族','广东','群众','zhangliming@qq.com','18979994478','广东珠海',91,15,33,'1','2','考古','清华大学','2018-01-01','1','00000048',7,NULL,NULL,'2018-01-01','2025-01-30',NULL),(668,'薛磊5','1','1992-07-01','610144199207017895','1','汉族','陕西西安','群众','xuelei@qq.com','15648887741','西安市雁塔区',92,14,34,'1','1','无','华胥中学','2018-01-01','1','00000049',6,NULL,NULL,'2018-01-01','2024-01-17',NULL),(669,'张洁5','2','1990-10-09','420177199010093652','2','汉族','海南','群众','zhangjie@qq.com','13695557742','海口市美兰区',92,16,34,'1','2','无','海南侨中','2018-01-01','1','00000050',1,NULL,NULL,'2018-01-01','2019-01-01',NULL),(670,'江南一点雨6','1','1990-01-01','610122199001011256','1','汉族','陕西','群众','laowang@qq.com','18565558897','深圳市南山区',8,9,29,'1','4','信息管理与信息系统','深圳大学','2018-01-01','1','00000051',1,NULL,NULL,'2018-01-01','2019-01-01',NULL),(671,'陈静6','2','1989-02-01','421288198902011234','1','汉族','海南','群众','chenjing@qq.com','18795556693','海南省海口市美兰区',82,12,30,'1','2','市场营销','武汉大学','2015-06-09','1','00000052',3,NULL,NULL,'2015-06-09','2018-06-08',NULL),(672,'赵琳浩6','1','1993-03-04','610122199303041456','2','汉族','陕西','群众','zhao@qq.com','15698887795','陕西省西安市莲湖区',91,12,33,'1','6','电子工程','哈尔滨理工大学','2018-01-01','1','00000053',3.5,NULL,NULL,'2018-01-01','2021-07-14',NULL),(673,'鹿存亮6','1','1990-01-03','610122199001031456','1','汉族','陕西','群众','zhao@qq.com','15612347795','陕西省西安市莲湖区',92,12,34,'1','2','电子工程','哈尔滨理工大学','2018-01-01','1','00000054',3.5,NULL,NULL,'2018-01-01','2021-07-14',NULL),(674,'姚森6','1','1991-02-05','610122199102058952','1','汉族','河南','群众','yaosen@qq.com','14785559936','河南洛阳人民大道58号',92,15,34,'1','1','室内装修设计','西北大学','2017-01-02','1','00000055',7,NULL,NULL,'2017-01-02','2024-01-17',NULL),(675,'云星6','2','1993-01-05','610122199301054789','1','汉族','陕西西安','群众','yunxing@qq.com','15644442252','陕西西安新城区',92,16,34,'0','5','通信工程','西安电子科技学校','2018-01-01','1','00000056',5.25,NULL,NULL,'2018-01-01','2023-04-13',NULL),(676,'江南一点雨','1','1990-01-01','610122199001011256','1','汉族','陕西','群众','laowang@qq.com','18565558897','深圳市南山区',8,9,29,'1','4','信息管理与信息系统','深圳大学','2018-01-01','1','00000001',1,NULL,NULL,'2018-01-01','2019-01-01',NULL),(677,'陈静','2','1989-02-01','421288198902011234','1','汉族','海南','群众','chenjing@qq.com','18795556693','海南省海口市美兰区',82,12,30,'1','2','市场营销','武汉大学','2015-06-09','1','00000002',3,NULL,NULL,'2015-06-09','2018-06-08',NULL),(678,'赵琳浩','1','1993-03-04','610122199303041456','2','汉族','陕西','群众','zhao@qq.com','15698887795','陕西省西安市莲湖区',91,12,33,'1','6','电子工程','哈尔滨理工大学','2018-01-01','1','00000003',3.5,NULL,NULL,'2018-01-01','2021-07-14',NULL),(679,'鹿存亮','1','1990-01-03','610122199001031456','1','汉族','陕西','群众','zhao@qq.com','15612347795','陕西省西安市莲湖区',92,12,34,'1','2','电子工程','哈尔滨理工大学','2018-01-01','1','00000004',3.5,NULL,NULL,'2018-01-01','2021-07-14',NULL),(680,'姚森','1','1991-02-05','610122199102058952','1','汉族','河南','群众','yaosen@qq.com','14785559936','河南洛阳人民大道58号',92,15,34,'1','1','室内装修设计','西北大学','2017-01-02','1','00000005',7,NULL,NULL,'2017-01-02','2024-01-17',NULL),(681,'贾旭明','1','1993-11-11','610122199311111234','1','汉族','广东广州','群众','jiaxuming@qq.com','15644441234','广东省广州市天河区冼村路',78,15,33,'0','1','通信工程','西北大学','2018-01-01','1','00000007',5.25,NULL,NULL,'2018-01-01','2023-04-13',NULL),(682,'张黎明','1','1991-02-01','610144199102014569','1','汉族','广东','群众','zhangliming@qq.com','18979994478','广东珠海',91,15,33,'1','2','考古','清华大学','2018-01-01','1','00000008',7,NULL,NULL,'2018-01-01','2025-01-30',NULL),(683,'薛磊','1','1992-07-01','610144199207017895','1','汉族','陕西西安','群众','xuelei@qq.com','15648887741','西安市雁塔区',92,14,34,'1','1','无','华胥中学','2018-01-01','1','00000009',6,NULL,NULL,'2018-01-01','2024-01-17',NULL),(684,'张洁','2','1990-10-09','420177199010093652','2','汉族','海南','群众','zhangjie@qq.com','13695557742','海口市美兰区',92,16,34,'1','2','无','海南侨中','2018-01-01','1','00000010',1,NULL,NULL,'2018-01-01','2019-01-01',NULL),(685,'江南一点雨2','1','1990-01-01','610122199001011256','1','汉族','陕西','群众','laowang@qq.com','18565558897','深圳市南山区',8,9,29,'1','4','信息管理与信息系统','深圳大学','2018-01-01','1','00000011',1,NULL,NULL,'2018-01-01','2019-01-01',NULL),(686,'陈静2','2','1989-02-01','421288198902011234','1','汉族','海南','群众','chenjing@qq.com','18795556693','海南省海口市美兰区',82,12,30,'1','2','市场营销','武汉大学','2015-06-09','1','00000012',3,NULL,NULL,'2015-06-09','2018-06-08',NULL),(687,'赵琳浩2','1','1993-03-04','610122199303041456','2','汉族','陕西','群众','zhao@qq.com','15698887795','陕西省西安市莲湖区',91,12,33,'1','6','电子工程','哈尔滨理工大学','2018-01-01','1','00000013',3.5,NULL,NULL,'2018-01-01','2021-07-14',NULL),(688,'鹿存亮2','1','1990-01-03','610122199001031456','1','汉族','陕西','群众','zhao@qq.com','15612347795','陕西省西安市莲湖区',92,12,34,'1','2','电子工程','哈尔滨理工大学','2018-01-01','1','00000014',3.5,NULL,NULL,'2018-01-01','2021-07-14',NULL),(689,'姚森2','1','1991-02-05','610122199102058952','1','汉族','河南','群众','yaosen@qq.com','14785559936','河南洛阳人民大道58号',92,15,34,'1','1','室内装修设计','西北大学','2017-01-02','1','00000015',7,NULL,NULL,'2017-01-02','2024-01-17',NULL),(690,'云星2','2','1993-01-05','610122199301054789','1','汉族','陕西西安','群众','yunxing@qq.com','15644442252','陕西西安新城区',92,16,34,'0','5','通信工程','西安电子科技学校','2018-01-01','1','00000016',5.25,NULL,NULL,'2018-01-01','2023-04-13',NULL),(691,'贾旭明2','1','1993-11-11','610122199311111234','1','汉族','广东广州','群众','jiaxuming@qq.com','15644441234','广东省广州市天河区冼村路',78,15,33,'0','1','通信工程','西北大学','2018-01-01','1','00000017',5.25,NULL,NULL,'2018-01-01','2023-04-13',NULL),(692,'王一亭','1','1991-02-01','610144199102014569','1','汉族','广东','群众','zhangliming@qq.com','18979994478','广东珠海',91,15,33,'1','2','考古','清华大学','2018-01-01','1','00000018',7,NULL,NULL,'2018-01-01','2025-01-30',NULL),(693,'薛磊2','1','1992-07-01','610144199207017895','1','汉族','陕西西安','群众','xuelei@qq.com','15648887741','西安市雁塔区',92,14,34,'1','1','无','华胥中学','2018-01-01','1','00000019',1,NULL,NULL,'2018-01-01','2019-01-01',NULL),(694,'张洁2','2','1990-10-09','420177199010093652','2','汉族','海南','群众','zhangjie@qq.com','13695557742','海口市美兰区',92,16,34,'1','2','无','海南侨中','2018-01-01','1','00000020',1,NULL,NULL,'2018-01-01','2019-01-01',NULL),(695,'江南一点雨3','1','1990-01-01','610122199001011256','1','汉族','陕西','群众','laowang@qq.com','18565558897','深圳市南山区',8,9,29,'1','4','信息管理与信息系统','深圳大学','2018-01-01','1','00000021',1,NULL,NULL,'2018-01-01','2019-01-01',NULL),(696,'陈静3','2','1989-02-01','421288198902011234','1','汉族','海南','群众','chenjing@qq.com','18795556693','海南省海口市美兰区',82,12,30,'1','2','市场营销','武汉大学','2015-06-09','1','00000022',3,NULL,NULL,'2015-06-09','2018-06-08',NULL),(697,'鹿存亮3','1','1990-01-03','610122199001031456','1','汉族','陕西','群众','zhao@qq.com','15612347795','陕西省西安市莲湖区',92,12,34,'1','2','电子工程','哈尔滨理工大学','2018-01-01','1','00000024',3.5,NULL,NULL,'2018-01-01','2021-07-14',NULL),(698,'姚森3','1','1991-02-05','610122199102058952','1','汉族','河南','群众','yaosen@qq.com','14785559936','河南洛阳人民大道58号',92,15,34,'1','1','室内装修设计','西北大学','2017-01-02','1','00000025',7,NULL,NULL,'2017-01-02','2024-01-17',NULL),(699,'云星3','2','1993-01-05','610122199301054789','1','汉族','陕西西安','群众','yunxing@qq.com','15644442252','陕西西安新城区',92,16,34,'0','5','通信工程','西安电子科技学校','2018-01-01','1','00000026',5.25,NULL,NULL,'2018-01-01','2023-04-13',NULL),(700,'贾旭明3','1','1993-11-11','610122199311111234','1','汉族','广东广州','群众','jiaxuming@qq.com','15644441234','广东省广州市天河区冼村路',78,15,33,'0','1','通信工程','西北大学','2018-01-01','1','00000027',5.25,NULL,NULL,'2018-01-01','2023-04-13',NULL),(701,'张黎明3','1','1991-02-01','610144199102014569','1','汉族','广东','群众','zhangliming@qq.com','18979994478','广东珠海',91,15,33,'1','2','考古','清华大学','2018-01-01','1','00000028',7,NULL,NULL,'2018-01-01','2025-01-30',NULL),(702,'薛磊3','1','1992-07-01','610144199207017895','1','汉族','陕西西安','群众','xuelei@qq.com','15648887741','西安市雁塔区',92,14,34,'1','1','无','华胥中学','2018-01-01','1','00000029',6,NULL,NULL,'2018-01-01','2024-01-17',NULL),(703,'江南一点雨4','1','1990-01-01','610122199001011256','1','汉族','陕西','群众','laowang@qq.com','18565558897','深圳市南山区',8,9,29,'1','4','信息管理与信息系统','深圳大学','2018-01-01','1','00000031',1,NULL,NULL,'2018-01-01','2019-01-01',NULL),(704,'陈静4','2','1989-02-01','421288198902011234','1','汉族','海南','群众','chenjing@qq.com','18795556693','海南省海口市美兰区',82,12,30,'1','2','市场营销','武汉大学','2015-06-09','1','00000032',3,NULL,NULL,'2015-06-09','2018-06-08',NULL),(705,'赵琳浩4','1','1993-03-04','610122199303041456','2','汉族','陕西','群众','zhao@qq.com','15698887795','陕西省西安市莲湖区',91,12,33,'1','6','电子工程','哈尔滨理工大学','2018-01-01','1','00000033',3.5,NULL,NULL,'2018-01-01','2021-07-14',NULL),(706,'鹿存亮4','1','1990-01-03','610122199001031456','1','汉族','陕西','群众','zhao@qq.com','15612347795','陕西省西安市莲湖区',92,12,34,'1','2','电子工程','哈尔滨理工大学','2018-01-01','1','00000034',3.5,NULL,NULL,'2018-01-01','2021-07-14',NULL),(707,'姚森4','1','1991-02-05','610122199102058952','1','汉族','河南','群众','yaosen@qq.com','14785559936','河南洛阳人民大道58号',92,15,34,'1','1','室内装修设计','西北大学','2017-01-02','1','00000035',7,NULL,NULL,'2017-01-02','2024-01-17',NULL),(708,'云星4','2','1993-01-05','610122199301054789','1','汉族','陕西西安','群众','yunxing@qq.com','15644442252','陕西西安新城区',92,16,34,'0','5','通信工程','西安电子科技学校','2018-01-01','1','00000036',5.25,NULL,NULL,'2018-01-01','2023-04-13',NULL),(709,'贾旭明4','1','1993-11-11','610122199311111234','1','汉族','广东广州','群众','jiaxuming@qq.com','15644441234','广东省广州市天河区冼村路',78,15,33,'0','1','通信工程','西北大学','2018-01-01','1','00000037',5.25,NULL,NULL,'2018-01-01','2023-04-13',NULL),(710,'谢工','1','1970-01-01','618177197001011234','0','汉族','江苏','群众','584991843@qq.com','18558887788','北京',91,12,29,'1','4','计算机软件','南华大学','2018-01-01','1','00000038',5,NULL,NULL,'2018-01-01','2023-01-01',NULL),(711,'林昭亮','1','1990-01-01','610122199809091234','1','汉族','广东','群众','584991843@qq.com','16767776654','广东深圳',91,15,33,'1','3','计算机软件','广东职业技术学院','2018-01-01','1','00000039',5,NULL,NULL,'2018-01-01','2023-01-01',NULL),(712,'11','1','2018-01-01','610122201801011234','1','汉族','1','群众','584991843@qq.com','111','1',89,9,29,'1','4','1','1','2018-01-01','0','00000040',4,NULL,NULL,'2018-01-01','2022-01-26',NULL),(713,'1','1','2018-01-01','610188199809091234','1','汉族','1','群众','584991843@qq.com','1','1',89,9,29,'1','3','1','1','2018-01-31','0','00000041',1,NULL,NULL,'2018-01-31','2019-01-31',NULL),(714,'1','1','2018-01-01','610122199909090000','1','汉族','1','群众','584991843@qq.com','1','1',78,9,29,'1','3','1','1','2018-01-31','0','00000042',1,NULL,NULL,'2018-01-31','2019-01-31',NULL),(715,'1','1','2018-01-01','610122199909090000','1','汉族','1','群众','584991843@qq.com','1','1',81,9,29,'1','3','1','1','2018-01-31','1','00000043',0,NULL,NULL,'2018-01-31','2018-01-31',NULL),(716,'1','1','2018-01-01','610122199909099999','1','汉族','1','群众','584991843@qq.com','1','1',87,9,29,'1','3','1','1','2018-01-01','0','00000044',0,NULL,NULL,'2018-01-01','2018-01-31',NULL),(717,'1','1','2018-01-01','610122199909099999','1','汉族','1','群众','584991843@qq.com','1','1',78,9,29,'1','3','1','1','2018-01-01','1','00000045',0,NULL,NULL,'2018-01-01','2018-01-31',NULL),(718,'林伯渠','1','2018-01-01','610122199909099999','2','汉族','1','党员','584991843@qq.com','1','1',8,9,29,'1','3','1','1','2018-01-31','0','00000046',0,NULL,NULL,'2018-01-31','2018-01-31',NULL),(719,'1','1','2018-01-01','610122199909091234','1','汉族','1','群众','584991843@qq.com','1','1',8,9,29,'1','3','1','1','2018-01-31','1','00000047',0,NULL,NULL,'2018-01-31','2018-01-31',NULL),(720,'javaboy','1','1989-12-31','610122199001011256','1','汉族','陕西','群众','laowang@qq.com','18565558897','深圳市南山区',5,9,29,'0','4','信息管理与信息系统','深圳大学','2017-12-31','0','00000057',2,'2018-03-31',NULL,'2017-12-31','2019-12-31',NULL),(721,'javaboy','1','1989-12-31','610122199001011256','1','汉族','陕西','群众','laowang@qq.com','18565558897','深圳市南山区',93,9,29,'0','4','信息管理与信息系统','深圳大学','2019-11-05','1','00000058',2,'2018-03-31',NULL,'2017-12-31','2019-12-31',NULL),(722,'javaboy','1','1989-12-31','610122199001011256','1','汉族','','群众','laowang@qq.com','18565558897','深圳市南山区',93,9,29,'0','4','信息管理与信息系统','深圳大学','2019-11-05','0','00000059',2,'2018-03-31',NULL,'2017-12-31','2019-12-31',NULL),(723,'javaboy','1','1989-12-31','610122199001011256','1','汉族','陕西','党员','laowan@123.com','18565558897','深圳市南山区',5,9,29,'0','4','信息管理与信息系统','深圳大学','2017-12-31','1','00000060',2,'2018-03-31',NULL,'2017-12-31','2019-12-31',NULL),(724,'javaboy','1','1989-12-31','610122199001011256','1','汉族','陕西','群众','laowan@123.com','18565558897','深圳市南山区',5,9,29,'0','4','信息管理与信息系统','深圳大学','2017-12-31','1','00000060',2,'2018-03-31',NULL,'2017-12-31','2019-12-31',NULL),(725,'javaboy','1','1989-12-31','610122199001011256','1','汉族','陕西','群众','laowang@qq.com','18565558897','深圳市南山区',91,9,29,'0','4','信息管理与信息系统','深圳大学','2017-12-31','1','00000061',2,'2018-03-31',NULL,'2017-12-31','2019-12-31',NULL),(726,'javaboy','1','1989-12-31','610122199001011256','1','汉族','陕西','党员','laowang@qq.com','18565558897','深圳市南山区',91,9,29,'0','4','信息管理与信息系统','深圳大学','2017-12-31','1','00000062',6.17,'2018-03-31',NULL,'2017-12-31','2024-02-29',NULL),(727,'javaboy666','1','2019-11-10','610122199911111111','1','汉族','广东','群众','123@qq.com','12345678901','广东深圳',78,9,29,'1','4','信管','深圳大学','2019-11-10','1','00000063',3.25,'2020-02-10',NULL,'2019-11-10','2023-02-22',NULL),(728,'javaboy666','1','2019-11-10','610122199911111111','1','汉族','广东','党员','123@qq.com','12345678901','广东深圳',78,9,29,'1','4','信管','深圳大学','2019-11-10','1','00000063',3.25,'2020-02-10',NULL,'2019-11-10','2023-02-22',NULL),(729,'javaboy','1','2017-11-01','610144199905059999','1','汉族','广东','群众','584991843@qq.com','18564447789','广东深圳',85,9,29,'1','4','信息管理与信息系统','深圳大学','2019-11-24','1','00000064',3,'2020-01-10',NULL,'2019-11-24','2022-11-27',NULL),(730,'javaboy','1','2019-11-24','610144199905056666','1','汉族','广东','群众','584991843@qq.com','18566667777','广东深圳',89,9,29,'1','4','计算机科学','深圳大学','2019-11-24','1','00000065',3,'2020-02-23',NULL,'2019-11-24','2022-11-27',NULL),(731,'李点点','0','2001-01-25','44062199905306318','0','汉','广东佛山','群众','4987test9@qq.com','13415599888','广州市白云区太和镇',87,9,31,'0','4','计算机科学与技术','广州理工学院','2022-12-10','0','9527',5,'2019-02-11',NULL,'2023-02-18','2028-02-23',3);

/*Table structure for table `hr_employee_remove` */

DROP TABLE IF EXISTS `hr_employee_remove`;

CREATE TABLE `hr_employee_remove` (
  `id` bigint(20) NOT NULL AUTO_INCREMENT COMMENT '员工调动编号',
  `employee_id` bigint(20) DEFAULT NULL COMMENT '员工编号',
  `before_dept_id` bigint(20) DEFAULT NULL COMMENT '调动前部门',
  `before_post_id` bigint(20) DEFAULT NULL COMMENT '调动前职位',
  `after_dept_id` bigint(20) DEFAULT NULL COMMENT '调动后部门',
  `after_post_id` bigint(20) DEFAULT NULL COMMENT '调动后职位',
  `remove_date` date DEFAULT NULL COMMENT '调动日期',
  `reason` varchar(255) DEFAULT NULL COMMENT '调动原因',
  `remark` varchar(255) DEFAULT NULL COMMENT '备注',
  PRIMARY KEY (`id`),
  KEY `pid` (`employee_id`),
  CONSTRAINT `employeeremove_ibfk_1` FOREIGN KEY (`employee_id`) REFERENCES `hr_employee` (`employee_id`)
) ENGINE=InnoDB AUTO_INCREMENT=4 DEFAULT CHARSET=utf8mb4 ROW_FORMAT=DYNAMIC COMMENT='员工调动表';

/*Data for the table `hr_employee_remove` */

insert  into `hr_employee_remove`(`id`,`employee_id`,`before_dept_id`,`before_post_id`,`after_dept_id`,`after_post_id`,`remove_date`,`reason`,`remark`) values (1,2,89,36,91,29,'2023-02-19','能力出色',NULL),(2,1,5,29,87,29,'2023-02-19','项目临时特派',NULL),(3,731,5,31,87,31,'2023-02-19','紧急抽调',NULL);

/*Table structure for table `hr_employeeec` */

DROP TABLE IF EXISTS `hr_employeeec`;

CREATE TABLE `hr_employeeec` (
  `employeeec_id` bigint(20) NOT NULL AUTO_INCREMENT COMMENT '奖惩编号',
  `employee_id` bigint(20) DEFAULT NULL COMMENT '员工编号',
  `ec_date` date DEFAULT NULL COMMENT '奖罚日期',
  `ec_reason` varchar(255) DEFAULT NULL COMMENT '奖罚原因',
  `general_type` char(11) DEFAULT NULL COMMENT '奖惩类别',
  `ec_type` char(11) DEFAULT NULL COMMENT '奖惩类型',
  `ec_num` double(11,2) DEFAULT NULL COMMENT '奖惩金额',
  `remark` varchar(255) DEFAULT NULL COMMENT '备注',
  PRIMARY KEY (`employeeec_id`),
  KEY `pid` (`employee_id`),
  CONSTRAINT `employeeec_ibfk_1` FOREIGN KEY (`employee_id`) REFERENCES `hr_employee` (`employee_id`)
) ENGINE=InnoDB AUTO_INCREMENT=3 DEFAULT CHARSET=utf8mb4 ROW_FORMAT=DYNAMIC COMMENT='员工奖惩表';

/*Data for the table `hr_employeeec` */

insert  into `hr_employeeec`(`employeeec_id`,`employee_id`,`ec_date`,`ec_reason`,`general_type`,`ec_type`,`ec_num`,`remark`) values (1,1,'2023-02-19','广州项目组xxx项目上线成功','5','0',500.00,NULL),(2,731,'2023-02-19','2023年2月19日早上迟到120分钟','0','1',20.00,NULL);

/*Table structure for table `hr_job_level` */

DROP TABLE IF EXISTS `hr_job_level`;

CREATE TABLE `hr_job_level` (
  `job_level_id` bigint(20) NOT NULL AUTO_INCREMENT COMMENT '职称编号',
  `job_level_name` varchar(32) DEFAULT NULL COMMENT '职称名称',
  `title_level` enum('正高级','副高级','中级','初级','员级','助理级','高级') DEFAULT NULL COMMENT '职称等级',
  `create_time` datetime DEFAULT NULL COMMENT '创建时间',
  `update_time` datetime DEFAULT NULL COMMENT '修改时间',
  `status` char(1) DEFAULT '0' COMMENT '状态',
  PRIMARY KEY (`job_level_id`)
) ENGINE=InnoDB AUTO_INCREMENT=19 DEFAULT CHARSET=utf8mb4 ROW_FORMAT=DYNAMIC COMMENT='职称表';

/*Data for the table `hr_job_level` */

insert  into `hr_job_level`(`job_level_id`,`job_level_name`,`title_level`,`create_time`,`update_time`,`status`) values (9,'教授','正高级','2023-02-20 13:59:00','2023-02-20 14:01:52','0'),(10,'副教授','副高级','2023-02-20 13:59:13','2023-02-20 14:01:52','0'),(11,'助教','初级','2023-02-20 13:59:14','2023-02-20 14:01:52','0'),(12,'讲师','中级','2023-02-20 13:59:16','2023-02-20 14:01:52','0'),(13,'初级工程师','初级','2023-03-10 13:59:18','2023-02-20 14:01:52','1'),(14,'中级工程师','中级','2023-02-20 13:59:21','2023-02-20 14:01:52','0'),(15,'高级工程师','副高级','2023-02-20 13:59:23','2023-02-20 14:01:52','0'),(16,'骨灰级工程师','正高级','2023-02-20 13:59:26','2023-02-20 14:01:52','0'),(17,'高级架构师','正高级','2023-04-01 15:28:09','2023-02-20 14:01:52','0'),(18,'test','副高级','2023-02-20 17:30:27','2023-02-20 17:37:44','1');

/*Table structure for table `hr_leave` */

DROP TABLE IF EXISTS `hr_leave`;

CREATE TABLE `hr_leave` (
  `leave_id` bigint(20) unsigned NOT NULL AUTO_INCREMENT COMMENT '请假编号',
  `employee_id` bigint(20) DEFAULT NULL COMMENT '员工编号',
  `days` int(11) DEFAULT NULL COMMENT '请假的天数',
  `type_num` int(11) DEFAULT NULL COMMENT '请假类型id',
  `start_date` date DEFAULT NULL COMMENT '请假的开始日期',
  `status` tinyint(4) DEFAULT '0' COMMENT '0未审核，1审核通过，2驳回，3撤销',
  `remark` varchar(200) DEFAULT NULL COMMENT '备注',
  `create_time` datetime NOT NULL DEFAULT CURRENT_TIMESTAMP COMMENT '创建时间',
  `update_time` datetime DEFAULT CURRENT_TIMESTAMP ON UPDATE CURRENT_TIMESTAMP COMMENT '修改时间',
  `is_deleted` tinyint(4) unsigned NOT NULL DEFAULT '0' COMMENT '状态/逻辑删除',
  PRIMARY KEY (`leave_id`) USING BTREE
) ENGINE=InnoDB AUTO_INCREMENT=5 DEFAULT CHARSET=utf8mb4 ROW_FORMAT=DYNAMIC COMMENT='员工请假表';

/*Data for the table `hr_leave` */

insert  into `hr_leave`(`leave_id`,`employee_id`,`days`,`type_num`,`start_date`,`status`,`remark`,`create_time`,`update_time`,`is_deleted`) values (1,1,4,4,'2022-05-06',1,'回家喽','2022-05-06 17:34:33','2022-05-06 17:35:20',0),(2,2,4,4,'2022-05-14',1,'回家喽','2022-05-06 17:38:32','2022-05-06 17:38:40',0),(3,2,4,4,'2022-05-19',1,NULL,'2022-05-13 15:11:41','2022-05-13 15:12:39',0),(4,1,5,0,'2023-01-10',3,'努力复习中！','2023-01-02 21:44:24','2023-01-02 22:16:45',1);

/*Table structure for table `hr_overtime` */

DROP TABLE IF EXISTS `hr_overtime`;

CREATE TABLE `hr_overtime` (
  `id` bigint(20) unsigned NOT NULL AUTO_INCREMENT COMMENT '加班编号',
  `salary_multiple` decimal(5,2) DEFAULT NULL COMMENT '工资倍数，如按照小时计算，就是员工平均小时工资乘以倍数',
  `bonus` decimal(10,3) DEFAULT NULL COMMENT '加班奖金',
  `overtime_type_id` int(11) DEFAULT NULL COMMENT '加班类型',
  `employee_id` bigint(20) DEFAULT NULL COMMENT '员工编号',
  `count_type` tinyint(4) DEFAULT NULL COMMENT '0小时，1天，默认0，计数加班工资的类型',
  `remark` varchar(200) DEFAULT NULL COMMENT '备注',
  `is_time_off` tinyint(4) unsigned DEFAULT '0' COMMENT '0不补休，1补休，默认0',
  `create_time` datetime NOT NULL DEFAULT CURRENT_TIMESTAMP COMMENT '创建时间',
  `update_time` datetime DEFAULT CURRENT_TIMESTAMP ON UPDATE CURRENT_TIMESTAMP COMMENT '修改时间',
  `is_deleted` tinyint(3) DEFAULT '0',
  PRIMARY KEY (`id`) USING BTREE
) ENGINE=InnoDB AUTO_INCREMENT=7 DEFAULT CHARSET=utf8mb4 ROW_FORMAT=DYNAMIC COMMENT='加班表';

/*Data for the table `hr_overtime` */

insert  into `hr_overtime`(`id`,`salary_multiple`,`bonus`,`overtime_type_id`,`employee_id`,`count_type`,`remark`,`is_time_off`,`create_time`,`update_time`,`is_deleted`) values (1,'1.60','200.000',1,2,1,NULL,0,'2022-03-28 19:16:06','2022-03-28 19:16:06',NULL),(2,'0.00','0.000',3,15,0,NULL,1,'2022-03-28 22:00:05','2022-03-28 22:00:05',NULL),(3,'0.10',NULL,1,5,0,NULL,0,'2022-03-28 22:24:08','2022-03-28 22:24:08',NULL),(4,'0.30',NULL,2,5,1,NULL,0,'2022-03-28 22:26:03','2022-03-28 22:26:03',NULL),(5,'0.30',NULL,2,2,0,NULL,0,'2022-03-28 22:28:01','2022-03-28 22:28:01',NULL),(6,'0.00','0.000',3,2,0,NULL,1,'2022-03-31 20:00:21','2022-03-31 20:00:21',NULL);

/*Table structure for table `hr_overtime_type` */

DROP TABLE IF EXISTS `hr_overtime_type`;

CREATE TABLE `hr_overtime_type` (
  `overtime_type_id` int(11) unsigned NOT NULL AUTO_INCREMENT COMMENT '加班类型编号',
  `code` varchar(20) DEFAULT NULL COMMENT '加班类型编码',
  `name` varchar(20) DEFAULT NULL COMMENT '加班类型名称',
  `status` char(1) NOT NULL DEFAULT '0' COMMENT '状态 0正常1禁言',
  `create_time` datetime NOT NULL COMMENT '创建时间',
  `update_time` datetime DEFAULT NULL COMMENT '修改时间',
  `lower_limit` decimal(5,2) DEFAULT NULL COMMENT '工资倍数下限',
  PRIMARY KEY (`overtime_type_id`) USING BTREE
) ENGINE=InnoDB AUTO_INCREMENT=5 DEFAULT CHARSET=utf8mb4 ROW_FORMAT=DYNAMIC COMMENT='加班类型表';

/*Data for the table `hr_overtime_type` */

insert  into `hr_overtime_type`(`overtime_type_id`,`code`,`name`,`status`,`create_time`,`update_time`,`lower_limit`) values (1,'workday_overtime','工作日加班','0','2022-03-28 10:02:10','2023-02-13 15:33:02','1.50'),(2,'holiday_overtime','节假日加班','0','2022-03-28 10:02:35','2023-02-13 15:33:03','3.00'),(3,'day_off_overtime','休息日加班','0','2022-03-28 10:02:45','2023-02-13 15:33:05','2.00'),(4,'test','test','1','2023-02-20 17:37:03','2023-02-20 17:37:08','21.00');

/*Table structure for table `hr_salary` */

DROP TABLE IF EXISTS `hr_salary`;

CREATE TABLE `hr_salary` (
  `salary_id` bigint(20) NOT NULL AUTO_INCREMENT COMMENT '薪资编号',
  `salary_name` varchar(32) DEFAULT NULL COMMENT '薪资账套名称',
  `basic_salary` float(11,2) DEFAULT NULL COMMENT '基本工资',
  `bonus` float(11,2) DEFAULT NULL COMMENT '奖金',
  `lunch_salary` float(11,2) DEFAULT NULL COMMENT '午餐补助',
  `traffic_salary` float(11,2) DEFAULT NULL COMMENT '交通补助',
  `all_salary` float(11,2) DEFAULT NULL COMMENT '应发工资',
  `pension_base` float(11,2) DEFAULT NULL COMMENT '养老金基数',
  `pension_per` float(11,2) DEFAULT NULL COMMENT '养老金比率',
  `update_time` datetime DEFAULT NULL COMMENT '修改时间',
  `create_time` datetime DEFAULT NULL COMMENT '创建时间',
  `medical_base` float(11,2) DEFAULT NULL COMMENT '医疗基数',
  `medical_per` float(11,2) DEFAULT NULL COMMENT '医疗保险比率',
  `accumulation_fundbase` float(11,2) DEFAULT NULL COMMENT '公积金基数',
  `accumulation_fundper` float(11,2) DEFAULT NULL COMMENT '公积金比率',
  PRIMARY KEY (`salary_id`)
) ENGINE=InnoDB AUTO_INCREMENT=5 DEFAULT CHARSET=utf8mb4 ROW_FORMAT=DYNAMIC COMMENT='薪资表';

/*Data for the table `hr_salary` */

insert  into `hr_salary`(`salary_id`,`salary_name`,`basic_salary`,`bonus`,`lunch_salary`,`traffic_salary`,`all_salary`,`pension_base`,`pension_per`,`update_time`,`create_time`,`medical_base`,`medical_per`,`accumulation_fundbase`,`accumulation_fundper`) values (1,'市场部工资账套',9000.00,4000.00,800.00,500.00,NULL,2000.00,0.00,'2023-02-20 14:07:20','2023-02-20 17:42:08',2000.00,0.00,2000.00,0.00),(2,'人事部工资账套',2000.00,2000.00,400.00,1000.00,NULL,2000.00,0.07,'2023-02-20 14:07:20','2023-02-20 17:42:10',2000.00,0.07,2000.00,0.07),(3,'运维部工资账套',20000.00,3000.00,500.00,500.00,NULL,4000.00,0.07,'2023-02-20 14:07:20','2023-02-20 17:42:14',4000.00,0.07,4000.00,0.07),(4,'研发部工资账套',8000.00,1000.00,600.00,200.00,0.00,1000.00,0.20,'2023-02-20 17:46:43','2023-02-20 17:46:20',0.20,1000.00,0.20,1000.00);

/*Table structure for table `hr_work_time` */

DROP TABLE IF EXISTS `hr_work_time`;

CREATE TABLE `hr_work_time` (
  `id` bigint(20) unsigned NOT NULL AUTO_INCREMENT COMMENT '工作时间编号',
  `dept_id` bigint(20) unsigned DEFAULT NULL COMMENT '部门编号',
  `mor_start_time` time DEFAULT NULL COMMENT '上午上班时间',
  `mor_end_time` time DEFAULT NULL COMMENT '上午下班时间',
  `aft_start_time` time DEFAULT NULL COMMENT '下午上班时间',
  `aft_end_time` time DEFAULT NULL COMMENT '下午下班时间',
  `total_work_time` decimal(3,1) DEFAULT NULL COMMENT '员工总工作时长',
  `remark` varchar(200) DEFAULT NULL COMMENT '备注',
  `create_time` datetime DEFAULT NULL COMMENT '创建时间',
  `update_time` datetime DEFAULT NULL COMMENT '修改时间',
  `status` char(1) NOT NULL DEFAULT '0' COMMENT '状态',
  PRIMARY KEY (`id`) USING BTREE
) ENGINE=InnoDB AUTO_INCREMENT=11 DEFAULT CHARSET=utf8mb4 ROW_FORMAT=DYNAMIC COMMENT='工作时间表';

/*Data for the table `hr_work_time` */

insert  into `hr_work_time`(`id`,`dept_id`,`mor_start_time`,`mor_end_time`,`aft_start_time`,`aft_end_time`,`total_work_time`,`remark`,`create_time`,`update_time`,`status`) values (1,101,'08:00:00','12:00:00','13:00:00','20:00:00','7.7',NULL,'2023-02-20 13:59:38','2023-02-17 19:26:13','0'),(2,102,'07:30:00','12:20:00','13:30:00','16:30:00','7.8',NULL,'2023-02-20 13:59:42',NULL,'0'),(3,103,'08:00:00','12:00:00','13:10:00','16:40:00','7.5',NULL,'2023-02-20 13:59:40',NULL,'0'),(4,104,'08:00:00','11:50:00','13:10:00','16:50:00','7.5',NULL,'2023-02-20 13:59:44',NULL,'0'),(5,105,'08:20:00','12:00:00','13:30:00','17:00:00','7.2',NULL,'2023-02-20 13:59:45',NULL,'0'),(6,106,'08:10:00','11:40:00','13:20:00','16:50:00','7.0',NULL,'2023-02-20 13:59:47',NULL,'0'),(7,107,'07:50:00','12:10:00','13:20:00','17:00:00','8.0',NULL,'2023-02-20 13:59:51',NULL,'0'),(8,108,'09:00:00','11:50:00','13:10:00','16:50:00','6.5',NULL,'2023-02-20 13:59:49',NULL,'0'),(9,109,'06:10:00','10:30:00','13:20:00','17:00:00','8.0',NULL,'2023-02-20 13:59:59',NULL,'0'),(10,5,'08:30:00','12:30:00','13:10:00','18:00:00','9.0','test','2023-02-20 17:39:30','2023-02-20 17:39:38','1');

/*Table structure for table `sys_config` */

DROP TABLE IF EXISTS `sys_config`;

CREATE TABLE `sys_config` (
  `config_id` int(5) NOT NULL AUTO_INCREMENT COMMENT '参数主键',
  `config_name` varchar(100) DEFAULT '' COMMENT '参数名称',
  `config_key` varchar(100) DEFAULT '' COMMENT '参数键名',
  `config_value` varchar(500) DEFAULT '' COMMENT '参数键值',
  `config_type` char(1) DEFAULT 'N' COMMENT '系统内置（Y是 N否）',
  `create_by` varchar(64) DEFAULT '' COMMENT '创建者',
  `create_time` datetime DEFAULT NULL COMMENT '创建时间',
  `update_by` varchar(64) DEFAULT '' COMMENT '更新者',
  `update_time` datetime DEFAULT NULL COMMENT '更新时间',
  `remark` varchar(500) DEFAULT NULL COMMENT '备注',
  PRIMARY KEY (`config_id`)
) ENGINE=InnoDB AUTO_INCREMENT=6 DEFAULT CHARSET=utf8 COMMENT='参数配置表';

/*Data for the table `sys_config` */

insert  into `sys_config`(`config_id`,`config_name`,`config_key`,`config_value`,`config_type`,`create_by`,`create_time`,`update_by`,`update_time`,`remark`) values (1,'主框架页-默认皮肤样式名称','sys.index.skinName','skin-blue','Y','admin','2023-02-08 00:18:06','',NULL,'蓝色 skin-blue、绿色 skin-green、紫色 skin-purple、红色 skin-red、黄色 skin-yellow'),(2,'用户管理-账号初始密码','sys.user.initPassword','123456','Y','admin','2023-02-08 00:18:06','',NULL,'初始化密码 123456'),(3,'主框架页-侧边栏主题','sys.index.sideTheme','theme-dark','Y','admin','2023-02-08 00:18:06','',NULL,'深色主题theme-dark，浅色主题theme-light'),(4,'账号自助-验证码开关','sys.account.captchaEnabled','true','Y','admin','2023-02-08 00:18:06','',NULL,'是否开启验证码功能（true开启，false关闭）'),(5,'账号自助-是否开启用户注册功能','sys.account.registerUser','false','Y','admin','2023-02-08 00:18:06','',NULL,'是否开启注册用户功能（true开启，false关闭）');

/*Table structure for table `sys_dept` */

DROP TABLE IF EXISTS `sys_dept`;

CREATE TABLE `sys_dept` (
  `dept_id` bigint(20) NOT NULL AUTO_INCREMENT COMMENT '部门id',
  `parent_id` bigint(20) DEFAULT '0' COMMENT '父部门id',
  `ancestors` varchar(50) DEFAULT '' COMMENT '祖级列表',
  `dept_name` varchar(30) DEFAULT '' COMMENT '部门名称',
  `order_num` int(4) DEFAULT '0' COMMENT '显示顺序',
  `leader` varchar(20) DEFAULT NULL COMMENT '负责人',
  `phone` varchar(11) DEFAULT NULL COMMENT '联系电话',
  `email` varchar(50) DEFAULT NULL COMMENT '邮箱',
  `status` char(1) DEFAULT '0' COMMENT '部门状态（0正常 1停用）',
  `del_flag` char(1) DEFAULT '0' COMMENT '删除标志（0代表存在 2代表删除）',
  `create_by` varchar(64) DEFAULT '' COMMENT '创建者',
  `create_time` datetime DEFAULT NULL COMMENT '创建时间',
  `update_by` varchar(64) DEFAULT '' COMMENT '更新者',
  `update_time` datetime DEFAULT NULL COMMENT '更新时间',
  PRIMARY KEY (`dept_id`)
) ENGINE=InnoDB AUTO_INCREMENT=110 DEFAULT CHARSET=utf8 COMMENT='部门表';

/*Data for the table `sys_dept` */

insert  into `sys_dept`(`dept_id`,`parent_id`,`ancestors`,`dept_name`,`order_num`,`leader`,`phone`,`email`,`status`,`del_flag`,`create_by`,`create_time`,`update_by`,`update_time`) values (4,100,'0,100','广州分公司',2,'点点','15888888888','diandian@qq.com','0','0','admin','2023-02-12 19:13:24','',NULL),(5,4,'0,100,4','研发部门1',3,'点点','15888888888',NULL,'0','0','admin','2023-02-12 19:13:24','',NULL),(8,4,'0,100,4','市场部门1',3,'点点','15888888888',NULL,'0','0','admin','2023-02-12 19:13:24','',NULL),(78,4,'0,100,4','测试部门1',3,'点点','15888888888',NULL,'0','0','admin','2023-02-12 19:13:24','',NULL),(81,4,'0,100,4','财务部门',3,'点点','15888888888',NULL,'0','0','admin','2023-02-12 19:13:24','',NULL),(82,4,'0,100,4','运维部门',3,'点点','15888888888',NULL,'0','0','admin','2023-02-12 19:13:24','',NULL),(85,4,'0,100,4','设计部门1',3,'点点','15888888888',NULL,'0','0','admin','2023-02-12 19:13:24','',NULL),(86,4,'0,100,4','设计部门2',3,'点点','15888888888',NULL,'0','0','admin','2023-02-12 19:13:24','',NULL),(87,4,'0,100,4','研发部门2',3,'点点','15888888888',NULL,'0','0','admin','2023-02-12 19:13:24','',NULL),(89,4,'0,100,4','研发部门3',3,'点点','15888888888',NULL,'0','0','admin','2023-02-12 19:13:24','',NULL),(91,4,'0,100,4','研发部门4',3,'点点','15888888888',NULL,'0','0','admin','2023-02-12 19:13:24','',NULL),(92,4,'0,100,4','研发部门5',3,'点点','15888888888',NULL,'0','0','admin','2023-02-12 19:13:24','',NULL),(93,4,'0,100,4','市场部门2',3,'点点','15888888888',NULL,'0','0','admin','2023-02-12 19:13:24','',NULL),(94,4,'0,100,4','测试部门2',3,'点点','15888888888',NULL,'0','0','admin','2023-02-12 19:13:24','',NULL),(96,4,'0,100,4','测试部门3',3,'点点','15888888888',NULL,'0','0','admin','2023-02-12 19:13:24','',NULL),(100,0,'0','点点科技',0,'点点','15888888888','diandian@qq.com','0','0','admin','2023-02-08 00:17:59','admin','2023-02-17 19:36:12'),(101,100,'0,100','深圳总公司',1,'点点','15888888888','diandian@qq.com','0','0','admin','2023-02-08 00:17:59','',NULL),(102,100,'0,100','长沙分公司',2,'点点','15888888888','diandian@qq.com','0','0','admin','2023-02-08 00:17:59','',NULL),(103,101,'0,100,101','研发部门',1,'点点','15888888888','diandian@qq.com','0','0','admin','2023-02-08 00:17:59','',NULL),(104,101,'0,100,101','市场部门',2,'点点','15888888888','diandian@qq.com','0','0','admin','2023-02-08 00:17:59','',NULL),(105,101,'0,100,101','测试部门',3,'点点','15888888888','diandian@qq.com','0','0','admin','2023-02-08 00:17:59','',NULL),(106,101,'0,100,101','财务部门',4,'点点','15888888888','diandian@qq.com','0','0','admin','2023-02-08 00:17:59','',NULL),(107,101,'0,100,101','运维部门',5,'点点','15888888888','diandian@qq.com','0','0','admin','2023-02-08 00:17:59','',NULL),(108,102,'0,100,102','市场部门',1,'点点','15888888888','diandian@qq.com','0','0','admin','2023-02-08 00:17:59','',NULL),(109,102,'0,100,102','财务部门',1,'点点','15888888888','diandian@qq.com','0','0','admin','2023-02-08 00:17:59','',NULL);

/*Table structure for table `sys_dict_data` */

DROP TABLE IF EXISTS `sys_dict_data`;

CREATE TABLE `sys_dict_data` (
  `dict_code` bigint(20) NOT NULL AUTO_INCREMENT COMMENT '字典编码',
  `dict_sort` int(4) DEFAULT '0' COMMENT '字典排序',
  `dict_label` varchar(100) DEFAULT '' COMMENT '字典标签',
  `dict_value` varchar(100) DEFAULT '' COMMENT '字典键值',
  `dict_type` varchar(100) DEFAULT '' COMMENT '字典类型',
  `css_class` varchar(100) DEFAULT NULL COMMENT '样式属性（其他样式扩展）',
  `list_class` varchar(100) DEFAULT NULL COMMENT '表格回显样式',
  `is_default` char(1) DEFAULT 'N' COMMENT '是否默认（Y是 N否）',
  `status` char(1) DEFAULT '0' COMMENT '状态（0正常 1停用）',
  `create_by` varchar(64) DEFAULT '' COMMENT '创建者',
  `create_time` datetime DEFAULT NULL COMMENT '创建时间',
  `update_by` varchar(64) DEFAULT '' COMMENT '更新者',
  `update_time` datetime DEFAULT NULL COMMENT '更新时间',
  `remark` varchar(500) DEFAULT NULL COMMENT '备注',
  PRIMARY KEY (`dict_code`)
) ENGINE=InnoDB AUTO_INCREMENT=59 DEFAULT CHARSET=utf8 COMMENT='字典数据表';

/*Data for the table `sys_dict_data` */

insert  into `sys_dict_data`(`dict_code`,`dict_sort`,`dict_label`,`dict_value`,`dict_type`,`css_class`,`list_class`,`is_default`,`status`,`create_by`,`create_time`,`update_by`,`update_time`,`remark`) values (1,1,'男','0','sys_user_sex','','','Y','0','admin','2023-02-08 00:18:05','',NULL,'性别男'),(2,2,'女','1','sys_user_sex','','','N','0','admin','2023-02-08 00:18:05','',NULL,'性别女'),(3,3,'未知','2','sys_user_sex','','','N','0','admin','2023-02-08 00:18:05','',NULL,'性别未知'),(4,1,'显示','0','sys_show_hide','','primary','Y','0','admin','2023-02-08 00:18:05','',NULL,'显示菜单'),(5,2,'隐藏','1','sys_show_hide','','danger','N','0','admin','2023-02-08 00:18:05','',NULL,'隐藏菜单'),(6,1,'正常','0','sys_normal_disable','','primary','Y','0','admin','2023-02-08 00:18:05','',NULL,'正常状态'),(7,2,'停用','1','sys_normal_disable','','danger','N','0','admin','2023-02-08 00:18:05','',NULL,'停用状态'),(8,1,'正常','0','sys_job_status','','primary','Y','0','admin','2023-02-08 00:18:05','',NULL,'正常状态'),(9,2,'暂停','1','sys_job_status','','danger','N','0','admin','2023-02-08 00:18:05','',NULL,'停用状态'),(10,1,'默认','DEFAULT','sys_job_group','','','Y','0','admin','2023-02-08 00:18:05','',NULL,'默认分组'),(11,2,'系统','SYSTEM','sys_job_group','','','N','0','admin','2023-02-08 00:18:05','',NULL,'系统分组'),(12,1,'是','Y','sys_yes_no','','primary','Y','0','admin','2023-02-08 00:18:05','',NULL,'系统默认是'),(13,2,'否','N','sys_yes_no','','danger','N','0','admin','2023-02-08 00:18:05','',NULL,'系统默认否'),(14,1,'通知','1','sys_notice_type','','warning','Y','0','admin','2023-02-08 00:18:05','',NULL,'通知'),(15,2,'公告','2','sys_notice_type','','success','N','0','admin','2023-02-08 00:18:05','',NULL,'公告'),(16,1,'正常','0','sys_notice_status','','primary','Y','0','admin','2023-02-08 00:18:05','',NULL,'正常状态'),(17,2,'关闭','1','sys_notice_status','','danger','N','0','admin','2023-02-08 00:18:05','',NULL,'关闭状态'),(18,99,'其他','0','sys_oper_type','','info','N','0','admin','2023-02-08 00:18:05','',NULL,'其他操作'),(19,1,'新增','1','sys_oper_type','','info','N','0','admin','2023-02-08 00:18:05','',NULL,'新增操作'),(20,2,'修改','2','sys_oper_type','','info','N','0','admin','2023-02-08 00:18:05','',NULL,'修改操作'),(21,3,'删除','3','sys_oper_type','','danger','N','0','admin','2023-02-08 00:18:05','',NULL,'删除操作'),(22,4,'授权','4','sys_oper_type','','primary','N','0','admin','2023-02-08 00:18:05','',NULL,'授权操作'),(23,5,'导出','5','sys_oper_type','','warning','N','0','admin','2023-02-08 00:18:05','',NULL,'导出操作'),(24,6,'导入','6','sys_oper_type','','warning','N','0','admin','2023-02-08 00:18:05','',NULL,'导入操作'),(25,7,'强退','7','sys_oper_type','','danger','N','0','admin','2023-02-08 00:18:05','',NULL,'强退操作'),(26,8,'生成代码','8','sys_oper_type','','warning','N','0','admin','2023-02-08 00:18:05','',NULL,'生成操作'),(27,9,'清空数据','9','sys_oper_type','','danger','N','0','admin','2023-02-08 00:18:05','',NULL,'清空操作'),(28,1,'成功','0','sys_common_status','','primary','N','0','admin','2023-02-08 00:18:05','',NULL,'正常状态'),(29,2,'失败','1','sys_common_status','','danger','N','0','admin','2023-02-08 00:18:05','',NULL,'停用状态'),(30,0,'在职','0','employee_work_status','','primary','Y','0','admin','2023-02-18 17:34:18','admin','2023-02-18 17:35:13','在职状态'),(31,0,'离职','1','employee_work_status','','danger','N','0','admin','2023-02-18 17:35:02','',NULL,'离职状态'),(32,0,'未婚','0','employee_wedlock_status','','','Y','0','admin','2023-02-18 17:35:02','',NULL,'未婚状态'),(33,1,'已婚','1','employee_wedlock_status','','','N','0','admin','2023-02-18 17:35:02','',NULL,'已婚状态'),(34,2,'离异','2','employee_wedlock_status','','','N','0','admin','2023-02-18 17:35:02','',NULL,'离异状态'),(35,0,'劳动合同','0','employee_engage_form','','','Y','0','admin','2023-02-18 17:35:02','',NULL,'劳动合同状态'),(36,0,'劳务合同','1','employee_engage_form','','','N','0','admin','2023-02-18 17:35:02','',NULL,'劳务合同状态'),(37,0,'小学','0','employee_tiptop_degree','','','N','0','admin','2023-02-18 18:17:33','',NULL,'小学学历'),(38,0,'初中','1','employee_tiptop_degree','','','N','0','admin','2023-02-18 18:17:35','',NULL,'初中学历'),(39,0,'高中','2','employee_tiptop_degree','','','N','0','admin','2023-02-18 18:17:43','',NULL,'高中学历'),(40,0,'大专','3','employee_tiptop_degree','','','N','0','admin','2023-02-18 18:17:44','',NULL,'大专学历'),(41,0,'本科','4','employee_tiptop_degree','','','N','0','admin','2023-02-18 18:17:47','',NULL,'本科学历'),(42,0,'硕士','5','employee_tiptop_degree','','','N','0','admin','2023-02-18 18:17:48','',NULL,'硕士学历'),(43,0,'博士','6','employee_tiptop_degree','','','N','0','admin','2023-02-18 18:17:50','',NULL,'博士学历'),(44,0,'其他','7','employee_tiptop_degree','','','N','0','admin','2023-02-18 18:17:52','',NULL,'其他学历'),(45,0,'奖','0','employee_ec_type',NULL,'default','N','0','admin','2023-02-19 17:23:06','',NULL,NULL),(46,0,'罚','1','employee_ec_type',NULL,'default','N','0','admin','2023-02-19 17:23:12','',NULL,NULL),(47,0,'迟到','0','employee_general_ec_type',NULL,'default','N','0','admin','2023-02-19 17:27:20','',NULL,NULL),(48,0,'早退','1','employee_general_ec_type',NULL,'default','N','0','admin','2023-02-19 17:27:31','',NULL,NULL),(49,0,'旷工','2','employee_general_ec_type',NULL,'default','N','0','admin','2023-02-19 17:27:41','',NULL,NULL),(50,0,'休假','3','employee_general_ec_type',NULL,'default','N','0','admin','2023-02-19 17:27:48','',NULL,NULL),(51,0,'绩效','4','employee_general_ec_type',NULL,'default','N','0','admin','2023-02-19 17:28:02','',NULL,NULL),(52,0,'项目提成','5','employee_general_ec_type',NULL,'default','N','0','admin','2023-02-19 17:28:21','',NULL,NULL),(53,0,'年终奖','6','employee_general_ec_type',NULL,'default','N','0','admin','2023-02-19 17:28:33','',NULL,NULL),(54,0,'正常','0','employee_attendance_status',NULL,'success','N','0','admin','2023-02-20 11:04:21','admin','2023-02-20 11:05:33',NULL),(55,0,'迟到','1','employee_attendance_status',NULL,'warning','N','0','admin','2023-02-20 11:04:30','admin','2023-02-20 11:05:28',NULL),(56,0,'早退','2','employee_attendance_status',NULL,'warning','N','0','admin','2023-02-20 11:04:39','admin','2023-02-20 11:05:24',NULL),(57,0,'旷工','3','employee_attendance_status',NULL,'danger','N','0','admin','2023-02-20 11:04:47','admin','2023-02-20 11:05:18',NULL),(58,0,'休假','4','employee_attendance_status',NULL,'primary','N','0','admin','2023-02-20 11:04:57','admin','2023-02-20 11:05:38',NULL);

/*Table structure for table `sys_dict_type` */

DROP TABLE IF EXISTS `sys_dict_type`;

CREATE TABLE `sys_dict_type` (
  `dict_id` bigint(20) NOT NULL AUTO_INCREMENT COMMENT '字典主键',
  `dict_name` varchar(100) DEFAULT '' COMMENT '字典名称',
  `dict_type` varchar(100) DEFAULT '' COMMENT '字典类型',
  `status` char(1) DEFAULT '0' COMMENT '状态（0正常 1停用）',
  `create_by` varchar(64) DEFAULT '' COMMENT '创建者',
  `create_time` datetime DEFAULT NULL COMMENT '创建时间',
  `update_by` varchar(64) DEFAULT '' COMMENT '更新者',
  `update_time` datetime DEFAULT NULL COMMENT '更新时间',
  `remark` varchar(500) DEFAULT NULL COMMENT '备注',
  PRIMARY KEY (`dict_id`),
  UNIQUE KEY `dict_type` (`dict_type`)
) ENGINE=InnoDB AUTO_INCREMENT=20 DEFAULT CHARSET=utf8 COMMENT='字典类型表';

/*Data for the table `sys_dict_type` */

insert  into `sys_dict_type`(`dict_id`,`dict_name`,`dict_type`,`status`,`create_by`,`create_time`,`update_by`,`update_time`,`remark`) values (1,'用户性别','sys_user_sex','0','admin','2023-02-08 00:18:05','',NULL,'用户性别列表'),(2,'菜单状态','sys_show_hide','0','admin','2023-02-08 00:18:05','',NULL,'菜单状态列表'),(3,'系统开关','sys_normal_disable','0','admin','2023-02-08 00:18:05','',NULL,'系统开关列表'),(4,'任务状态','sys_job_status','0','admin','2023-02-08 00:18:05','',NULL,'任务状态列表'),(5,'任务分组','sys_job_group','0','admin','2023-02-08 00:18:05','',NULL,'任务分组列表'),(6,'系统是否','sys_yes_no','0','admin','2023-02-08 00:18:05','',NULL,'系统是否列表'),(7,'通知类型','sys_notice_type','0','admin','2023-02-08 00:18:05','',NULL,'通知类型列表'),(8,'通知状态','sys_notice_status','0','admin','2023-02-08 00:18:05','',NULL,'通知状态列表'),(9,'操作类型','sys_oper_type','0','admin','2023-02-08 00:18:05','',NULL,'操作类型列表'),(10,'系统状态','sys_common_status','0','admin','2023-02-08 00:18:05','',NULL,'登录状态列表'),(11,'员工在职状态','employee_work_status','0','admin','2023-02-18 17:32:31','',NULL,'员工在职状态列表'),(12,'员工婚姻状态','employee_wedlock_status','0','admin','2023-02-18 17:32:31','',NULL,'员工婚姻状态列表'),(13,'员工聘用形式','employee_engage_form','0','admin','2023-02-18 17:32:31','',NULL,'员工聘用形式列表'),(14,'员工最高学历','employee_tiptop_degree','0','admin','2023-02-18 17:50:39','',NULL,'员工最高学历列表'),(17,'员工通用奖惩类型','employee_general_ec_type','0','admin','2023-02-19 17:21:52','admin','2023-02-19 17:22:06','员工通用奖惩列表'),(18,'员工奖惩类别','employee_ec_type','0','admin','2023-02-19 17:22:30','admin','2023-02-19 17:24:09','员工奖惩类别列表'),(19,'员工考勤状态','employee_attendance_status','0','admin','2023-02-20 11:03:22','',NULL,'员工考勤状态列表');

/*Table structure for table `sys_job` */

DROP TABLE IF EXISTS `sys_job`;

CREATE TABLE `sys_job` (
  `job_id` bigint(20) NOT NULL AUTO_INCREMENT COMMENT '任务ID',
  `job_name` varchar(64) NOT NULL DEFAULT '' COMMENT '任务名称',
  `job_group` varchar(64) NOT NULL DEFAULT 'DEFAULT' COMMENT '任务组名',
  `invoke_target` varchar(500) NOT NULL COMMENT '调用目标字符串',
  `cron_expression` varchar(255) DEFAULT '' COMMENT 'cron执行表达式',
  `misfire_policy` varchar(20) DEFAULT '3' COMMENT '计划执行错误策略（1立即执行 2执行一次 3放弃执行）',
  `concurrent` char(1) DEFAULT '1' COMMENT '是否并发执行（0允许 1禁止）',
  `status` char(1) DEFAULT '0' COMMENT '状态（0正常 1暂停）',
  `create_by` varchar(64) DEFAULT '' COMMENT '创建者',
  `create_time` datetime DEFAULT NULL COMMENT '创建时间',
  `update_by` varchar(64) DEFAULT '' COMMENT '更新者',
  `update_time` datetime DEFAULT NULL COMMENT '更新时间',
  `remark` varchar(500) DEFAULT '' COMMENT '备注信息',
  PRIMARY KEY (`job_id`,`job_name`,`job_group`)
) ENGINE=InnoDB AUTO_INCREMENT=4 DEFAULT CHARSET=utf8 COMMENT='定时任务调度表';

/*Data for the table `sys_job` */

insert  into `sys_job`(`job_id`,`job_name`,`job_group`,`invoke_target`,`cron_expression`,`misfire_policy`,`concurrent`,`status`,`create_by`,`create_time`,`update_by`,`update_time`,`remark`) values (1,'系统默认（无参）','DEFAULT','ryTask.ryNoParams','0/10 * * * * ?','3','1','1','admin','2023-02-08 00:18:06','',NULL,''),(2,'系统默认（有参）','DEFAULT','ryTask.ryParams(\'ry\')','0/15 * * * * ?','3','1','1','admin','2023-02-08 00:18:06','',NULL,''),(3,'系统默认（多参）','DEFAULT','ryTask.ryMultipleParams(\'ry\', true, 2000L, 316.50D, 100)','0/20 * * * * ?','3','1','1','admin','2023-02-08 00:18:06','',NULL,'');

/*Table structure for table `sys_job_log` */

DROP TABLE IF EXISTS `sys_job_log`;

CREATE TABLE `sys_job_log` (
  `job_log_id` bigint(20) NOT NULL AUTO_INCREMENT COMMENT '任务日志ID',
  `job_name` varchar(64) NOT NULL COMMENT '任务名称',
  `job_group` varchar(64) NOT NULL COMMENT '任务组名',
  `invoke_target` varchar(500) NOT NULL COMMENT '调用目标字符串',
  `job_message` varchar(500) DEFAULT NULL COMMENT '日志信息',
  `status` char(1) DEFAULT '0' COMMENT '执行状态（0正常 1失败）',
  `exception_info` varchar(2000) DEFAULT '' COMMENT '异常信息',
  `create_time` datetime DEFAULT NULL COMMENT '创建时间',
  PRIMARY KEY (`job_log_id`)
) ENGINE=InnoDB DEFAULT CHARSET=utf8 COMMENT='定时任务调度日志表';

/*Data for the table `sys_job_log` */

/*Table structure for table `sys_logininfor` */

DROP TABLE IF EXISTS `sys_logininfor`;

CREATE TABLE `sys_logininfor` (
  `info_id` bigint(20) NOT NULL AUTO_INCREMENT COMMENT '访问ID',
  `user_name` varchar(50) DEFAULT '' COMMENT '用户账号',
  `ipaddr` varchar(128) DEFAULT '' COMMENT '登录IP地址',
  `login_location` varchar(255) DEFAULT '' COMMENT '登录地点',
  `browser` varchar(50) DEFAULT '' COMMENT '浏览器类型',
  `os` varchar(50) DEFAULT '' COMMENT '操作系统',
  `status` char(1) DEFAULT '0' COMMENT '登录状态（0成功 1失败）',
  `msg` varchar(255) DEFAULT '' COMMENT '提示消息',
  `login_time` datetime DEFAULT NULL COMMENT '访问时间',
  PRIMARY KEY (`info_id`)
) ENGINE=InnoDB AUTO_INCREMENT=177 DEFAULT CHARSET=utf8 COMMENT='系统访问记录';

/*Data for the table `sys_logininfor` */

insert  into `sys_logininfor`(`info_id`,`user_name`,`ipaddr`,`login_location`,`browser`,`os`,`status`,`msg`,`login_time`) values (100,'admin','127.0.0.1','内网IP','Chrome 10','Windows 10','1','密码输入错误1次','2023-02-08 00:23:20'),(101,'admin','127.0.0.1','内网IP','Chrome 10','Windows 10','1','用户不存在/密码错误','2023-02-08 00:23:20'),(102,'admin','127.0.0.1','内网IP','Chrome 10','Windows 10','1','用户不存在/密码错误','2023-02-08 00:23:28'),(103,'admin','127.0.0.1','内网IP','Chrome 10','Windows 10','1','密码输入错误2次','2023-02-08 00:23:28'),(104,'admin','127.0.0.1','内网IP','Chrome 10','Windows 10','1','密码输入错误3次','2023-02-08 00:23:40'),(105,'admin','127.0.0.1','内网IP','Chrome 10','Windows 10','1','用户不存在/密码错误','2023-02-08 00:23:40'),(106,'admin','127.0.0.1','内网IP','Chrome 10','Windows 10','0','登录成功','2023-02-08 00:23:49'),(107,'admin','127.0.0.1','内网IP','Chrome 10','Windows 10','0','登录成功','2023-02-08 17:32:40'),(108,'admin','127.0.0.1','内网IP','Chrome 10','Windows 10','0','退出成功','2023-02-08 17:36:45'),(109,'ry','127.0.0.1','内网IP','Chrome 10','Windows 10','0','登录成功','2023-02-08 17:36:50'),(110,'ry','127.0.0.1','内网IP','Chrome 10','Windows 10','0','退出成功','2023-02-08 17:37:41'),(111,'admin','127.0.0.1','内网IP','Chrome 10','Windows 10','0','登录成功','2023-02-08 17:37:47'),(112,'admin','127.0.0.1','内网IP','Chrome 10','Windows 10','0','登录成功','2023-02-12 21:39:15'),(113,'admin','127.0.0.1','内网IP','Chrome 10','Windows 10','0','登录成功','2023-02-12 23:33:30'),(114,'admin','127.0.0.1','内网IP','Chrome 10','Windows 10','0','登录成功','2023-02-13 00:28:38'),(115,'admin','127.0.0.1','内网IP','Chrome 10','Windows 10','0','登录成功','2023-02-13 09:51:47'),(116,'admin','127.0.0.1','内网IP','Chrome 10','Windows 10','0','登录成功','2023-02-13 11:55:18'),(117,'admin','127.0.0.1','内网IP','Chrome 10','Windows 10','0','退出成功','2023-02-13 11:59:57'),(118,'admin','127.0.0.1','内网IP','Chrome 10','Windows 10','0','登录成功','2023-02-13 12:00:00'),(119,'admin','127.0.0.1','内网IP','Chrome 10','Windows 10','0','登录成功','2023-02-13 12:57:57'),(120,'admin','127.0.0.1','内网IP','Chrome 10','Windows 10','0','登录成功','2023-02-13 14:04:40'),(121,'admin','127.0.0.1','内网IP','Chrome 10','Windows 10','0','登录成功','2023-02-13 15:02:18'),(122,'admin','127.0.0.1','内网IP','Chrome 10','Windows 10','0','登录成功','2023-02-13 17:31:24'),(123,'admin','127.0.0.1','内网IP','Chrome 10','Windows 10','0','登录成功','2023-02-13 19:21:16'),(124,'admin','127.0.0.1','内网IP','Chrome 10','Windows 10','1','验证码错误','2023-02-13 19:54:55'),(125,'admin','127.0.0.1','内网IP','Chrome 10','Windows 10','0','登录成功','2023-02-13 19:54:58'),(126,'admin','127.0.0.1','内网IP','Chrome 10','Windows 10','0','退出成功','2023-02-13 20:32:26'),(127,'admin','127.0.0.1','内网IP','Chrome 10','Windows 10','0','登录成功','2023-02-13 20:32:30'),(128,'admin','127.0.0.1','内网IP','Chrome 10','Windows 10','0','退出成功','2023-02-13 20:34:45'),(129,'admin','127.0.0.1','内网IP','Chrome 10','Windows 10','0','登录成功','2023-02-13 20:34:51'),(130,'admin','127.0.0.1','内网IP','Chrome 10','Windows 10','0','登录成功','2023-02-13 23:12:34'),(131,'admin','127.0.0.1','内网IP','Chrome 10','Windows 10','1','验证码已失效','2023-02-13 23:48:39'),(132,'admin','127.0.0.1','内网IP','Chrome 10','Windows 10','0','登录成功','2023-02-13 23:48:43'),(133,'admin','127.0.0.1','内网IP','Chrome 10','Windows 10','0','登录成功','2023-02-14 11:51:00'),(134,'admin','127.0.0.1','内网IP','Chrome 10','Windows 10','0','登录成功','2023-02-14 12:58:34'),(135,'admin','127.0.0.1','内网IP','Chrome 10','Windows 10','0','退出成功','2023-02-14 13:07:11'),(136,'admin','127.0.0.1','内网IP','Chrome 10','Windows 10','1','验证码已失效','2023-02-14 13:09:23'),(137,'admin','127.0.0.1','内网IP','Chrome 10','Windows 10','0','登录成功','2023-02-14 13:09:25'),(138,'admin','127.0.0.1','内网IP','Chrome 10','Windows 10','0','登录成功','2023-02-14 13:43:05'),(139,'admin','127.0.0.1','内网IP','Chrome 10','Windows 10','0','登录成功','2023-02-17 17:12:59'),(140,'admin','127.0.0.1','内网IP','Chrome 10','Windows 10','0','登录成功','2023-02-17 17:49:31'),(141,'admin','127.0.0.1','内网IP','Chrome 10','Windows 10','0','登录成功','2023-02-17 18:33:23'),(142,'admin','127.0.0.1','内网IP','Chrome 10','Windows 10','0','退出成功','2023-02-17 19:30:53'),(143,'admin','127.0.0.1','内网IP','Chrome 10','Windows 10','0','登录成功','2023-02-17 19:31:10'),(144,'admin','127.0.0.1','内网IP','Chrome 10','Windows 10','0','退出成功','2023-02-17 19:32:35'),(145,'admin','127.0.0.1','内网IP','Chrome 10','Windows 10','0','登录成功','2023-02-17 19:32:39'),(146,'admin','127.0.0.1','内网IP','Chrome 10','Windows 10','0','登录成功','2023-02-17 21:11:02'),(147,'admin','127.0.0.1','内网IP','Chrome 10','Windows 10','0','登录成功','2023-02-18 14:24:54'),(148,'admin','127.0.0.1','内网IP','Chrome 10','Windows 10','0','登录成功','2023-02-18 17:13:53'),(149,'admin','127.0.0.1','内网IP','Chrome 10','Windows 10','0','登录成功','2023-02-18 18:27:46'),(150,'admin','127.0.0.1','内网IP','Chrome 10','Windows 10','0','登录成功','2023-02-18 20:24:35'),(151,'admin','127.0.0.1','内网IP','Chrome 10','Windows 10','0','登录成功','2023-02-18 22:16:14'),(152,'admin','127.0.0.1','内网IP','Chrome 10','Windows 10','0','登录成功','2023-02-18 22:20:20'),(153,'admin','127.0.0.1','内网IP','Chrome 10','Windows 10','0','退出成功','2023-02-18 23:05:37'),(154,'admin','127.0.0.1','内网IP','Chrome 10','Windows 10','0','登录成功','2023-02-18 23:05:43'),(155,'admin','127.0.0.1','内网IP','Chrome 10','Windows 10','0','登录成功','2023-02-19 12:48:53'),(156,'admin','127.0.0.1','内网IP','Chrome 10','Windows 10','1','验证码错误','2023-02-19 14:46:53'),(157,'admin','127.0.0.1','内网IP','Chrome 10','Windows 10','1','验证码错误','2023-02-19 14:46:58'),(158,'admin','127.0.0.1','内网IP','Chrome 10','Windows 10','1','验证码错误','2023-02-19 14:47:01'),(159,'admin','127.0.0.1','内网IP','Chrome 10','Windows 10','0','登录成功','2023-02-19 14:47:05'),(160,'admin','127.0.0.1','内网IP','Chrome 10','Windows 10','0','登录成功','2023-02-19 20:47:33'),(161,'admin','127.0.0.1','内网IP','Chrome 10','Windows 10','1','验证码错误','2023-02-19 21:52:14'),(162,'admin','127.0.0.1','内网IP','Chrome 10','Windows 10','0','登录成功','2023-02-19 21:52:18'),(163,'admin','127.0.0.1','内网IP','Chrome 10','Windows 10','0','退出成功','2023-02-19 23:10:59'),(164,'admin','127.0.0.1','内网IP','Chrome 10','Windows 10','0','登录成功','2023-02-19 23:11:03'),(165,'admin','127.0.0.1','内网IP','Chrome 10','Windows 10','0','退出成功','2023-02-19 23:14:37'),(166,'admin','127.0.0.1','内网IP','Chrome 10','Windows 10','0','登录成功','2023-02-19 23:14:57'),(167,'admin','127.0.0.1','内网IP','Chrome 10','Windows 10','0','退出成功','2023-02-19 23:21:23'),(168,'admin','127.0.0.1','内网IP','Chrome 10','Windows 10','0','登录成功','2023-02-19 23:21:27'),(169,'admin','127.0.0.1','内网IP','Chrome 10','Windows 10','0','登录成功','2023-02-20 09:47:54'),(170,'admin','127.0.0.1','内网IP','Chrome 10','Windows 10','0','登录成功','2023-02-20 11:02:08'),(171,'admin','127.0.0.1','内网IP','Chrome 10','Windows 10','0','登录成功','2023-02-20 12:30:12'),(172,'admin','127.0.0.1','内网IP','Chrome 10','Windows 10','0','登录成功','2023-02-20 13:57:25'),(173,'admin','127.0.0.1','内网IP','Chrome 10','Windows 10','0','登录成功','2023-02-20 16:59:54'),(174,'admin','127.0.0.1','内网IP','Chrome 10','Windows 10','1','验证码错误','2023-02-20 17:30:18'),(175,'admin','127.0.0.1','内网IP','Chrome 10','Windows 10','0','登录成功','2023-02-20 17:30:20'),(176,'admin','127.0.0.1','内网IP','Chrome 10','Windows 10','0','登录成功','2023-02-20 18:39:08');

/*Table structure for table `sys_menu` */

DROP TABLE IF EXISTS `sys_menu`;

CREATE TABLE `sys_menu` (
  `menu_id` bigint(20) NOT NULL AUTO_INCREMENT COMMENT '菜单ID',
  `menu_name` varchar(50) NOT NULL COMMENT '菜单名称',
  `parent_id` bigint(20) DEFAULT '0' COMMENT '父菜单ID',
  `order_num` int(4) DEFAULT '0' COMMENT '显示顺序',
  `path` varchar(200) DEFAULT '' COMMENT '路由地址',
  `component` varchar(255) DEFAULT NULL COMMENT '组件路径',
  `query` varchar(255) DEFAULT NULL COMMENT '路由参数',
  `is_frame` int(1) DEFAULT '1' COMMENT '是否为外链（0是 1否）',
  `is_cache` int(1) DEFAULT '0' COMMENT '是否缓存（0缓存 1不缓存）',
  `menu_type` char(1) DEFAULT '' COMMENT '菜单类型（M目录 C菜单 F按钮）',
  `visible` char(1) DEFAULT '0' COMMENT '菜单状态（0显示 1隐藏）',
  `status` char(1) DEFAULT '0' COMMENT '菜单状态（0正常 1停用）',
  `perms` varchar(100) DEFAULT NULL COMMENT '权限标识',
  `icon` varchar(100) DEFAULT '#' COMMENT '菜单图标',
  `create_by` varchar(64) DEFAULT '' COMMENT '创建者',
  `create_time` datetime DEFAULT NULL COMMENT '创建时间',
  `update_by` varchar(64) DEFAULT '' COMMENT '更新者',
  `update_time` datetime DEFAULT NULL COMMENT '更新时间',
  `remark` varchar(500) DEFAULT '' COMMENT '备注',
  PRIMARY KEY (`menu_id`)
) ENGINE=InnoDB AUTO_INCREMENT=1138 DEFAULT CHARSET=utf8 COMMENT='菜单权限表';

/*Data for the table `sys_menu` */

insert  into `sys_menu`(`menu_id`,`menu_name`,`parent_id`,`order_num`,`path`,`component`,`query`,`is_frame`,`is_cache`,`menu_type`,`visible`,`status`,`perms`,`icon`,`create_by`,`create_time`,`update_by`,`update_time`,`remark`) values (1,'系统管理',0,1,'system',NULL,'',1,0,'M','0','0','','system','admin','2023-02-08 00:17:59','',NULL,'系统管理目录'),(2,'系统监控',0,3,'monitor',NULL,'',1,0,'M','0','0','','monitor','admin','2023-02-08 00:17:59','admin','2023-02-13 09:53:37','系统监控目录'),(3,'系统工具',0,3,'tool',NULL,'',1,0,'M','0','0','','tool','admin','2023-02-08 00:17:59','',NULL,'系统工具目录'),(100,'用户管理',1,2,'user','system/user/index','',1,0,'C','0','0','system:user:list','user','admin','2023-02-08 00:17:59','admin','2023-02-13 21:28:52','用户管理菜单'),(101,'角色管理',1,2,'role','system/role/index','',1,0,'C','0','0','system:role:list','peoples','admin','2023-02-08 00:17:59','',NULL,'角色管理菜单'),(102,'菜单管理',1,3,'menu','system/menu/index','',1,0,'C','0','0','system:menu:list','tree-table','admin','2023-02-08 00:17:59','',NULL,'菜单管理菜单'),(103,'部门管理',1,2,'dept','system/dept/index','',1,0,'C','0','0','system:dept:list','tree','admin','2023-02-08 00:17:59','admin','2023-02-17 19:32:21','部门管理菜单'),(104,'岗位管理',1,2,'post','system/post/index','',1,0,'C','0','0','system:post:list','post','admin','2023-02-08 00:17:59','admin','2023-02-17 19:32:26','岗位管理菜单'),(105,'字典管理',1,6,'dict','system/dict/index','',1,0,'C','0','0','system:dict:list','dict','admin','2023-02-08 00:17:59','',NULL,'字典管理菜单'),(106,'参数设置',1,7,'config','system/config/index','',1,0,'C','0','0','system:config:list','edit','admin','2023-02-08 00:17:59','',NULL,'参数设置菜单'),(107,'通知公告',1,8,'notice','system/notice/index','',1,0,'C','0','0','system:notice:list','message','admin','2023-02-08 00:17:59','',NULL,'通知公告菜单'),(108,'日志管理',1,9,'log','','',1,0,'M','0','0','','log','admin','2023-02-08 00:17:59','',NULL,'日志管理菜单'),(109,'在线用户',2,1,'online','monitor/online/index','',1,0,'C','0','0','monitor:online:list','online','admin','2023-02-08 00:17:59','',NULL,'在线用户菜单'),(110,'定时任务',2,2,'job','monitor/job/index','',1,0,'C','0','0','monitor:job:list','job','admin','2023-02-08 00:17:59','',NULL,'定时任务菜单'),(111,'数据监控',2,3,'druid','monitor/druid/index','',1,0,'C','0','0','monitor:druid:list','druid','admin','2023-02-08 00:17:59','',NULL,'数据监控菜单'),(112,'服务监控',2,4,'server','monitor/server/index','',1,0,'C','0','0','monitor:server:list','server','admin','2023-02-08 00:17:59','',NULL,'服务监控菜单'),(113,'缓存监控',2,5,'cache','monitor/cache/index','',1,0,'C','0','0','monitor:cache:list','redis','admin','2023-02-08 00:17:59','',NULL,'缓存监控菜单'),(114,'缓存列表',2,6,'cacheList','monitor/cache/list','',1,0,'C','0','0','monitor:cache:list','redis-list','admin','2023-02-08 00:17:59','',NULL,'缓存列表菜单'),(115,'表单构建',3,1,'build','tool/build/index','',1,0,'C','0','0','tool:build:list','build','admin','2023-02-08 00:17:59','',NULL,'表单构建菜单'),(116,'代码生成',3,2,'gen','tool/gen/index','',1,0,'C','0','0','tool:gen:list','code','admin','2023-02-08 00:17:59','',NULL,'代码生成菜单'),(117,'系统接口',3,3,'swagger','tool/swagger/index','',1,0,'C','0','0','tool:swagger:list','swagger','admin','2023-02-08 00:17:59','',NULL,'系统接口菜单'),(500,'操作日志',108,1,'operlog','monitor/operlog/index','',1,0,'C','0','0','monitor:operlog:list','form','admin','2023-02-08 00:17:59','',NULL,'操作日志菜单'),(501,'登录日志',108,2,'logininfor','monitor/logininfor/index','',1,0,'C','0','0','monitor:logininfor:list','logininfor','admin','2023-02-08 00:17:59','',NULL,'登录日志菜单'),(1000,'用户查询',100,1,'','','',1,0,'F','0','0','system:user:query','#','admin','2023-02-08 00:17:59','',NULL,''),(1001,'用户新增',100,2,'','','',1,0,'F','0','0','system:user:add','#','admin','2023-02-08 00:17:59','',NULL,''),(1002,'用户修改',100,3,'','','',1,0,'F','0','0','system:user:edit','#','admin','2023-02-08 00:17:59','',NULL,''),(1003,'用户删除',100,4,'','','',1,0,'F','0','0','system:user:remove','#','admin','2023-02-08 00:17:59','',NULL,''),(1004,'用户导出',100,5,'','','',1,0,'F','0','0','system:user:export','#','admin','2023-02-08 00:17:59','',NULL,''),(1005,'用户导入',100,6,'','','',1,0,'F','0','0','system:user:import','#','admin','2023-02-08 00:17:59','',NULL,''),(1006,'重置密码',100,7,'','','',1,0,'F','0','0','system:user:resetPwd','#','admin','2023-02-08 00:17:59','',NULL,''),(1007,'角色查询',101,1,'','','',1,0,'F','0','0','system:role:query','#','admin','2023-02-08 00:17:59','',NULL,''),(1008,'角色新增',101,2,'','','',1,0,'F','0','0','system:role:add','#','admin','2023-02-08 00:17:59','',NULL,''),(1009,'角色修改',101,3,'','','',1,0,'F','0','0','system:role:edit','#','admin','2023-02-08 00:17:59','',NULL,''),(1010,'角色删除',101,4,'','','',1,0,'F','0','0','system:role:remove','#','admin','2023-02-08 00:17:59','',NULL,''),(1011,'角色导出',101,5,'','','',1,0,'F','0','0','system:role:export','#','admin','2023-02-08 00:17:59','',NULL,''),(1012,'菜单查询',102,1,'','','',1,0,'F','0','0','system:menu:query','#','admin','2023-02-08 00:17:59','',NULL,''),(1013,'菜单新增',102,2,'','','',1,0,'F','0','0','system:menu:add','#','admin','2023-02-08 00:17:59','',NULL,''),(1014,'菜单修改',102,3,'','','',1,0,'F','0','0','system:menu:edit','#','admin','2023-02-08 00:17:59','',NULL,''),(1015,'菜单删除',102,4,'','','',1,0,'F','0','0','system:menu:remove','#','admin','2023-02-08 00:17:59','',NULL,''),(1016,'部门查询',103,1,'','','',1,0,'F','0','0','system:dept:query','#','admin','2023-02-08 00:17:59','',NULL,''),(1017,'部门新增',103,2,'','','',1,0,'F','0','0','system:dept:add','#','admin','2023-02-08 00:17:59','',NULL,''),(1018,'部门修改',103,3,'','','',1,0,'F','0','0','system:dept:edit','#','admin','2023-02-08 00:17:59','',NULL,''),(1019,'部门删除',103,4,'','','',1,0,'F','0','0','system:dept:remove','#','admin','2023-02-08 00:17:59','',NULL,''),(1020,'岗位查询',104,1,'','','',1,0,'F','0','0','system:post:query','#','admin','2023-02-08 00:17:59','',NULL,''),(1021,'岗位新增',104,2,'','','',1,0,'F','0','0','system:post:add','#','admin','2023-02-08 00:17:59','',NULL,''),(1022,'岗位修改',104,3,'','','',1,0,'F','0','0','system:post:edit','#','admin','2023-02-08 00:17:59','',NULL,''),(1023,'岗位删除',104,4,'','','',1,0,'F','0','0','system:post:remove','#','admin','2023-02-08 00:17:59','',NULL,''),(1024,'岗位导出',104,5,'','','',1,0,'F','0','0','system:post:export','#','admin','2023-02-08 00:17:59','',NULL,''),(1025,'字典查询',105,1,'#','','',1,0,'F','0','0','system:dict:query','#','admin','2023-02-08 00:17:59','',NULL,''),(1026,'字典新增',105,2,'#','','',1,0,'F','0','0','system:dict:add','#','admin','2023-02-08 00:17:59','',NULL,''),(1027,'字典修改',105,3,'#','','',1,0,'F','0','0','system:dict:edit','#','admin','2023-02-08 00:17:59','',NULL,''),(1028,'字典删除',105,4,'#','','',1,0,'F','0','0','system:dict:remove','#','admin','2023-02-08 00:17:59','',NULL,''),(1029,'字典导出',105,5,'#','','',1,0,'F','0','0','system:dict:export','#','admin','2023-02-08 00:17:59','',NULL,''),(1030,'参数查询',106,1,'#','','',1,0,'F','0','0','system:config:query','#','admin','2023-02-08 00:17:59','',NULL,''),(1031,'参数新增',106,2,'#','','',1,0,'F','0','0','system:config:add','#','admin','2023-02-08 00:17:59','',NULL,''),(1032,'参数修改',106,3,'#','','',1,0,'F','0','0','system:config:edit','#','admin','2023-02-08 00:17:59','',NULL,''),(1033,'参数删除',106,4,'#','','',1,0,'F','0','0','system:config:remove','#','admin','2023-02-08 00:17:59','',NULL,''),(1034,'参数导出',106,5,'#','','',1,0,'F','0','0','system:config:export','#','admin','2023-02-08 00:17:59','',NULL,''),(1035,'公告查询',107,1,'#','','',1,0,'F','0','0','system:notice:query','#','admin','2023-02-08 00:17:59','',NULL,''),(1036,'公告新增',107,2,'#','','',1,0,'F','0','0','system:notice:add','#','admin','2023-02-08 00:17:59','',NULL,''),(1037,'公告修改',107,3,'#','','',1,0,'F','0','0','system:notice:edit','#','admin','2023-02-08 00:17:59','',NULL,''),(1038,'公告删除',107,4,'#','','',1,0,'F','0','0','system:notice:remove','#','admin','2023-02-08 00:18:00','',NULL,''),(1039,'操作查询',500,1,'#','','',1,0,'F','0','0','monitor:operlog:query','#','admin','2023-02-08 00:18:00','',NULL,''),(1040,'操作删除',500,2,'#','','',1,0,'F','0','0','monitor:operlog:remove','#','admin','2023-02-08 00:18:00','',NULL,''),(1041,'日志导出',500,3,'#','','',1,0,'F','0','0','monitor:operlog:export','#','admin','2023-02-08 00:18:00','',NULL,''),(1042,'登录查询',501,1,'#','','',1,0,'F','0','0','monitor:logininfor:query','#','admin','2023-02-08 00:18:00','',NULL,''),(1043,'登录删除',501,2,'#','','',1,0,'F','0','0','monitor:logininfor:remove','#','admin','2023-02-08 00:18:00','',NULL,''),(1044,'日志导出',501,3,'#','','',1,0,'F','0','0','monitor:logininfor:export','#','admin','2023-02-08 00:18:00','',NULL,''),(1045,'账户解锁',501,4,'#','','',1,0,'F','0','0','monitor:logininfor:unlock','#','admin','2023-02-08 00:18:00','',NULL,''),(1046,'在线查询',109,1,'#','','',1,0,'F','0','0','monitor:online:query','#','admin','2023-02-08 00:18:00','',NULL,''),(1047,'批量强退',109,2,'#','','',1,0,'F','0','0','monitor:online:batchLogout','#','admin','2023-02-08 00:18:00','',NULL,''),(1048,'单条强退',109,3,'#','','',1,0,'F','0','0','monitor:online:forceLogout','#','admin','2023-02-08 00:18:00','',NULL,''),(1049,'任务查询',110,1,'#','','',1,0,'F','0','0','monitor:job:query','#','admin','2023-02-08 00:18:00','',NULL,''),(1050,'任务新增',110,2,'#','','',1,0,'F','0','0','monitor:job:add','#','admin','2023-02-08 00:18:00','',NULL,''),(1051,'任务修改',110,3,'#','','',1,0,'F','0','0','monitor:job:edit','#','admin','2023-02-08 00:18:00','',NULL,''),(1052,'任务删除',110,4,'#','','',1,0,'F','0','0','monitor:job:remove','#','admin','2023-02-08 00:18:00','',NULL,''),(1053,'状态修改',110,5,'#','','',1,0,'F','0','0','monitor:job:changeStatus','#','admin','2023-02-08 00:18:00','',NULL,''),(1054,'任务导出',110,6,'#','','',1,0,'F','0','0','monitor:job:export','#','admin','2023-02-08 00:18:00','',NULL,''),(1055,'生成查询',116,1,'#','','',1,0,'F','0','0','tool:gen:query','#','admin','2023-02-08 00:18:00','',NULL,''),(1056,'生成修改',116,2,'#','','',1,0,'F','0','0','tool:gen:edit','#','admin','2023-02-08 00:18:00','',NULL,''),(1057,'生成删除',116,3,'#','','',1,0,'F','0','0','tool:gen:remove','#','admin','2023-02-08 00:18:00','',NULL,''),(1058,'导入代码',116,4,'#','','',1,0,'F','0','0','tool:gen:import','#','admin','2023-02-08 00:18:00','',NULL,''),(1059,'预览代码',116,5,'#','','',1,0,'F','0','0','tool:gen:preview','#','admin','2023-02-08 00:18:00','',NULL,''),(1060,'生成代码',116,6,'#','','',1,0,'F','0','0','tool:gen:code','#','admin','2023-02-08 00:18:00','',NULL,''),(1061,'员工调薪',1133,1,'adjustSalary','hr/adjustSalary/index',NULL,1,0,'C','0','0','hr:adjustSalary:list','#','admin','2023-02-13 09:50:14','admin','2023-02-13 11:58:38','员工调薪菜单'),(1062,'员工调薪查询',1061,1,'#','',NULL,1,0,'F','0','0','hr:adjustSalary:query','#','admin','2023-02-13 09:50:14','',NULL,''),(1063,'员工调薪新增',1061,2,'#','',NULL,1,0,'F','0','0','hr:adjustSalary:add','#','admin','2023-02-13 09:50:14','',NULL,''),(1064,'员工调薪修改',1061,3,'#','',NULL,1,0,'F','0','0','hr:adjustSalary:edit','#','admin','2023-02-13 09:50:14','',NULL,''),(1065,'员工调薪删除',1061,4,'#','',NULL,1,0,'F','0','0','hr:adjustSalary:remove','#','admin','2023-02-13 09:50:14','',NULL,''),(1066,'员工调薪导出',1061,5,'#','',NULL,1,0,'F','0','0','hr:adjustSalary:export','#','admin','2023-02-13 09:50:14','',NULL,''),(1067,'员工考勤管理',1133,2,'attendance','hr/attendance/index',NULL,1,0,'C','0','0','hr:attendance:list','#','admin','2023-02-13 09:50:19','admin','2023-02-19 23:14:31','员工考勤管理菜单'),(1068,'员工考勤管理查询',1067,1,'#','',NULL,1,0,'F','0','0','hr:attendance:query','#','admin','2023-02-13 09:50:19','',NULL,''),(1069,'员工考勤管理新增',1067,2,'#','',NULL,1,0,'F','0','0','hr:attendance:add','#','admin','2023-02-13 09:50:19','',NULL,''),(1070,'员工考勤管理修改',1067,3,'#','',NULL,1,0,'F','0','0','hr:attendance:edit','#','admin','2023-02-13 09:50:19','',NULL,''),(1071,'员工考勤管理删除',1067,4,'#','',NULL,1,0,'F','0','0','hr:attendance:remove','#','admin','2023-02-13 09:50:19','',NULL,''),(1072,'员工考勤管理导出',1067,5,'#','',NULL,1,0,'F','0','0','hr:attendance:export','#','admin','2023-02-13 09:50:19','',NULL,''),(1073,'员工奖惩管理',1133,2,'employeeec','hr/employeeec/index',NULL,1,0,'C','0','0','hr:employeeec:list','#','admin','2023-02-13 09:50:23','admin','2023-02-18 15:02:15','员工奖惩管理菜单'),(1074,'员工奖惩管理查询',1073,1,'#','',NULL,1,0,'F','0','0','hr:employeeec:query','#','admin','2023-02-13 09:50:23','',NULL,''),(1075,'员工奖惩管理新增',1073,2,'#','',NULL,1,0,'F','0','0','hr:employeeec:add','#','admin','2023-02-13 09:50:23','',NULL,''),(1076,'员工奖惩管理修改',1073,3,'#','',NULL,1,0,'F','0','0','hr:employeeec:edit','#','admin','2023-02-13 09:50:23','',NULL,''),(1077,'员工奖惩管理删除',1073,4,'#','',NULL,1,0,'F','0','0','hr:employeeec:remove','#','admin','2023-02-13 09:50:23','',NULL,''),(1078,'员工奖惩管理导出',1073,5,'#','',NULL,1,0,'F','0','0','hr:employeeec:export','#','admin','2023-02-13 09:50:23','',NULL,''),(1079,'员工档案管理',1133,0,'employee','hr/employee/index',NULL,1,0,'C','0','0','hr:employee:list','#','admin','2023-02-13 09:50:27','admin','2023-02-18 15:01:53','员工档案管理菜单'),(1080,'员工档案管理查询',1079,1,'#','',NULL,1,0,'F','0','0','hr:employee:query','#','admin','2023-02-13 09:50:27','',NULL,''),(1081,'员工档案管理新增',1079,2,'#','',NULL,1,0,'F','0','0','hr:employee:add','#','admin','2023-02-13 09:50:27','',NULL,''),(1082,'员工档案管理修改',1079,3,'#','',NULL,1,0,'F','0','0','hr:employee:edit','#','admin','2023-02-13 09:50:27','',NULL,''),(1083,'员工档案管理删除',1079,4,'#','',NULL,1,0,'F','0','0','hr:employee:remove','#','admin','2023-02-13 09:50:27','',NULL,''),(1084,'员工档案管理导出',1079,5,'#','',NULL,1,0,'F','0','0','hr:employee:export','#','admin','2023-02-13 09:50:27','',NULL,''),(1085,'员工调动',1133,1,'employeeRemove','hr/employeeRemove/index',NULL,1,0,'C','0','0','hr:employeeRemove:list','#','admin','2023-02-13 09:50:31','admin','2023-02-13 11:59:00','员工调动菜单'),(1086,'员工调动查询',1085,1,'#','',NULL,1,0,'F','0','0','hr:employeeRemove:query','#','admin','2023-02-13 09:50:31','',NULL,''),(1087,'员工调动新增',1085,2,'#','',NULL,1,0,'F','0','0','hr:employeeRemove:add','#','admin','2023-02-13 09:50:31','',NULL,''),(1088,'员工调动修改',1085,3,'#','',NULL,1,0,'F','0','0','hr:employeeRemove:edit','#','admin','2023-02-13 09:50:31','',NULL,''),(1089,'员工调动删除',1085,4,'#','',NULL,1,0,'F','0','0','hr:employeeRemove:remove','#','admin','2023-02-13 09:50:31','',NULL,''),(1090,'员工调动导出',1085,5,'#','',NULL,1,0,'F','0','0','hr:employeeRemove:export','#','admin','2023-02-13 09:50:31','',NULL,''),(1091,'员工账套管理',1134,1,'empSalary','hr/empSalary/index',NULL,1,0,'C','0','0','hr:empSalary:list','#','admin','2023-02-13 09:50:35','admin','2023-02-13 11:59:07','员工账套管理菜单'),(1092,'员工账套管理查询',1091,1,'#','',NULL,1,0,'F','0','0','hr:empSalary:query','#','admin','2023-02-13 09:50:35','',NULL,''),(1093,'员工账套管理新增',1091,2,'#','',NULL,1,0,'F','0','0','hr:empSalary:add','#','admin','2023-02-13 09:50:35','',NULL,''),(1094,'员工账套管理修改',1091,3,'#','',NULL,1,0,'F','0','0','hr:empSalary:edit','#','admin','2023-02-13 09:50:35','',NULL,''),(1095,'员工账套管理删除',1091,4,'#','',NULL,1,0,'F','0','0','hr:empSalary:remove','#','admin','2023-02-13 09:50:35','',NULL,''),(1096,'员工账套管理导出',1091,5,'#','',NULL,1,0,'F','0','0','hr:empSalary:export','#','admin','2023-02-13 09:50:35','',NULL,''),(1097,'职称管理',1,1,'jobLevel','hr/jobLevel/index',NULL,1,0,'C','0','0','hr:jobLevel:list','bug','admin','2023-02-13 09:50:38','admin','2023-02-17 19:31:58','职称管理菜单'),(1098,'职称管理查询',1097,1,'#','',NULL,1,0,'F','0','0','hr:jobLevel:query','#','admin','2023-02-13 09:50:38','',NULL,''),(1099,'职称管理新增',1097,2,'#','',NULL,1,0,'F','0','0','hr:jobLevel:add','#','admin','2023-02-13 09:50:38','',NULL,''),(1100,'职称管理修改',1097,3,'#','',NULL,1,0,'F','0','0','hr:jobLevel:edit','#','admin','2023-02-13 09:50:38','',NULL,''),(1101,'职称管理删除',1097,4,'#','',NULL,1,0,'F','0','0','hr:jobLevel:remove','#','admin','2023-02-13 09:50:38','',NULL,''),(1102,'职称管理导出',1097,5,'#','',NULL,1,0,'F','0','0','hr:jobLevel:export','#','admin','2023-02-13 09:50:38','',NULL,''),(1103,'请假审批管理',1135,1,'leave','hr/leave/index',NULL,1,0,'C','0','0','hr:leave:list','#','admin','2023-02-13 09:50:41','admin','2023-02-13 11:59:15','请假审批管理菜单'),(1104,'请假审批管理查询',1103,1,'#','',NULL,1,0,'F','0','0','hr:leave:query','#','admin','2023-02-13 09:50:41','',NULL,''),(1105,'请假审批管理新增',1103,2,'#','',NULL,1,0,'F','0','0','hr:leave:add','#','admin','2023-02-13 09:50:41','',NULL,''),(1106,'请假审批管理修改',1103,3,'#','',NULL,1,0,'F','0','0','hr:leave:edit','#','admin','2023-02-13 09:50:41','',NULL,''),(1107,'请假审批管理删除',1103,4,'#','',NULL,1,0,'F','0','0','hr:leave:remove','#','admin','2023-02-13 09:50:41','',NULL,''),(1108,'请假审批管理导出',1103,5,'#','',NULL,1,0,'F','0','0','hr:leave:export','#','admin','2023-02-13 09:50:41','',NULL,''),(1109,'员工加班管理',1135,1,'overtime','hr/overtime/index',NULL,1,0,'C','0','0','hr:overtime:list','#','admin','2023-02-13 09:50:44','admin','2023-02-13 11:59:26','员工加班管理菜单'),(1110,'员工加班管理查询',1109,1,'#','',NULL,1,0,'F','0','0','hr:overtime:query','#','admin','2023-02-13 09:50:44','',NULL,''),(1111,'员工加班管理新增',1109,2,'#','',NULL,1,0,'F','0','0','hr:overtime:add','#','admin','2023-02-13 09:50:44','',NULL,''),(1112,'员工加班管理修改',1109,3,'#','',NULL,1,0,'F','0','0','hr:overtime:edit','#','admin','2023-02-13 09:50:44','',NULL,''),(1113,'员工加班管理删除',1109,4,'#','',NULL,1,0,'F','0','0','hr:overtime:remove','#','admin','2023-02-13 09:50:44','',NULL,''),(1114,'员工加班管理导出',1109,5,'#','',NULL,1,0,'F','0','0','hr:overtime:export','#','admin','2023-02-13 09:50:44','',NULL,''),(1115,'加班类型',1,1,'overtimeType','hr/overtimeType/index',NULL,1,0,'C','0','0','hr:overtimeType:list','bug','admin','2023-02-13 09:50:48','admin','2023-02-17 19:31:53','加班类型菜单'),(1116,'加班类型查询',1115,1,'#','',NULL,1,0,'F','0','0','hr:overtimeType:query','#','admin','2023-02-13 09:50:48','',NULL,''),(1117,'加班类型新增',1115,2,'#','',NULL,1,0,'F','0','0','hr:overtimeType:add','#','admin','2023-02-13 09:50:48','',NULL,''),(1118,'加班类型修改',1115,3,'#','',NULL,1,0,'F','0','0','hr:overtimeType:edit','#','admin','2023-02-13 09:50:48','',NULL,''),(1119,'加班类型删除',1115,4,'#','',NULL,1,0,'F','0','0','hr:overtimeType:remove','#','admin','2023-02-13 09:50:48','',NULL,''),(1120,'加班类型导出',1115,5,'#','',NULL,1,0,'F','0','0','hr:overtimeType:export','#','admin','2023-02-13 09:50:48','',NULL,''),(1121,'薪资账套管理',1134,1,'salary','hr/salary/index',NULL,1,0,'C','0','0','hr:salary:list','#','admin','2023-02-13 09:50:51','admin','2023-02-13 11:59:38','薪资账套管理菜单'),(1122,'薪资账套管理查询',1121,1,'#','',NULL,1,0,'F','0','0','hr:salary:query','#','admin','2023-02-13 09:50:51','',NULL,''),(1123,'薪资账套管理新增',1121,2,'#','',NULL,1,0,'F','0','0','hr:salary:add','#','admin','2023-02-13 09:50:51','',NULL,''),(1124,'薪资账套管理修改',1121,3,'#','',NULL,1,0,'F','0','0','hr:salary:edit','#','admin','2023-02-13 09:50:51','',NULL,''),(1125,'薪资账套管理删除',1121,4,'#','',NULL,1,0,'F','0','0','hr:salary:remove','#','admin','2023-02-13 09:50:51','',NULL,''),(1126,'薪资账套管理导出',1121,5,'#','',NULL,1,0,'F','0','0','hr:salary:export','#','admin','2023-02-13 09:50:51','',NULL,''),(1127,'工作时间管理',1,1,'workTime','hr/workTime/index',NULL,1,0,'C','0','0','hr:workTime:list','bug','admin','2023-02-13 09:50:54','admin','2023-02-17 19:31:45','工作时间管理菜单'),(1128,'工作时间管理查询',1127,1,'#','',NULL,1,0,'F','0','0','hr:workTime:query','#','admin','2023-02-13 09:50:54','',NULL,''),(1129,'工作时间管理新增',1127,2,'#','',NULL,1,0,'F','0','0','hr:workTime:add','#','admin','2023-02-13 09:50:54','',NULL,''),(1130,'工作时间管理修改',1127,3,'#','',NULL,1,0,'F','0','0','hr:workTime:edit','#','admin','2023-02-13 09:50:54','',NULL,''),(1131,'工作时间管理删除',1127,4,'#','',NULL,1,0,'F','0','0','hr:workTime:remove','#','admin','2023-02-13 09:50:54','',NULL,''),(1132,'工作时间管理导出',1127,5,'#','',NULL,1,0,'F','0','0','hr:workTime:export','#','admin','2023-02-13 09:50:54','',NULL,''),(1133,'人事管理',0,2,'hrManag',NULL,NULL,1,0,'M','0','0','','404','admin','2023-02-13 11:56:54','admin','2023-02-19 23:21:10',''),(1134,'薪资管理',0,2,'salaryManag',NULL,NULL,1,0,'M','0','0','','404','admin','2023-02-13 11:57:28','admin','2023-02-19 23:21:06',''),(1135,'考勤管理',0,2,'attendanceManag',NULL,NULL,1,0,'M','0','0','','404','admin','2023-02-13 11:58:09','admin','2023-02-19 23:18:20',''),(1136,'岗位全部列表',104,0,'',NULL,NULL,1,0,'F','0','0','system:post:allList','#','admin','2023-02-18 22:46:14','',NULL,''),(1137,'查询全部职称列表',1097,0,'',NULL,NULL,1,0,'F','0','0','hr:jobLevel:allList','#','admin','2023-02-18 22:53:06','',NULL,'');

/*Table structure for table `sys_notice` */

DROP TABLE IF EXISTS `sys_notice`;

CREATE TABLE `sys_notice` (
  `notice_id` int(4) NOT NULL AUTO_INCREMENT COMMENT '公告ID',
  `notice_title` varchar(50) NOT NULL COMMENT '公告标题',
  `notice_type` char(1) NOT NULL COMMENT '公告类型（1通知 2公告）',
  `notice_content` longblob COMMENT '公告内容',
  `status` char(1) DEFAULT '0' COMMENT '公告状态（0正常 1关闭）',
  `create_by` varchar(64) DEFAULT '' COMMENT '创建者',
  `create_time` datetime DEFAULT NULL COMMENT '创建时间',
  `update_by` varchar(64) DEFAULT '' COMMENT '更新者',
  `update_time` datetime DEFAULT NULL COMMENT '更新时间',
  `remark` varchar(255) DEFAULT NULL COMMENT '备注',
  PRIMARY KEY (`notice_id`)
) ENGINE=InnoDB AUTO_INCREMENT=4 DEFAULT CHARSET=utf8 COMMENT='通知公告表';

/*Data for the table `sys_notice` */

insert  into `sys_notice`(`notice_id`,`notice_title`,`notice_type`,`notice_content`,`status`,`create_by`,`create_time`,`update_by`,`update_time`,`remark`) values (1,'温馨提醒：2018-07-01 若依新版本发布啦','2','新版本内容','0','admin','2023-02-08 00:18:07','',NULL,'管理员'),(2,'维护通知：2018-07-01 若依系统凌晨维护','1','维护内容','0','admin','2023-02-08 00:18:07','',NULL,'管理员'),(3,'21321','1','213213213','0','admin','2023-02-08 17:36:23','',NULL,NULL);

/*Table structure for table `sys_oper_log` */

DROP TABLE IF EXISTS `sys_oper_log`;

CREATE TABLE `sys_oper_log` (
  `oper_id` bigint(20) NOT NULL AUTO_INCREMENT COMMENT '日志主键',
  `title` varchar(50) DEFAULT '' COMMENT '模块标题',
  `business_type` int(2) DEFAULT '0' COMMENT '业务类型（0其它 1新增 2修改 3删除）',
  `method` varchar(100) DEFAULT '' COMMENT '方法名称',
  `request_method` varchar(10) DEFAULT '' COMMENT '请求方式',
  `operator_type` int(1) DEFAULT '0' COMMENT '操作类别（0其它 1后台用户 2手机端用户）',
  `oper_name` varchar(50) DEFAULT '' COMMENT '操作人员',
  `dept_name` varchar(50) DEFAULT '' COMMENT '部门名称',
  `oper_url` varchar(255) DEFAULT '' COMMENT '请求URL',
  `oper_ip` varchar(128) DEFAULT '' COMMENT '主机地址',
  `oper_location` varchar(255) DEFAULT '' COMMENT '操作地点',
  `oper_param` varchar(2000) DEFAULT '' COMMENT '请求参数',
  `json_result` varchar(2000) DEFAULT '' COMMENT '返回参数',
  `status` int(1) DEFAULT '0' COMMENT '操作状态（0正常 1异常）',
  `error_msg` varchar(2000) DEFAULT '' COMMENT '错误消息',
  `oper_time` datetime DEFAULT NULL COMMENT '操作时间',
  PRIMARY KEY (`oper_id`)
) ENGINE=InnoDB AUTO_INCREMENT=147 DEFAULT CHARSET=utf8 COMMENT='操作日志记录';

/*Data for the table `sys_oper_log` */

insert  into `sys_oper_log`(`oper_id`,`title`,`business_type`,`method`,`request_method`,`operator_type`,`oper_name`,`dept_name`,`oper_url`,`oper_ip`,`oper_location`,`oper_param`,`json_result`,`status`,`error_msg`,`oper_time`) values (1,'个人信息',2,'com.ruoyi.web.controller.system.SysProfileController.updateProfile()','PUT',1,'admin',NULL,'/system/user/profile','127.0.0.1','内网IP','{\"admin\":true,\"createBy\":\"admin\",\"createTime\":\"2023-02-08 00:17:59\",\"delFlag\":\"0\",\"dept\":{\"ancestors\":\"0,100,101\",\"children\":[],\"deptId\":103,\"deptName\":\"研发部门\",\"leader\":\"若依\",\"orderNum\":1,\"params\":{},\"parentId\":101,\"status\":\"0\"},\"email\":\"ry@163.com\",\"loginDate\":\"2023-02-08 00:23:50\",\"loginIp\":\"127.0.0.1\",\"nickName\":\"若依\",\"params\":{},\"phonenumber\":\"15888888888\",\"remark\":\"管理员\",\"roles\":[{\"admin\":true,\"dataScope\":\"1\",\"deptCheckStrictly\":false,\"flag\":false,\"menuCheckStrictly\":false,\"params\":{},\"roleId\":1,\"roleKey\":\"admin\",\"roleName\":\"超级管理员\",\"roleSort\":1,\"status\":\"0\"}],\"sex\":\"0\",\"status\":\"0\",\"userId\":1,\"userName\":\"admin\"}','{\"msg\":\"操作成功\",\"code\":200}',0,NULL,'2023-02-08 17:35:38'),(2,'通知公告',1,'com.ruoyi.web.controller.system.SysNoticeController.add()','POST',1,'admin',NULL,'/system/notice','127.0.0.1','内网IP','{\"createBy\":\"admin\",\"noticeContent\":\"213213213\",\"noticeTitle\":\"21321\",\"noticeType\":\"1\",\"params\":{},\"status\":\"0\"}','{\"msg\":\"操作成功\",\"code\":200}',0,NULL,'2023-02-08 17:36:23'),(3,'代码生成',6,'com.ruoyi.generator.controller.GenController.importTableSave()','POST',1,'admin',NULL,'/tool/gen/importTable','127.0.0.1','内网IP','\"hr_overtime_type,hr_work_time,hr_employeeec,hr_salary,hr_adjust_salary,hr_employee_remove,hr_employee,hr_job_level\"','{\"msg\":\"操作成功\",\"code\":200}',0,NULL,'2023-02-12 21:39:40'),(4,'代码生成',6,'com.ruoyi.generator.controller.GenController.importTableSave()','POST',1,'admin',NULL,'/tool/gen/importTable','127.0.0.1','内网IP','\"hr_emp_salary,hr_attendance,hr_overtime,hr_leave\"','{\"msg\":\"操作成功\",\"code\":200}',0,NULL,'2023-02-12 23:47:14'),(5,'代码生成',8,'com.ruoyi.generator.controller.GenController.batchGenCode()','GET',1,'admin',NULL,'/tool/gen/batchGenCode','127.0.0.1','内网IP','{\"tables\":\"hr_adjust_salary,hr_employee,hr_employee_remove,hr_employeeec,hr_job_level,hr_overtime_type,hr_salary,hr_work_time,hr_attendance,hr_emp_salary\"}',NULL,0,NULL,'2023-02-12 23:47:39'),(6,'代码生成',2,'com.ruoyi.generator.controller.GenController.synchDb()','GET',1,'admin',NULL,'/tool/gen/synchDb/hr_adjust_salary','127.0.0.1','内网IP','{}','{\"msg\":\"操作成功\",\"code\":200}',0,NULL,'2023-02-13 00:32:35'),(7,'代码生成',2,'com.ruoyi.generator.controller.GenController.synchDb()','GET',1,'admin',NULL,'/tool/gen/synchDb/hr_employee','127.0.0.1','内网IP','{}','{\"msg\":\"操作成功\",\"code\":200}',0,NULL,'2023-02-13 00:32:38'),(8,'代码生成',3,'com.ruoyi.generator.controller.GenController.remove()','DELETE',1,'admin',NULL,'/tool/gen/1,2,3,4,5,6,7,8,9,10','127.0.0.1','内网IP','{}','{\"msg\":\"操作成功\",\"code\":200}',0,NULL,'2023-02-13 00:32:45'),(9,'代码生成',3,'com.ruoyi.generator.controller.GenController.remove()','DELETE',1,'admin',NULL,'/tool/gen/11,12','127.0.0.1','内网IP','{}','{\"msg\":\"操作成功\",\"code\":200}',0,NULL,'2023-02-13 00:32:48'),(10,'代码生成',6,'com.ruoyi.generator.controller.GenController.importTableSave()','POST',1,'admin',NULL,'/tool/gen/importTable','127.0.0.1','内网IP','\"hr_work_time,hr_leave,hr_overtime,hr_attendance,hr_employee,hr_emp_salary,hr_overtime_type,hr_employeeec,hr_salary,hr_adjust_salary\"','{\"msg\":\"操作成功\",\"code\":200}',0,NULL,'2023-02-13 00:32:56'),(11,'代码生成',6,'com.ruoyi.generator.controller.GenController.importTableSave()','POST',1,'admin',NULL,'/tool/gen/importTable','127.0.0.1','内网IP','\"hr_employee_remove,hr_job_level\"','{\"msg\":\"操作成功\",\"code\":200}',0,NULL,'2023-02-13 00:33:03'),(12,'代码生成',8,'com.ruoyi.generator.controller.GenController.batchGenCode()','GET',1,'admin',NULL,'/tool/gen/batchGenCode','127.0.0.1','内网IP','{\"tables\":\"hr_adjust_salary,hr_attendance,hr_emp_salary,hr_employee,hr_employeeec,hr_leave,hr_overtime,hr_overtime_type,hr_salary,hr_work_time\"}',NULL,0,NULL,'2023-02-13 00:33:10'),(13,'代码生成',2,'com.ruoyi.generator.controller.GenController.editSave()','PUT',1,'admin',NULL,'/tool/gen','127.0.0.1','内网IP','{\"businessName\":\"adjustSalary\",\"className\":\"HrAdjustSalary\",\"columns\":[{\"capJavaField\":\"Id\",\"columnComment\":\"调薪编号\",\"columnId\":125,\"columnName\":\"id\",\"columnType\":\"bigint(20)\",\"createBy\":\"admin\",\"createTime\":\"2023-02-13 00:32:56\",\"dictType\":\"\",\"edit\":false,\"htmlType\":\"input\",\"increment\":true,\"insert\":true,\"isIncrement\":\"1\",\"isInsert\":\"1\",\"isPk\":\"1\",\"javaField\":\"id\",\"javaType\":\"Long\",\"list\":false,\"params\":{},\"pk\":true,\"query\":false,\"queryType\":\"EQ\",\"required\":false,\"sort\":1,\"superColumn\":false,\"tableId\":13,\"updateBy\":\"\",\"usableColumn\":false},{\"capJavaField\":\"EmployeeId\",\"columnComment\":\"员工编号\",\"columnId\":126,\"columnName\":\"employee_id\",\"columnType\":\"bigint(20)\",\"createBy\":\"admin\",\"createTime\":\"2023-02-13 00:32:56\",\"dictType\":\"\",\"edit\":true,\"htmlType\":\"input\",\"increment\":false,\"insert\":true,\"isEdit\":\"1\",\"isIncrement\":\"0\",\"isInsert\":\"1\",\"isList\":\"1\",\"isPk\":\"0\",\"isQuery\":\"1\",\"javaField\":\"employeeId\",\"javaType\":\"Long\",\"list\":true,\"params\":{},\"pk\":false,\"query\":true,\"queryType\":\"EQ\",\"required\":false,\"sort\":2,\"superColumn\":false,\"tableId\":13,\"updateBy\":\"\",\"usableColumn\":false},{\"capJavaField\":\"AsDate\",\"columnComment\":\"调薪日期\",\"columnId\":127,\"columnName\":\"as_date\",\"columnType\":\"date\",\"createBy\":\"admin\",\"createTime\":\"2023-02-13 00:32:56\",\"dictType\":\"\",\"edit\":true,\"htmlType\":\"datetime\",\"increment\":false,\"insert\":true,\"isEdit\":\"1\",\"isIncrement\":\"0\",\"isInsert\":\"1\",\"isList\":\"1\",\"isPk\":\"0\",\"isQuery\":\"1\",\"javaField\":\"asDate\",\"javaType\":\"Date\",\"list\":true,\"params\":{},\"pk\":false,\"query\":true,\"queryType\":\"EQ\",\"required\":false,\"sort\":3,\"superColumn\":false,\"tableId\":13,\"updateBy\":\"\",\"usableColumn\":false},{\"capJavaField\":\"BeforeSalary\",\"columnComment\":\"调前薪资\",\"columnId\":128,\"columnName\":\"before_salary\",\"columnType\":\"int(11)\",\"createBy\":\"admin\",\"createTime\":\"2023-02-13 00:32:56\",\"dictType\":\"\",\"edit\":true,\"htmlType\":\"input\",\"increment\":false,\"insert\":true,\"isEdit\":\"1\",\"isIncrement\":\"0\",\"isInsert\":\"1\",\"isList\":\"1\",\"isPk\":\"0\",\"isQuery\":\"1\",\"javaField\":\"beforeSalary\",\"javaType\":\"Long\",\"list\":true,\"','{\"msg\":\"操作成功\",\"code\":200}',0,NULL,'2023-02-13 00:35:14'),(14,'代码生成',2,'com.ruoyi.generator.controller.GenController.editSave()','PUT',1,'admin',NULL,'/tool/gen','127.0.0.1','内网IP','{\"businessName\":\"attendance\",\"className\":\"HrAttendance\",\"columns\":[{\"capJavaField\":\"Id\",\"columnComment\":\"员工考勤编号\",\"columnId\":132,\"columnName\":\"id\",\"columnType\":\"bigint(20) unsigned\",\"createBy\":\"admin\",\"createTime\":\"2023-02-13 00:32:56\",\"dictType\":\"\",\"edit\":false,\"htmlType\":\"input\",\"increment\":true,\"insert\":true,\"isIncrement\":\"1\",\"isInsert\":\"1\",\"isPk\":\"1\",\"javaField\":\"id\",\"javaType\":\"Long\",\"list\":false,\"params\":{},\"pk\":true,\"query\":false,\"queryType\":\"EQ\",\"required\":false,\"sort\":1,\"superColumn\":false,\"tableId\":14,\"updateBy\":\"\",\"usableColumn\":false},{\"capJavaField\":\"EmployeeId\",\"columnComment\":\"员工编号\",\"columnId\":133,\"columnName\":\"employee_id\",\"columnType\":\"bigint(20)\",\"createBy\":\"admin\",\"createTime\":\"2023-02-13 00:32:56\",\"dictType\":\"\",\"edit\":true,\"htmlType\":\"input\",\"increment\":false,\"insert\":true,\"isEdit\":\"1\",\"isIncrement\":\"0\",\"isInsert\":\"1\",\"isList\":\"1\",\"isPk\":\"0\",\"isQuery\":\"1\",\"javaField\":\"employeeId\",\"javaType\":\"Long\",\"list\":true,\"params\":{},\"pk\":false,\"query\":true,\"queryType\":\"EQ\",\"required\":false,\"sort\":2,\"superColumn\":false,\"tableId\":14,\"updateBy\":\"\",\"usableColumn\":false},{\"capJavaField\":\"MorStartTime\",\"columnComment\":\"上午上班时间\",\"columnId\":134,\"columnName\":\"mor_start_time\",\"columnType\":\"time\",\"createBy\":\"admin\",\"createTime\":\"2023-02-13 00:32:56\",\"dictType\":\"\",\"edit\":true,\"htmlType\":\"datetime\",\"increment\":false,\"insert\":true,\"isEdit\":\"1\",\"isIncrement\":\"0\",\"isInsert\":\"1\",\"isList\":\"1\",\"isPk\":\"0\",\"isQuery\":\"1\",\"javaField\":\"morStartTime\",\"javaType\":\"Date\",\"list\":true,\"params\":{},\"pk\":false,\"query\":true,\"queryType\":\"EQ\",\"required\":false,\"sort\":3,\"superColumn\":false,\"tableId\":14,\"updateBy\":\"\",\"usableColumn\":false},{\"capJavaField\":\"MorEndTime\",\"columnComment\":\"上午下班时间\",\"columnId\":135,\"columnName\":\"mor_end_time\",\"columnType\":\"time\",\"createBy\":\"admin\",\"createTime\":\"2023-02-13 00:32:56\",\"dictType\":\"\",\"edit\":true,\"htmlType\":\"datetime\",\"increment\":false,\"insert\":true,\"isEdit\":\"1\",\"isIncrement\":\"0\",\"isInsert\":\"1\",\"isList\":\"1\",\"isPk\":\"0\",\"isQuery\":\"1\",\"javaField\":\"morEndTime\",\"javaT','{\"msg\":\"操作成功\",\"code\":200}',0,NULL,'2023-02-13 00:36:40'),(15,'代码生成',2,'com.ruoyi.generator.controller.GenController.editSave()','PUT',1,'admin',NULL,'/tool/gen','127.0.0.1','内网IP','{\"businessName\":\"adjustSalary\",\"className\":\"HrAdjustSalary\",\"columns\":[{\"capJavaField\":\"Id\",\"columnComment\":\"调薪编号\",\"columnId\":125,\"columnName\":\"id\",\"columnType\":\"bigint(20)\",\"createBy\":\"admin\",\"createTime\":\"2023-02-13 00:32:56\",\"dictType\":\"\",\"edit\":false,\"htmlType\":\"input\",\"increment\":true,\"insert\":true,\"isIncrement\":\"1\",\"isInsert\":\"1\",\"isPk\":\"1\",\"javaField\":\"id\",\"javaType\":\"Long\",\"list\":false,\"params\":{},\"pk\":true,\"query\":false,\"queryType\":\"EQ\",\"required\":false,\"sort\":1,\"superColumn\":false,\"tableId\":13,\"updateBy\":\"\",\"updateTime\":\"2023-02-13 00:35:14\",\"usableColumn\":false},{\"capJavaField\":\"EmployeeId\",\"columnComment\":\"员工编号\",\"columnId\":126,\"columnName\":\"employee_id\",\"columnType\":\"bigint(20)\",\"createBy\":\"admin\",\"createTime\":\"2023-02-13 00:32:56\",\"dictType\":\"\",\"edit\":true,\"htmlType\":\"input\",\"increment\":false,\"insert\":true,\"isEdit\":\"1\",\"isIncrement\":\"0\",\"isInsert\":\"1\",\"isList\":\"1\",\"isPk\":\"0\",\"isQuery\":\"1\",\"javaField\":\"employeeId\",\"javaType\":\"Long\",\"list\":true,\"params\":{},\"pk\":false,\"query\":true,\"queryType\":\"EQ\",\"required\":false,\"sort\":2,\"superColumn\":false,\"tableId\":13,\"updateBy\":\"\",\"updateTime\":\"2023-02-13 00:35:14\",\"usableColumn\":false},{\"capJavaField\":\"AsDate\",\"columnComment\":\"调薪日期\",\"columnId\":127,\"columnName\":\"as_date\",\"columnType\":\"date\",\"createBy\":\"admin\",\"createTime\":\"2023-02-13 00:32:56\",\"dictType\":\"\",\"edit\":true,\"htmlType\":\"datetime\",\"increment\":false,\"insert\":true,\"isEdit\":\"1\",\"isIncrement\":\"0\",\"isInsert\":\"1\",\"isList\":\"1\",\"isPk\":\"0\",\"isQuery\":\"1\",\"javaField\":\"asDate\",\"javaType\":\"Date\",\"list\":true,\"params\":{},\"pk\":false,\"query\":true,\"queryType\":\"EQ\",\"required\":false,\"sort\":3,\"superColumn\":false,\"tableId\":13,\"updateBy\":\"\",\"updateTime\":\"2023-02-13 00:35:14\",\"usableColumn\":false},{\"capJavaField\":\"BeforeSalary\",\"columnComment\":\"调前薪资\",\"columnId\":128,\"columnName\":\"before_salary\",\"columnType\":\"int(11)\",\"createBy\":\"admin\",\"createTime\":\"2023-02-13 00:32:56\",\"dictType\":\"\",\"edit\":true,\"htmlType\":\"input\",\"increment\":false,\"insert\":true,\"isEdit\":\"1\",\"isIncrement\":\"0\",\"isIns','{\"msg\":\"操作成功\",\"code\":200}',0,NULL,'2023-02-13 00:36:55'),(16,'代码生成',2,'com.ruoyi.generator.controller.GenController.editSave()','PUT',1,'admin',NULL,'/tool/gen','127.0.0.1','内网IP','{\"businessName\":\"empSalary\",\"className\":\"HrEmpSalary\",\"columns\":[{\"capJavaField\":\"Id\",\"columnComment\":\"员工薪资编号\",\"columnId\":144,\"columnName\":\"id\",\"columnType\":\"bigint(20)\",\"createBy\":\"admin\",\"createTime\":\"2023-02-13 00:32:56\",\"dictType\":\"\",\"edit\":false,\"htmlType\":\"input\",\"increment\":true,\"insert\":true,\"isIncrement\":\"1\",\"isInsert\":\"1\",\"isPk\":\"1\",\"javaField\":\"id\",\"javaType\":\"Long\",\"list\":false,\"params\":{},\"pk\":true,\"query\":false,\"queryType\":\"EQ\",\"required\":false,\"sort\":1,\"superColumn\":false,\"tableId\":15,\"updateBy\":\"\",\"usableColumn\":false},{\"capJavaField\":\"EmployeeId\",\"columnComment\":\"员工编号\",\"columnId\":145,\"columnName\":\"employee_id\",\"columnType\":\"bigint(20)\",\"createBy\":\"admin\",\"createTime\":\"2023-02-13 00:32:56\",\"dictType\":\"\",\"edit\":true,\"htmlType\":\"input\",\"increment\":false,\"insert\":true,\"isEdit\":\"1\",\"isIncrement\":\"0\",\"isInsert\":\"1\",\"isList\":\"1\",\"isPk\":\"0\",\"isQuery\":\"1\",\"javaField\":\"employeeId\",\"javaType\":\"Long\",\"list\":true,\"params\":{},\"pk\":false,\"query\":true,\"queryType\":\"EQ\",\"required\":false,\"sort\":2,\"superColumn\":false,\"tableId\":15,\"updateBy\":\"\",\"usableColumn\":false},{\"capJavaField\":\"SalaryId\",\"columnComment\":\"薪资编号\",\"columnId\":146,\"columnName\":\"salary_id\",\"columnType\":\"bigint(20)\",\"createBy\":\"admin\",\"createTime\":\"2023-02-13 00:32:56\",\"dictType\":\"\",\"edit\":true,\"htmlType\":\"input\",\"increment\":false,\"insert\":true,\"isEdit\":\"1\",\"isIncrement\":\"0\",\"isInsert\":\"1\",\"isList\":\"1\",\"isPk\":\"0\",\"isQuery\":\"1\",\"javaField\":\"salaryId\",\"javaType\":\"Long\",\"list\":true,\"params\":{},\"pk\":false,\"query\":true,\"queryType\":\"EQ\",\"required\":false,\"sort\":3,\"superColumn\":false,\"tableId\":15,\"updateBy\":\"\",\"usableColumn\":false}],\"crud\":false,\"functionAuthor\":\"点点\",\"functionName\":\"员工薪资\",\"genPath\":\"/\",\"genType\":\"0\",\"moduleName\":\"hr\",\"options\":\"{\\\"treeCode\\\":\\\"employee_id\\\",\\\"treeName\\\":\\\"id\\\",\\\"treeParentCode\\\":\\\"salary_id\\\",\\\"parentMenuId\\\":\\\"\\\"}\",\"packageName\":\"com.ruoyi.hr\",\"params\":{\"treeCode\":\"employee_id\",\"treeName\":\"id\",\"treeParentCode\":\"salary_id\",\"parentMenuId\":\"\"},\"parentMenuId\":\"\",\"sub\":true,\"subTableF','{\"msg\":\"操作成功\",\"code\":200}',0,NULL,'2023-02-13 00:39:04'),(17,'代码生成',2,'com.ruoyi.generator.controller.GenController.editSave()','PUT',1,'admin',NULL,'/tool/gen','127.0.0.1','内网IP','{\"businessName\":\"employee\",\"className\":\"HrEmployee\",\"columns\":[{\"capJavaField\":\"EmployeeId\",\"columnComment\":\"员工编号\",\"columnId\":147,\"columnName\":\"employee_id\",\"columnType\":\"bigint(20)\",\"createBy\":\"admin\",\"createTime\":\"2023-02-13 00:32:56\",\"dictType\":\"\",\"edit\":false,\"htmlType\":\"input\",\"increment\":true,\"insert\":true,\"isIncrement\":\"1\",\"isInsert\":\"1\",\"isPk\":\"1\",\"javaField\":\"employeeId\",\"javaType\":\"Long\",\"list\":false,\"params\":{},\"pk\":true,\"query\":false,\"queryType\":\"EQ\",\"required\":false,\"sort\":1,\"superColumn\":false,\"tableId\":16,\"updateBy\":\"\",\"usableColumn\":false},{\"capJavaField\":\"Name\",\"columnComment\":\"员工姓名\",\"columnId\":148,\"columnName\":\"name\",\"columnType\":\"varchar(10)\",\"createBy\":\"admin\",\"createTime\":\"2023-02-13 00:32:56\",\"dictType\":\"\",\"edit\":true,\"htmlType\":\"input\",\"increment\":false,\"insert\":true,\"isEdit\":\"1\",\"isIncrement\":\"0\",\"isInsert\":\"1\",\"isList\":\"1\",\"isPk\":\"0\",\"isQuery\":\"1\",\"javaField\":\"name\",\"javaType\":\"String\",\"list\":true,\"params\":{},\"pk\":false,\"query\":true,\"queryType\":\"LIKE\",\"required\":false,\"sort\":2,\"superColumn\":false,\"tableId\":16,\"updateBy\":\"\",\"usableColumn\":false},{\"capJavaField\":\"Gender\",\"columnComment\":\"性别\",\"columnId\":149,\"columnName\":\"gender\",\"columnType\":\"char(4)\",\"createBy\":\"admin\",\"createTime\":\"2023-02-13 00:32:56\",\"dictType\":\"\",\"edit\":true,\"htmlType\":\"input\",\"increment\":false,\"insert\":true,\"isEdit\":\"1\",\"isIncrement\":\"0\",\"isInsert\":\"1\",\"isList\":\"1\",\"isPk\":\"0\",\"isQuery\":\"1\",\"javaField\":\"gender\",\"javaType\":\"String\",\"list\":true,\"params\":{},\"pk\":false,\"query\":true,\"queryType\":\"EQ\",\"required\":false,\"sort\":3,\"superColumn\":false,\"tableId\":16,\"updateBy\":\"\",\"usableColumn\":false},{\"capJavaField\":\"Birthday\",\"columnComment\":\"出生日期\",\"columnId\":150,\"columnName\":\"birthday\",\"columnType\":\"date\",\"createBy\":\"admin\",\"createTime\":\"2023-02-13 00:32:56\",\"dictType\":\"\",\"edit\":true,\"htmlType\":\"datetime\",\"increment\":false,\"insert\":true,\"isEdit\":\"1\",\"isIncrement\":\"0\",\"isInsert\":\"1\",\"isList\":\"1\",\"isPk\":\"0\",\"isQuery\":\"1\",\"javaField\":\"birthday\",\"javaType\":\"Date\",\"list\":true,\"params\":{},','{\"msg\":\"操作成功\",\"code\":200}',0,NULL,'2023-02-13 00:41:51'),(18,'代码生成',2,'com.ruoyi.generator.controller.GenController.editSave()','PUT',1,'admin',NULL,'/tool/gen','127.0.0.1','内网IP','{\"businessName\":\"adjustSalary\",\"className\":\"HrAdjustSalary\",\"columns\":[{\"capJavaField\":\"Id\",\"columnComment\":\"调薪编号\",\"columnId\":125,\"columnName\":\"id\",\"columnType\":\"bigint(20)\",\"createBy\":\"admin\",\"createTime\":\"2023-02-13 00:32:56\",\"dictType\":\"\",\"edit\":false,\"htmlType\":\"input\",\"increment\":true,\"insert\":true,\"isIncrement\":\"1\",\"isInsert\":\"1\",\"isPk\":\"1\",\"javaField\":\"id\",\"javaType\":\"Long\",\"list\":false,\"params\":{},\"pk\":true,\"query\":false,\"queryType\":\"EQ\",\"required\":false,\"sort\":1,\"superColumn\":false,\"tableId\":13,\"updateBy\":\"\",\"updateTime\":\"2023-02-13 00:36:55\",\"usableColumn\":false},{\"capJavaField\":\"EmployeeId\",\"columnComment\":\"员工编号\",\"columnId\":126,\"columnName\":\"employee_id\",\"columnType\":\"bigint(20)\",\"createBy\":\"admin\",\"createTime\":\"2023-02-13 00:32:56\",\"dictType\":\"\",\"edit\":true,\"htmlType\":\"input\",\"increment\":false,\"insert\":true,\"isEdit\":\"1\",\"isIncrement\":\"0\",\"isInsert\":\"1\",\"isList\":\"1\",\"isPk\":\"0\",\"isQuery\":\"1\",\"javaField\":\"employeeId\",\"javaType\":\"Long\",\"list\":true,\"params\":{},\"pk\":false,\"query\":true,\"queryType\":\"EQ\",\"required\":false,\"sort\":2,\"superColumn\":false,\"tableId\":13,\"updateBy\":\"\",\"updateTime\":\"2023-02-13 00:36:55\",\"usableColumn\":false},{\"capJavaField\":\"AsDate\",\"columnComment\":\"调薪日期\",\"columnId\":127,\"columnName\":\"as_date\",\"columnType\":\"date\",\"createBy\":\"admin\",\"createTime\":\"2023-02-13 00:32:56\",\"dictType\":\"\",\"edit\":true,\"htmlType\":\"datetime\",\"increment\":false,\"insert\":true,\"isEdit\":\"1\",\"isIncrement\":\"0\",\"isInsert\":\"1\",\"isList\":\"1\",\"isPk\":\"0\",\"isQuery\":\"1\",\"javaField\":\"asDate\",\"javaType\":\"Date\",\"list\":true,\"params\":{},\"pk\":false,\"query\":true,\"queryType\":\"EQ\",\"required\":false,\"sort\":3,\"superColumn\":false,\"tableId\":13,\"updateBy\":\"\",\"updateTime\":\"2023-02-13 00:36:55\",\"usableColumn\":false},{\"capJavaField\":\"BeforeSalary\",\"columnComment\":\"调前薪资\",\"columnId\":128,\"columnName\":\"before_salary\",\"columnType\":\"int(11)\",\"createBy\":\"admin\",\"createTime\":\"2023-02-13 00:32:56\",\"dictType\":\"\",\"edit\":true,\"htmlType\":\"input\",\"increment\":false,\"insert\":true,\"isEdit\":\"1\",\"isIncrement\":\"0\",\"isIns','{\"msg\":\"操作成功\",\"code\":200}',0,NULL,'2023-02-13 00:42:07'),(19,'代码生成',2,'com.ruoyi.generator.controller.GenController.editSave()','PUT',1,'admin',NULL,'/tool/gen','127.0.0.1','内网IP','{\"businessName\":\"adjustSalary\",\"className\":\"HrAdjustSalary\",\"columns\":[{\"capJavaField\":\"Id\",\"columnComment\":\"调薪编号\",\"columnId\":125,\"columnName\":\"id\",\"columnType\":\"bigint(20)\",\"createBy\":\"admin\",\"createTime\":\"2023-02-13 00:32:56\",\"dictType\":\"\",\"edit\":false,\"htmlType\":\"input\",\"increment\":true,\"insert\":true,\"isIncrement\":\"1\",\"isInsert\":\"1\",\"isPk\":\"1\",\"javaField\":\"id\",\"javaType\":\"Long\",\"list\":false,\"params\":{},\"pk\":true,\"query\":false,\"queryType\":\"EQ\",\"required\":false,\"sort\":1,\"superColumn\":false,\"tableId\":13,\"updateBy\":\"\",\"updateTime\":\"2023-02-13 00:42:07\",\"usableColumn\":false},{\"capJavaField\":\"EmployeeId\",\"columnComment\":\"员工编号\",\"columnId\":126,\"columnName\":\"employee_id\",\"columnType\":\"bigint(20)\",\"createBy\":\"admin\",\"createTime\":\"2023-02-13 00:32:56\",\"dictType\":\"\",\"edit\":true,\"htmlType\":\"input\",\"increment\":false,\"insert\":true,\"isEdit\":\"1\",\"isIncrement\":\"0\",\"isInsert\":\"1\",\"isList\":\"1\",\"isPk\":\"0\",\"isQuery\":\"1\",\"javaField\":\"employeeId\",\"javaType\":\"Long\",\"list\":true,\"params\":{},\"pk\":false,\"query\":true,\"queryType\":\"EQ\",\"required\":false,\"sort\":2,\"superColumn\":false,\"tableId\":13,\"updateBy\":\"\",\"updateTime\":\"2023-02-13 00:42:07\",\"usableColumn\":false},{\"capJavaField\":\"AsDate\",\"columnComment\":\"调薪日期\",\"columnId\":127,\"columnName\":\"as_date\",\"columnType\":\"date\",\"createBy\":\"admin\",\"createTime\":\"2023-02-13 00:32:56\",\"dictType\":\"\",\"edit\":true,\"htmlType\":\"datetime\",\"increment\":false,\"insert\":true,\"isEdit\":\"1\",\"isIncrement\":\"0\",\"isInsert\":\"1\",\"isList\":\"1\",\"isPk\":\"0\",\"isQuery\":\"1\",\"javaField\":\"asDate\",\"javaType\":\"Date\",\"list\":true,\"params\":{},\"pk\":false,\"query\":true,\"queryType\":\"EQ\",\"required\":false,\"sort\":3,\"superColumn\":false,\"tableId\":13,\"updateBy\":\"\",\"updateTime\":\"2023-02-13 00:42:07\",\"usableColumn\":false},{\"capJavaField\":\"BeforeSalary\",\"columnComment\":\"调前薪资\",\"columnId\":128,\"columnName\":\"before_salary\",\"columnType\":\"int(11)\",\"createBy\":\"admin\",\"createTime\":\"2023-02-13 00:32:56\",\"dictType\":\"\",\"edit\":true,\"htmlType\":\"input\",\"increment\":false,\"insert\":true,\"isEdit\":\"1\",\"isIncrement\":\"0\",\"isIns','{\"msg\":\"操作成功\",\"code\":200}',0,NULL,'2023-02-13 00:42:36'),(20,'代码生成',2,'com.ruoyi.generator.controller.GenController.editSave()','PUT',1,'admin',NULL,'/tool/gen','127.0.0.1','内网IP','{\"businessName\":\"attendance\",\"className\":\"HrAttendance\",\"columns\":[{\"capJavaField\":\"Id\",\"columnComment\":\"员工考勤编号\",\"columnId\":132,\"columnName\":\"id\",\"columnType\":\"bigint(20) unsigned\",\"createBy\":\"admin\",\"createTime\":\"2023-02-13 00:32:56\",\"dictType\":\"\",\"edit\":false,\"htmlType\":\"input\",\"increment\":true,\"insert\":true,\"isIncrement\":\"1\",\"isInsert\":\"1\",\"isPk\":\"1\",\"javaField\":\"id\",\"javaType\":\"Long\",\"list\":false,\"params\":{},\"pk\":true,\"query\":false,\"queryType\":\"EQ\",\"required\":false,\"sort\":1,\"superColumn\":false,\"tableId\":14,\"updateBy\":\"\",\"updateTime\":\"2023-02-13 00:36:40\",\"usableColumn\":false},{\"capJavaField\":\"EmployeeId\",\"columnComment\":\"员工编号\",\"columnId\":133,\"columnName\":\"employee_id\",\"columnType\":\"bigint(20)\",\"createBy\":\"admin\",\"createTime\":\"2023-02-13 00:32:56\",\"dictType\":\"\",\"edit\":true,\"htmlType\":\"input\",\"increment\":false,\"insert\":true,\"isEdit\":\"1\",\"isIncrement\":\"0\",\"isInsert\":\"1\",\"isList\":\"1\",\"isPk\":\"0\",\"isQuery\":\"1\",\"javaField\":\"employeeId\",\"javaType\":\"Long\",\"list\":true,\"params\":{},\"pk\":false,\"query\":true,\"queryType\":\"EQ\",\"required\":false,\"sort\":2,\"superColumn\":false,\"tableId\":14,\"updateBy\":\"\",\"updateTime\":\"2023-02-13 00:36:40\",\"usableColumn\":false},{\"capJavaField\":\"MorStartTime\",\"columnComment\":\"上午上班时间\",\"columnId\":134,\"columnName\":\"mor_start_time\",\"columnType\":\"time\",\"createBy\":\"admin\",\"createTime\":\"2023-02-13 00:32:56\",\"dictType\":\"\",\"edit\":true,\"htmlType\":\"datetime\",\"increment\":false,\"insert\":true,\"isEdit\":\"1\",\"isIncrement\":\"0\",\"isInsert\":\"1\",\"isList\":\"1\",\"isPk\":\"0\",\"isQuery\":\"1\",\"javaField\":\"morStartTime\",\"javaType\":\"Date\",\"list\":true,\"params\":{},\"pk\":false,\"query\":true,\"queryType\":\"EQ\",\"required\":false,\"sort\":3,\"superColumn\":false,\"tableId\":14,\"updateBy\":\"\",\"updateTime\":\"2023-02-13 00:36:40\",\"usableColumn\":false},{\"capJavaField\":\"MorEndTime\",\"columnComment\":\"上午下班时间\",\"columnId\":135,\"columnName\":\"mor_end_time\",\"columnType\":\"time\",\"createBy\":\"admin\",\"createTime\":\"2023-02-13 00:32:56\",\"dictType\":\"\",\"edit\":true,\"htmlType\":\"datetime\",\"increment\":false,\"insert\":true,\"isEdit\":\"','{\"msg\":\"操作成功\",\"code\":200}',0,NULL,'2023-02-13 00:43:04'),(21,'代码生成',2,'com.ruoyi.generator.controller.GenController.editSave()','PUT',1,'admin',NULL,'/tool/gen','127.0.0.1','内网IP','{\"businessName\":\"empSalary\",\"className\":\"HrEmpSalary\",\"columns\":[{\"capJavaField\":\"Id\",\"columnComment\":\"员工薪资编号\",\"columnId\":144,\"columnName\":\"id\",\"columnType\":\"bigint(20)\",\"createBy\":\"admin\",\"createTime\":\"2023-02-13 00:32:56\",\"dictType\":\"\",\"edit\":false,\"htmlType\":\"input\",\"increment\":true,\"insert\":true,\"isIncrement\":\"1\",\"isInsert\":\"1\",\"isPk\":\"1\",\"javaField\":\"id\",\"javaType\":\"Long\",\"list\":false,\"params\":{},\"pk\":true,\"query\":false,\"queryType\":\"EQ\",\"required\":false,\"sort\":1,\"superColumn\":false,\"tableId\":15,\"updateBy\":\"\",\"updateTime\":\"2023-02-13 00:39:04\",\"usableColumn\":false},{\"capJavaField\":\"EmployeeId\",\"columnComment\":\"员工编号\",\"columnId\":145,\"columnName\":\"employee_id\",\"columnType\":\"bigint(20)\",\"createBy\":\"admin\",\"createTime\":\"2023-02-13 00:32:56\",\"dictType\":\"\",\"edit\":true,\"htmlType\":\"input\",\"increment\":false,\"insert\":true,\"isEdit\":\"1\",\"isIncrement\":\"0\",\"isInsert\":\"1\",\"isList\":\"1\",\"isPk\":\"0\",\"isQuery\":\"1\",\"javaField\":\"employeeId\",\"javaType\":\"Long\",\"list\":true,\"params\":{},\"pk\":false,\"query\":true,\"queryType\":\"EQ\",\"required\":false,\"sort\":2,\"superColumn\":false,\"tableId\":15,\"updateBy\":\"\",\"updateTime\":\"2023-02-13 00:39:04\",\"usableColumn\":false},{\"capJavaField\":\"SalaryId\",\"columnComment\":\"薪资编号\",\"columnId\":146,\"columnName\":\"salary_id\",\"columnType\":\"bigint(20)\",\"createBy\":\"admin\",\"createTime\":\"2023-02-13 00:32:56\",\"dictType\":\"\",\"edit\":true,\"htmlType\":\"input\",\"increment\":false,\"insert\":true,\"isEdit\":\"1\",\"isIncrement\":\"0\",\"isInsert\":\"1\",\"isList\":\"1\",\"isPk\":\"0\",\"isQuery\":\"1\",\"javaField\":\"salaryId\",\"javaType\":\"Long\",\"list\":true,\"params\":{},\"pk\":false,\"query\":true,\"queryType\":\"EQ\",\"required\":false,\"sort\":3,\"superColumn\":false,\"tableId\":15,\"updateBy\":\"\",\"updateTime\":\"2023-02-13 00:39:04\",\"usableColumn\":false}],\"crud\":false,\"functionAuthor\":\"点点\",\"functionName\":\"员工账套管理\",\"genPath\":\"/\",\"genType\":\"0\",\"moduleName\":\"hr\",\"options\":\"{\\\"treeCode\\\":\\\"employee_id\\\",\\\"treeName\\\":\\\"id\\\",\\\"treeParentCode\\\":\\\"salary_id\\\",\\\"parentMenuId\\\":\\\"\\\"}\",\"packageName\":\"com.ruoyi.hr\",\"params\":{\"treeCode\":\"employee_','{\"msg\":\"操作成功\",\"code\":200}',0,NULL,'2023-02-13 00:43:29'),(22,'代码生成',2,'com.ruoyi.generator.controller.GenController.editSave()','PUT',1,'admin',NULL,'/tool/gen','127.0.0.1','内网IP','{\"businessName\":\"employeeec\",\"className\":\"HrEmployeeec\",\"columns\":[{\"capJavaField\":\"EmployeeecId\",\"columnComment\":\"奖惩编号\",\"columnId\":175,\"columnName\":\"employeeec_id\",\"columnType\":\"bigint(20)\",\"createBy\":\"admin\",\"createTime\":\"2023-02-13 00:32:56\",\"dictType\":\"\",\"edit\":false,\"htmlType\":\"input\",\"increment\":true,\"insert\":true,\"isIncrement\":\"1\",\"isInsert\":\"1\",\"isPk\":\"1\",\"javaField\":\"employeeecId\",\"javaType\":\"Long\",\"list\":false,\"params\":{},\"pk\":true,\"query\":false,\"queryType\":\"EQ\",\"required\":false,\"sort\":1,\"superColumn\":false,\"tableId\":17,\"updateBy\":\"\",\"usableColumn\":false},{\"capJavaField\":\"EmployeeId\",\"columnComment\":\"员工编号\",\"columnId\":176,\"columnName\":\"employee_id\",\"columnType\":\"bigint(20)\",\"createBy\":\"admin\",\"createTime\":\"2023-02-13 00:32:56\",\"dictType\":\"\",\"edit\":true,\"htmlType\":\"input\",\"increment\":false,\"insert\":true,\"isEdit\":\"1\",\"isIncrement\":\"0\",\"isInsert\":\"1\",\"isList\":\"1\",\"isPk\":\"0\",\"isQuery\":\"1\",\"javaField\":\"employeeId\",\"javaType\":\"Long\",\"list\":true,\"params\":{},\"pk\":false,\"query\":true,\"queryType\":\"EQ\",\"required\":false,\"sort\":2,\"superColumn\":false,\"tableId\":17,\"updateBy\":\"\",\"usableColumn\":false},{\"capJavaField\":\"EcDate\",\"columnComment\":\"奖罚日期\",\"columnId\":177,\"columnName\":\"ec_date\",\"columnType\":\"date\",\"createBy\":\"admin\",\"createTime\":\"2023-02-13 00:32:56\",\"dictType\":\"\",\"edit\":true,\"htmlType\":\"datetime\",\"increment\":false,\"insert\":true,\"isEdit\":\"1\",\"isIncrement\":\"0\",\"isInsert\":\"1\",\"isList\":\"1\",\"isPk\":\"0\",\"isQuery\":\"1\",\"javaField\":\"ecDate\",\"javaType\":\"Date\",\"list\":true,\"params\":{},\"pk\":false,\"query\":true,\"queryType\":\"EQ\",\"required\":false,\"sort\":3,\"superColumn\":false,\"tableId\":17,\"updateBy\":\"\",\"usableColumn\":false},{\"capJavaField\":\"EcReason\",\"columnComment\":\"奖罚原因\",\"columnId\":178,\"columnName\":\"ec_reason\",\"columnType\":\"varchar(255)\",\"createBy\":\"admin\",\"createTime\":\"2023-02-13 00:32:56\",\"dictType\":\"\",\"edit\":true,\"htmlType\":\"input\",\"increment\":false,\"insert\":true,\"isEdit\":\"1\",\"isIncrement\":\"0\",\"isInsert\":\"1\",\"isList\":\"1\",\"isPk\":\"0\",\"isQuery\":\"1\",\"javaField\":\"ecReason\",\"javaType\":','{\"msg\":\"操作成功\",\"code\":200}',0,NULL,'2023-02-13 00:44:11'),(23,'代码生成',2,'com.ruoyi.generator.controller.GenController.editSave()','PUT',1,'admin',NULL,'/tool/gen','127.0.0.1','内网IP','{\"businessName\":\"leave\",\"className\":\"HrLeave\",\"columns\":[{\"capJavaField\":\"LeaveId\",\"columnComment\":\"请假编号\",\"columnId\":182,\"columnName\":\"leave_id\",\"columnType\":\"bigint(20) unsigned\",\"createBy\":\"admin\",\"createTime\":\"2023-02-13 00:32:56\",\"dictType\":\"\",\"edit\":false,\"htmlType\":\"input\",\"increment\":true,\"insert\":true,\"isIncrement\":\"1\",\"isInsert\":\"1\",\"isPk\":\"1\",\"javaField\":\"leaveId\",\"javaType\":\"Long\",\"list\":false,\"params\":{},\"pk\":true,\"query\":false,\"queryType\":\"EQ\",\"required\":false,\"sort\":1,\"superColumn\":false,\"tableId\":18,\"updateBy\":\"\",\"usableColumn\":false},{\"capJavaField\":\"EmployeeId\",\"columnComment\":\"员工编号\",\"columnId\":183,\"columnName\":\"employee_id\",\"columnType\":\"bigint(20)\",\"createBy\":\"admin\",\"createTime\":\"2023-02-13 00:32:56\",\"dictType\":\"\",\"edit\":true,\"htmlType\":\"input\",\"increment\":false,\"insert\":true,\"isEdit\":\"1\",\"isIncrement\":\"0\",\"isInsert\":\"1\",\"isList\":\"1\",\"isPk\":\"0\",\"isQuery\":\"1\",\"javaField\":\"employeeId\",\"javaType\":\"Long\",\"list\":true,\"params\":{},\"pk\":false,\"query\":true,\"queryType\":\"EQ\",\"required\":false,\"sort\":2,\"superColumn\":false,\"tableId\":18,\"updateBy\":\"\",\"usableColumn\":false},{\"capJavaField\":\"Days\",\"columnComment\":\"请假的天数\",\"columnId\":184,\"columnName\":\"days\",\"columnType\":\"int(11)\",\"createBy\":\"admin\",\"createTime\":\"2023-02-13 00:32:56\",\"dictType\":\"\",\"edit\":true,\"htmlType\":\"input\",\"increment\":false,\"insert\":true,\"isEdit\":\"1\",\"isIncrement\":\"0\",\"isInsert\":\"1\",\"isList\":\"1\",\"isPk\":\"0\",\"isQuery\":\"1\",\"javaField\":\"days\",\"javaType\":\"Long\",\"list\":true,\"params\":{},\"pk\":false,\"query\":true,\"queryType\":\"EQ\",\"required\":false,\"sort\":3,\"superColumn\":false,\"tableId\":18,\"updateBy\":\"\",\"usableColumn\":false},{\"capJavaField\":\"TypeNum\",\"columnComment\":\"请假类型id\",\"columnId\":185,\"columnName\":\"type_num\",\"columnType\":\"int(11)\",\"createBy\":\"admin\",\"createTime\":\"2023-02-13 00:32:56\",\"dictType\":\"\",\"edit\":true,\"htmlType\":\"input\",\"increment\":false,\"insert\":true,\"isEdit\":\"1\",\"isIncrement\":\"0\",\"isInsert\":\"1\",\"isList\":\"1\",\"isPk\":\"0\",\"isQuery\":\"1\",\"javaField\":\"typeNum\",\"javaType\":\"Long\",\"list\":true,\"params\":','{\"msg\":\"操作成功\",\"code\":200}',0,NULL,'2023-02-13 00:45:09'),(24,'代码生成',2,'com.ruoyi.generator.controller.GenController.editSave()','PUT',1,'admin',NULL,'/tool/gen','127.0.0.1','内网IP','{\"businessName\":\"overtime\",\"className\":\"HrOvertime\",\"columns\":[{\"capJavaField\":\"Id\",\"columnComment\":\"加班编号\",\"columnId\":192,\"columnName\":\"id\",\"columnType\":\"bigint(20) unsigned\",\"createBy\":\"admin\",\"createTime\":\"2023-02-13 00:32:56\",\"dictType\":\"\",\"edit\":false,\"htmlType\":\"input\",\"increment\":true,\"insert\":true,\"isIncrement\":\"1\",\"isInsert\":\"1\",\"isPk\":\"1\",\"javaField\":\"id\",\"javaType\":\"Long\",\"list\":false,\"params\":{},\"pk\":true,\"query\":false,\"queryType\":\"EQ\",\"required\":false,\"sort\":1,\"superColumn\":false,\"tableId\":19,\"updateBy\":\"\",\"usableColumn\":false},{\"capJavaField\":\"SalaryMultiple\",\"columnComment\":\"工资倍数，如按照小时计算，就是员工平均小时工资乘以倍数\",\"columnId\":193,\"columnName\":\"salary_multiple\",\"columnType\":\"decimal(5,2)\",\"createBy\":\"admin\",\"createTime\":\"2023-02-13 00:32:56\",\"dictType\":\"\",\"edit\":true,\"htmlType\":\"input\",\"increment\":false,\"insert\":true,\"isEdit\":\"1\",\"isIncrement\":\"0\",\"isInsert\":\"1\",\"isList\":\"1\",\"isPk\":\"0\",\"isQuery\":\"1\",\"javaField\":\"salaryMultiple\",\"javaType\":\"BigDecimal\",\"list\":true,\"params\":{},\"pk\":false,\"query\":true,\"queryType\":\"EQ\",\"required\":false,\"sort\":2,\"superColumn\":false,\"tableId\":19,\"updateBy\":\"\",\"usableColumn\":false},{\"capJavaField\":\"Bonus\",\"columnComment\":\"加班奖金\",\"columnId\":194,\"columnName\":\"bonus\",\"columnType\":\"decimal(10,3)\",\"createBy\":\"admin\",\"createTime\":\"2023-02-13 00:32:56\",\"dictType\":\"\",\"edit\":true,\"htmlType\":\"input\",\"increment\":false,\"insert\":true,\"isEdit\":\"1\",\"isIncrement\":\"0\",\"isInsert\":\"1\",\"isList\":\"1\",\"isPk\":\"0\",\"isQuery\":\"1\",\"javaField\":\"bonus\",\"javaType\":\"BigDecimal\",\"list\":true,\"params\":{},\"pk\":false,\"query\":true,\"queryType\":\"EQ\",\"required\":false,\"sort\":3,\"superColumn\":false,\"tableId\":19,\"updateBy\":\"\",\"usableColumn\":false},{\"capJavaField\":\"OvertimeTypeId\",\"columnComment\":\"加班类型\",\"columnId\":195,\"columnName\":\"overtime_type_id\",\"columnType\":\"int(11)\",\"createBy\":\"admin\",\"createTime\":\"2023-02-13 00:32:56\",\"dictType\":\"\",\"edit\":true,\"htmlType\":\"input\",\"increment\":false,\"insert\":true,\"isEdit\":\"1\",\"isIncrement\":\"0\",\"isInsert\":\"1\",\"isList\":\"1\",\"isPk\":\"0\",\"isQuery\":\"1\",\"','{\"msg\":\"操作成功\",\"code\":200}',0,NULL,'2023-02-13 00:47:15'),(25,'代码生成',2,'com.ruoyi.generator.controller.GenController.editSave()','PUT',1,'admin',NULL,'/tool/gen','127.0.0.1','内网IP','{\"businessName\":\"overtimeType\",\"className\":\"HrOvertimeType\",\"columns\":[{\"capJavaField\":\"OvertimeTypeId\",\"columnComment\":\"加班类型编号\",\"columnId\":204,\"columnName\":\"overtime_type_id\",\"columnType\":\"int(11) unsigned\",\"createBy\":\"admin\",\"createTime\":\"2023-02-13 00:32:56\",\"dictType\":\"\",\"edit\":false,\"htmlType\":\"input\",\"increment\":true,\"insert\":true,\"isIncrement\":\"1\",\"isInsert\":\"1\",\"isPk\":\"1\",\"javaField\":\"overtimeTypeId\",\"javaType\":\"Long\",\"list\":false,\"params\":{},\"pk\":true,\"query\":false,\"queryType\":\"EQ\",\"required\":false,\"sort\":1,\"superColumn\":false,\"tableId\":20,\"updateBy\":\"\",\"usableColumn\":false},{\"capJavaField\":\"Code\",\"columnComment\":\"加班类型编码\",\"columnId\":205,\"columnName\":\"code\",\"columnType\":\"varchar(20)\",\"createBy\":\"admin\",\"createTime\":\"2023-02-13 00:32:56\",\"dictType\":\"\",\"edit\":true,\"htmlType\":\"input\",\"increment\":false,\"insert\":true,\"isEdit\":\"1\",\"isIncrement\":\"0\",\"isInsert\":\"1\",\"isList\":\"1\",\"isPk\":\"0\",\"isQuery\":\"1\",\"javaField\":\"code\",\"javaType\":\"String\",\"list\":true,\"params\":{},\"pk\":false,\"query\":true,\"queryType\":\"EQ\",\"required\":false,\"sort\":2,\"superColumn\":false,\"tableId\":20,\"updateBy\":\"\",\"usableColumn\":false},{\"capJavaField\":\"Name\",\"columnComment\":\"加班类型名称\",\"columnId\":206,\"columnName\":\"name\",\"columnType\":\"varchar(20)\",\"createBy\":\"admin\",\"createTime\":\"2023-02-13 00:32:56\",\"dictType\":\"\",\"edit\":true,\"htmlType\":\"input\",\"increment\":false,\"insert\":true,\"isEdit\":\"1\",\"isIncrement\":\"0\",\"isInsert\":\"1\",\"isList\":\"1\",\"isPk\":\"0\",\"isQuery\":\"1\",\"javaField\":\"name\",\"javaType\":\"String\",\"list\":true,\"params\":{},\"pk\":false,\"query\":true,\"queryType\":\"LIKE\",\"required\":false,\"sort\":3,\"superColumn\":false,\"tableId\":20,\"updateBy\":\"\",\"usableColumn\":false},{\"capJavaField\":\"Status\",\"columnComment\":\"0禁用，1启用，默认1\",\"columnId\":207,\"columnName\":\"status\",\"columnType\":\"tinyint(4) unsigned\",\"createBy\":\"admin\",\"createTime\":\"2023-02-13 00:32:56\",\"dictType\":\"\",\"edit\":true,\"htmlType\":\"radio\",\"increment\":false,\"insert\":true,\"isEdit\":\"1\",\"isIncrement\":\"0\",\"isInsert\":\"1\",\"isList\":\"1\",\"isPk\":\"0\",\"isQuery\":\"1\",\"isRequired\":\"1\",','{\"msg\":\"操作成功\",\"code\":200}',0,NULL,'2023-02-13 00:48:05'),(26,'代码生成',2,'com.ruoyi.generator.controller.GenController.editSave()','PUT',1,'admin',NULL,'/tool/gen','127.0.0.1','内网IP','{\"businessName\":\"salary\",\"className\":\"HrSalary\",\"columns\":[{\"capJavaField\":\"SalaryId\",\"columnComment\":\"薪资编号\",\"columnId\":212,\"columnName\":\"salary_id\",\"columnType\":\"bigint(20)\",\"createBy\":\"admin\",\"createTime\":\"2023-02-13 00:32:56\",\"dictType\":\"\",\"edit\":false,\"htmlType\":\"input\",\"increment\":true,\"insert\":true,\"isIncrement\":\"1\",\"isInsert\":\"1\",\"isPk\":\"1\",\"javaField\":\"salaryId\",\"javaType\":\"Long\",\"list\":false,\"params\":{},\"pk\":true,\"query\":false,\"queryType\":\"EQ\",\"required\":false,\"sort\":1,\"superColumn\":false,\"tableId\":21,\"updateBy\":\"\",\"usableColumn\":false},{\"capJavaField\":\"SalaryName\",\"columnComment\":\"薪资账套名称\",\"columnId\":213,\"columnName\":\"salary_name\",\"columnType\":\"varchar(32)\",\"createBy\":\"admin\",\"createTime\":\"2023-02-13 00:32:56\",\"dictType\":\"\",\"edit\":true,\"htmlType\":\"input\",\"increment\":false,\"insert\":true,\"isEdit\":\"1\",\"isIncrement\":\"0\",\"isInsert\":\"1\",\"isList\":\"1\",\"isPk\":\"0\",\"isQuery\":\"1\",\"javaField\":\"salaryName\",\"javaType\":\"String\",\"list\":true,\"params\":{},\"pk\":false,\"query\":true,\"queryType\":\"LIKE\",\"required\":false,\"sort\":2,\"superColumn\":false,\"tableId\":21,\"updateBy\":\"\",\"usableColumn\":false},{\"capJavaField\":\"BasicSalary\",\"columnComment\":\"基本工资\",\"columnId\":214,\"columnName\":\"basic_salary\",\"columnType\":\"int(11)\",\"createBy\":\"admin\",\"createTime\":\"2023-02-13 00:32:56\",\"dictType\":\"\",\"edit\":true,\"htmlType\":\"input\",\"increment\":false,\"insert\":true,\"isEdit\":\"1\",\"isIncrement\":\"0\",\"isInsert\":\"1\",\"isList\":\"1\",\"isPk\":\"0\",\"isQuery\":\"1\",\"javaField\":\"basicSalary\",\"javaType\":\"Long\",\"list\":true,\"params\":{},\"pk\":false,\"query\":true,\"queryType\":\"EQ\",\"required\":false,\"sort\":3,\"superColumn\":false,\"tableId\":21,\"updateBy\":\"\",\"usableColumn\":false},{\"capJavaField\":\"Bonus\",\"columnComment\":\"奖金\",\"columnId\":215,\"columnName\":\"bonus\",\"columnType\":\"int(11)\",\"createBy\":\"admin\",\"createTime\":\"2023-02-13 00:32:56\",\"dictType\":\"\",\"edit\":true,\"htmlType\":\"input\",\"increment\":false,\"insert\":true,\"isEdit\":\"1\",\"isIncrement\":\"0\",\"isInsert\":\"1\",\"isList\":\"1\",\"isPk\":\"0\",\"isQuery\":\"1\",\"javaField\":\"bonus\",\"javaType\":\"Long\",\"list\":t','{\"msg\":\"操作成功\",\"code\":200}',0,NULL,'2023-02-13 00:48:47'),(27,'代码生成',2,'com.ruoyi.generator.controller.GenController.editSave()','PUT',1,'admin',NULL,'/tool/gen','127.0.0.1','内网IP','{\"businessName\":\"workTime\",\"className\":\"HrWorkTime\",\"columns\":[{\"capJavaField\":\"Id\",\"columnComment\":\"工作时间编号\",\"columnId\":226,\"columnName\":\"id\",\"columnType\":\"bigint(20) unsigned\",\"createBy\":\"admin\",\"createTime\":\"2023-02-13 00:32:56\",\"dictType\":\"\",\"edit\":false,\"htmlType\":\"input\",\"increment\":true,\"insert\":true,\"isIncrement\":\"1\",\"isInsert\":\"1\",\"isPk\":\"1\",\"javaField\":\"id\",\"javaType\":\"Long\",\"list\":false,\"params\":{},\"pk\":true,\"query\":false,\"queryType\":\"EQ\",\"required\":false,\"sort\":1,\"superColumn\":false,\"tableId\":22,\"updateBy\":\"\",\"usableColumn\":false},{\"capJavaField\":\"DeptId\",\"columnComment\":\"部门编号\",\"columnId\":227,\"columnName\":\"dept_id\",\"columnType\":\"bigint(20) unsigned\",\"createBy\":\"admin\",\"createTime\":\"2023-02-13 00:32:56\",\"dictType\":\"\",\"edit\":true,\"htmlType\":\"input\",\"increment\":false,\"insert\":true,\"isEdit\":\"1\",\"isIncrement\":\"0\",\"isInsert\":\"1\",\"isList\":\"1\",\"isPk\":\"0\",\"isQuery\":\"1\",\"javaField\":\"deptId\",\"javaType\":\"Long\",\"list\":true,\"params\":{},\"pk\":false,\"query\":true,\"queryType\":\"EQ\",\"required\":false,\"sort\":2,\"superColumn\":false,\"tableId\":22,\"updateBy\":\"\",\"usableColumn\":false},{\"capJavaField\":\"MorStartTime\",\"columnComment\":\"上午上班时间\",\"columnId\":228,\"columnName\":\"mor_start_time\",\"columnType\":\"time\",\"createBy\":\"admin\",\"createTime\":\"2023-02-13 00:32:56\",\"dictType\":\"\",\"edit\":true,\"htmlType\":\"datetime\",\"increment\":false,\"insert\":true,\"isEdit\":\"1\",\"isIncrement\":\"0\",\"isInsert\":\"1\",\"isList\":\"1\",\"isPk\":\"0\",\"isQuery\":\"1\",\"javaField\":\"morStartTime\",\"javaType\":\"Date\",\"list\":true,\"params\":{},\"pk\":false,\"query\":true,\"queryType\":\"EQ\",\"required\":false,\"sort\":3,\"superColumn\":false,\"tableId\":22,\"updateBy\":\"\",\"usableColumn\":false},{\"capJavaField\":\"MorEndTime\",\"columnComment\":\"上午下班时间\",\"columnId\":229,\"columnName\":\"mor_end_time\",\"columnType\":\"time\",\"createBy\":\"admin\",\"createTime\":\"2023-02-13 00:32:56\",\"dictType\":\"\",\"edit\":true,\"htmlType\":\"datetime\",\"increment\":false,\"insert\":true,\"isEdit\":\"1\",\"isIncrement\":\"0\",\"isInsert\":\"1\",\"isList\":\"1\",\"isPk\":\"0\",\"isQuery\":\"1\",\"javaField\":\"morEndTime\",\"javaType\":\"D','{\"msg\":\"操作成功\",\"code\":200}',0,NULL,'2023-02-13 00:49:42'),(28,'代码生成',2,'com.ruoyi.generator.controller.GenController.editSave()','PUT',1,'admin',NULL,'/tool/gen','127.0.0.1','内网IP','{\"businessName\":\"employeeRemove\",\"className\":\"HrEmployeeRemove\",\"columns\":[{\"capJavaField\":\"Id\",\"columnComment\":\"员工调动编号\",\"columnId\":237,\"columnName\":\"id\",\"columnType\":\"bigint(20)\",\"createBy\":\"admin\",\"createTime\":\"2023-02-13 00:33:03\",\"dictType\":\"\",\"edit\":false,\"htmlType\":\"input\",\"increment\":true,\"insert\":true,\"isIncrement\":\"1\",\"isInsert\":\"1\",\"isPk\":\"1\",\"javaField\":\"id\",\"javaType\":\"Long\",\"list\":false,\"params\":{},\"pk\":true,\"query\":false,\"queryType\":\"EQ\",\"required\":false,\"sort\":1,\"superColumn\":false,\"tableId\":23,\"updateBy\":\"\",\"usableColumn\":false},{\"capJavaField\":\"EmployeeId\",\"columnComment\":\"员工编号\",\"columnId\":238,\"columnName\":\"employee_id\",\"columnType\":\"bigint(20)\",\"createBy\":\"admin\",\"createTime\":\"2023-02-13 00:33:03\",\"dictType\":\"\",\"edit\":true,\"htmlType\":\"input\",\"increment\":false,\"insert\":true,\"isEdit\":\"1\",\"isIncrement\":\"0\",\"isInsert\":\"1\",\"isList\":\"1\",\"isPk\":\"0\",\"isQuery\":\"1\",\"javaField\":\"employeeId\",\"javaType\":\"Long\",\"list\":true,\"params\":{},\"pk\":false,\"query\":true,\"queryType\":\"EQ\",\"required\":false,\"sort\":2,\"superColumn\":false,\"tableId\":23,\"updateBy\":\"\",\"usableColumn\":false},{\"capJavaField\":\"AfterDepid\",\"columnComment\":\"调动后部门\",\"columnId\":239,\"columnName\":\"after_depId\",\"columnType\":\"bigint(20)\",\"createBy\":\"admin\",\"createTime\":\"2023-02-13 00:33:03\",\"dictType\":\"\",\"edit\":true,\"htmlType\":\"input\",\"increment\":false,\"insert\":true,\"isEdit\":\"1\",\"isIncrement\":\"0\",\"isInsert\":\"1\",\"isList\":\"1\",\"isPk\":\"0\",\"isQuery\":\"1\",\"javaField\":\"afterDepid\",\"javaType\":\"Long\",\"list\":true,\"params\":{},\"pk\":false,\"query\":true,\"queryType\":\"EQ\",\"required\":false,\"sort\":3,\"superColumn\":false,\"tableId\":23,\"updateBy\":\"\",\"usableColumn\":false},{\"capJavaField\":\"AfterJobid\",\"columnComment\":\"调动后职位\",\"columnId\":240,\"columnName\":\"after_jobId\",\"columnType\":\"bigint(20)\",\"createBy\":\"admin\",\"createTime\":\"2023-02-13 00:33:03\",\"dictType\":\"\",\"edit\":true,\"htmlType\":\"input\",\"increment\":false,\"insert\":true,\"isEdit\":\"1\",\"isIncrement\":\"0\",\"isInsert\":\"1\",\"isList\":\"1\",\"isPk\":\"0\",\"isQuery\":\"1\",\"javaField\":\"afterJobid\",\"javaType\":','{\"msg\":\"操作成功\",\"code\":200}',0,NULL,'2023-02-13 00:50:23'),(29,'代码生成',2,'com.ruoyi.generator.controller.GenController.editSave()','PUT',1,'admin',NULL,'/tool/gen','127.0.0.1','内网IP','{\"businessName\":\"jobLevel\",\"className\":\"HrJobLevel\",\"columns\":[{\"capJavaField\":\"JobLevelId\",\"columnComment\":\"职称编号\",\"columnId\":244,\"columnName\":\"job_level_id\",\"columnType\":\"bigint(20)\",\"createBy\":\"admin\",\"createTime\":\"2023-02-13 00:33:03\",\"dictType\":\"\",\"edit\":false,\"htmlType\":\"input\",\"increment\":true,\"insert\":true,\"isIncrement\":\"1\",\"isInsert\":\"1\",\"isPk\":\"1\",\"javaField\":\"jobLevelId\",\"javaType\":\"Long\",\"list\":false,\"params\":{},\"pk\":true,\"query\":false,\"queryType\":\"EQ\",\"required\":false,\"sort\":1,\"superColumn\":false,\"tableId\":24,\"updateBy\":\"\",\"usableColumn\":false},{\"capJavaField\":\"JobLevelName\",\"columnComment\":\"职称名称\",\"columnId\":245,\"columnName\":\"job_level_name\",\"columnType\":\"varchar(32)\",\"createBy\":\"admin\",\"createTime\":\"2023-02-13 00:33:03\",\"dictType\":\"\",\"edit\":true,\"htmlType\":\"input\",\"increment\":false,\"insert\":true,\"isEdit\":\"1\",\"isIncrement\":\"0\",\"isInsert\":\"1\",\"isList\":\"1\",\"isPk\":\"0\",\"isQuery\":\"1\",\"javaField\":\"jobLevelName\",\"javaType\":\"String\",\"list\":true,\"params\":{},\"pk\":false,\"query\":true,\"queryType\":\"LIKE\",\"required\":false,\"sort\":2,\"superColumn\":false,\"tableId\":24,\"updateBy\":\"\",\"usableColumn\":false},{\"capJavaField\":\"TitleLevel\",\"columnComment\":\"职称等级\",\"columnId\":246,\"columnName\":\"title_level\",\"columnType\":\"enum(\'正高级\',\'副高级\',\'中级\',\'初级\',\'员级\')\",\"createBy\":\"admin\",\"createTime\":\"2023-02-13 00:33:03\",\"dictType\":\"\",\"edit\":true,\"increment\":false,\"insert\":true,\"isEdit\":\"1\",\"isIncrement\":\"0\",\"isInsert\":\"1\",\"isList\":\"1\",\"isPk\":\"0\",\"isQuery\":\"1\",\"javaField\":\"titleLevel\",\"javaType\":\"String\",\"list\":true,\"params\":{},\"pk\":false,\"query\":true,\"queryType\":\"EQ\",\"required\":false,\"sort\":3,\"superColumn\":false,\"tableId\":24,\"updateBy\":\"\",\"usableColumn\":false},{\"capJavaField\":\"CreateDate\",\"columnComment\":\"创建时间\",\"columnId\":247,\"columnName\":\"create_date\",\"columnType\":\"timestamp\",\"createBy\":\"admin\",\"createTime\":\"2023-02-13 00:33:03\",\"dictType\":\"\",\"edit\":true,\"htmlType\":\"datetime\",\"increment\":false,\"insert\":true,\"isEdit\":\"1\",\"isIncrement\":\"0\",\"isInsert\":\"1\",\"isList\":\"1\",\"isPk\":\"0\",\"isQuery\":\"1\",\"javaFi','{\"msg\":\"操作成功\",\"code\":200}',0,NULL,'2023-02-13 00:51:10'),(30,'代码生成',2,'com.ruoyi.generator.controller.GenController.editSave()','PUT',1,'admin',NULL,'/tool/gen','127.0.0.1','内网IP','{\"businessName\":\"adjustSalary\",\"className\":\"HrAdjustSalary\",\"columns\":[{\"capJavaField\":\"Id\",\"columnComment\":\"调薪编号\",\"columnId\":125,\"columnName\":\"id\",\"columnType\":\"bigint(20)\",\"createBy\":\"admin\",\"createTime\":\"2023-02-13 00:32:56\",\"dictType\":\"\",\"edit\":false,\"htmlType\":\"input\",\"increment\":true,\"insert\":true,\"isIncrement\":\"1\",\"isInsert\":\"1\",\"isPk\":\"1\",\"javaField\":\"id\",\"javaType\":\"Long\",\"list\":false,\"params\":{},\"pk\":true,\"query\":false,\"queryType\":\"EQ\",\"required\":false,\"sort\":1,\"superColumn\":false,\"tableId\":13,\"updateBy\":\"\",\"updateTime\":\"2023-02-13 00:42:36\",\"usableColumn\":false},{\"capJavaField\":\"EmployeeId\",\"columnComment\":\"员工编号\",\"columnId\":126,\"columnName\":\"employee_id\",\"columnType\":\"bigint(20)\",\"createBy\":\"admin\",\"createTime\":\"2023-02-13 00:32:56\",\"dictType\":\"\",\"edit\":true,\"htmlType\":\"input\",\"increment\":false,\"insert\":true,\"isEdit\":\"1\",\"isIncrement\":\"0\",\"isInsert\":\"1\",\"isList\":\"1\",\"isPk\":\"0\",\"isQuery\":\"1\",\"javaField\":\"employeeId\",\"javaType\":\"Long\",\"list\":true,\"params\":{},\"pk\":false,\"query\":true,\"queryType\":\"EQ\",\"required\":false,\"sort\":2,\"superColumn\":false,\"tableId\":13,\"updateBy\":\"\",\"updateTime\":\"2023-02-13 00:42:36\",\"usableColumn\":false},{\"capJavaField\":\"AsDate\",\"columnComment\":\"调薪日期\",\"columnId\":127,\"columnName\":\"as_date\",\"columnType\":\"date\",\"createBy\":\"admin\",\"createTime\":\"2023-02-13 00:32:56\",\"dictType\":\"\",\"edit\":true,\"htmlType\":\"datetime\",\"increment\":false,\"insert\":true,\"isEdit\":\"1\",\"isIncrement\":\"0\",\"isInsert\":\"1\",\"isList\":\"1\",\"isPk\":\"0\",\"isQuery\":\"1\",\"javaField\":\"asDate\",\"javaType\":\"Date\",\"list\":true,\"params\":{},\"pk\":false,\"query\":true,\"queryType\":\"EQ\",\"required\":false,\"sort\":3,\"superColumn\":false,\"tableId\":13,\"updateBy\":\"\",\"updateTime\":\"2023-02-13 00:42:36\",\"usableColumn\":false},{\"capJavaField\":\"BeforeSalary\",\"columnComment\":\"调前薪资\",\"columnId\":128,\"columnName\":\"before_salary\",\"columnType\":\"int(11)\",\"createBy\":\"admin\",\"createTime\":\"2023-02-13 00:32:56\",\"dictType\":\"\",\"edit\":true,\"htmlType\":\"input\",\"increment\":false,\"insert\":true,\"isEdit\":\"1\",\"isIncrement\":\"0\",\"isIns','{\"msg\":\"操作成功\",\"code\":200}',0,NULL,'2023-02-13 00:52:16'),(31,'代码生成',2,'com.ruoyi.generator.controller.GenController.editSave()','PUT',1,'admin',NULL,'/tool/gen','127.0.0.1','内网IP','{\"businessName\":\"attendance\",\"className\":\"HrAttendance\",\"columns\":[{\"capJavaField\":\"Id\",\"columnComment\":\"员工考勤编号\",\"columnId\":132,\"columnName\":\"id\",\"columnType\":\"bigint(20) unsigned\",\"createBy\":\"admin\",\"createTime\":\"2023-02-13 00:32:56\",\"dictType\":\"\",\"edit\":false,\"htmlType\":\"input\",\"increment\":true,\"insert\":true,\"isIncrement\":\"1\",\"isInsert\":\"1\",\"isPk\":\"1\",\"javaField\":\"id\",\"javaType\":\"Long\",\"list\":false,\"params\":{},\"pk\":true,\"query\":false,\"queryType\":\"EQ\",\"required\":false,\"sort\":1,\"superColumn\":false,\"tableId\":14,\"updateBy\":\"\",\"updateTime\":\"2023-02-13 00:43:04\",\"usableColumn\":false},{\"capJavaField\":\"EmployeeId\",\"columnComment\":\"员工编号\",\"columnId\":133,\"columnName\":\"employee_id\",\"columnType\":\"bigint(20)\",\"createBy\":\"admin\",\"createTime\":\"2023-02-13 00:32:56\",\"dictType\":\"\",\"edit\":true,\"htmlType\":\"input\",\"increment\":false,\"insert\":true,\"isEdit\":\"1\",\"isIncrement\":\"0\",\"isInsert\":\"1\",\"isList\":\"1\",\"isPk\":\"0\",\"isQuery\":\"1\",\"javaField\":\"employeeId\",\"javaType\":\"Long\",\"list\":true,\"params\":{},\"pk\":false,\"query\":true,\"queryType\":\"EQ\",\"required\":false,\"sort\":2,\"superColumn\":false,\"tableId\":14,\"updateBy\":\"\",\"updateTime\":\"2023-02-13 00:43:04\",\"usableColumn\":false},{\"capJavaField\":\"MorStartTime\",\"columnComment\":\"上午上班时间\",\"columnId\":134,\"columnName\":\"mor_start_time\",\"columnType\":\"time\",\"createBy\":\"admin\",\"createTime\":\"2023-02-13 00:32:56\",\"dictType\":\"\",\"edit\":true,\"htmlType\":\"datetime\",\"increment\":false,\"insert\":true,\"isEdit\":\"1\",\"isIncrement\":\"0\",\"isInsert\":\"1\",\"isList\":\"1\",\"isPk\":\"0\",\"isQuery\":\"1\",\"javaField\":\"morStartTime\",\"javaType\":\"Date\",\"list\":true,\"params\":{},\"pk\":false,\"query\":true,\"queryType\":\"EQ\",\"required\":false,\"sort\":3,\"superColumn\":false,\"tableId\":14,\"updateBy\":\"\",\"updateTime\":\"2023-02-13 00:43:04\",\"usableColumn\":false},{\"capJavaField\":\"MorEndTime\",\"columnComment\":\"上午下班时间\",\"columnId\":135,\"columnName\":\"mor_end_time\",\"columnType\":\"time\",\"createBy\":\"admin\",\"createTime\":\"2023-02-13 00:32:56\",\"dictType\":\"\",\"edit\":true,\"htmlType\":\"datetime\",\"increment\":false,\"insert\":true,\"isEdit\":\"','{\"msg\":\"操作成功\",\"code\":200}',0,NULL,'2023-02-13 00:52:37'),(32,'代码生成',2,'com.ruoyi.generator.controller.GenController.editSave()','PUT',1,'admin',NULL,'/tool/gen','127.0.0.1','内网IP','{\"businessName\":\"employeeRemove\",\"className\":\"HrEmployeeRemove\",\"columns\":[{\"capJavaField\":\"Id\",\"columnComment\":\"员工调动编号\",\"columnId\":237,\"columnName\":\"id\",\"columnType\":\"bigint(20)\",\"createBy\":\"admin\",\"createTime\":\"2023-02-13 00:33:03\",\"dictType\":\"\",\"edit\":false,\"htmlType\":\"input\",\"increment\":true,\"insert\":true,\"isIncrement\":\"1\",\"isInsert\":\"1\",\"isPk\":\"1\",\"javaField\":\"id\",\"javaType\":\"Long\",\"list\":false,\"params\":{},\"pk\":true,\"query\":false,\"queryType\":\"EQ\",\"required\":false,\"sort\":1,\"superColumn\":false,\"tableId\":23,\"updateBy\":\"\",\"updateTime\":\"2023-02-13 00:50:23\",\"usableColumn\":false},{\"capJavaField\":\"EmployeeId\",\"columnComment\":\"员工编号\",\"columnId\":238,\"columnName\":\"employee_id\",\"columnType\":\"bigint(20)\",\"createBy\":\"admin\",\"createTime\":\"2023-02-13 00:33:03\",\"dictType\":\"\",\"edit\":true,\"htmlType\":\"input\",\"increment\":false,\"insert\":true,\"isEdit\":\"1\",\"isIncrement\":\"0\",\"isInsert\":\"1\",\"isList\":\"1\",\"isPk\":\"0\",\"isQuery\":\"1\",\"javaField\":\"employeeId\",\"javaType\":\"Long\",\"list\":true,\"params\":{},\"pk\":false,\"query\":true,\"queryType\":\"EQ\",\"required\":false,\"sort\":2,\"superColumn\":false,\"tableId\":23,\"updateBy\":\"\",\"updateTime\":\"2023-02-13 00:50:23\",\"usableColumn\":false},{\"capJavaField\":\"AfterDepid\",\"columnComment\":\"调动后部门\",\"columnId\":239,\"columnName\":\"after_depId\",\"columnType\":\"bigint(20)\",\"createBy\":\"admin\",\"createTime\":\"2023-02-13 00:33:03\",\"dictType\":\"\",\"edit\":true,\"htmlType\":\"input\",\"increment\":false,\"insert\":true,\"isEdit\":\"1\",\"isIncrement\":\"0\",\"isInsert\":\"1\",\"isList\":\"1\",\"isPk\":\"0\",\"isQuery\":\"1\",\"javaField\":\"afterDepid\",\"javaType\":\"Long\",\"list\":true,\"params\":{},\"pk\":false,\"query\":true,\"queryType\":\"EQ\",\"required\":false,\"sort\":3,\"superColumn\":false,\"tableId\":23,\"updateBy\":\"\",\"updateTime\":\"2023-02-13 00:50:23\",\"usableColumn\":false},{\"capJavaField\":\"AfterJobid\",\"columnComment\":\"调动后职位\",\"columnId\":240,\"columnName\":\"after_jobId\",\"columnType\":\"bigint(20)\",\"createBy\":\"admin\",\"createTime\":\"2023-02-13 00:33:03\",\"dictType\":\"\",\"edit\":true,\"htmlType\":\"input\",\"increment\":false,\"insert\":true,\"isEdit\":\"1\",\"i','{\"msg\":\"操作成功\",\"code\":200}',0,NULL,'2023-02-13 00:56:57'),(33,'代码生成',8,'com.ruoyi.generator.controller.GenController.batchGenCode()','GET',1,'admin',NULL,'/tool/gen/batchGenCode','127.0.0.1','内网IP','{\"tables\":\"hr_employee_remove,hr_job_level\"}',NULL,0,NULL,'2023-02-13 00:57:10'),(34,'代码生成',8,'com.ruoyi.generator.controller.GenController.batchGenCode()','GET',1,'admin',NULL,'/tool/gen/batchGenCode','127.0.0.1','内网IP','{\"tables\":\"hr_adjust_salary,hr_attendance,hr_emp_salary,hr_employee,hr_employeeec,hr_leave,hr_overtime,hr_overtime_type,hr_salary,hr_work_time\"}',NULL,0,NULL,'2023-02-13 00:57:15'),(35,'菜单管理',3,'com.ruoyi.web.controller.system.SysMenuController.remove()','DELETE',1,'admin',NULL,'/system/menu/4','127.0.0.1','内网IP','{}','{\"msg\":\"菜单已分配,不允许删除\",\"code\":601}',0,NULL,'2023-02-13 09:52:57'),(36,'角色管理',2,'com.ruoyi.web.controller.system.SysRoleController.edit()','PUT',1,'admin',NULL,'/system/role','127.0.0.1','内网IP','{\"admin\":false,\"createTime\":\"2023-02-08 00:17:59\",\"dataScope\":\"2\",\"delFlag\":\"0\",\"deptCheckStrictly\":true,\"flag\":false,\"menuCheckStrictly\":true,\"menuIds\":[],\"params\":{},\"remark\":\"普通角色\",\"roleId\":2,\"roleKey\":\"common\",\"roleName\":\"普通角色\",\"roleSort\":2,\"status\":\"0\",\"updateBy\":\"admin\"}','{\"msg\":\"操作成功\",\"code\":200}',0,NULL,'2023-02-13 09:53:12'),(37,'菜单管理',2,'com.ruoyi.web.controller.system.SysMenuController.edit()','PUT',1,'admin',NULL,'/system/menu','127.0.0.1','内网IP','{\"children\":[],\"createTime\":\"2023-02-08 00:17:59\",\"icon\":\"monitor\",\"isCache\":\"0\",\"isFrame\":\"1\",\"menuId\":2,\"menuName\":\"系统监控\",\"menuType\":\"M\",\"orderNum\":3,\"params\":{},\"parentId\":0,\"path\":\"monitor\",\"perms\":\"\",\"query\":\"\",\"status\":\"0\",\"updateBy\":\"admin\",\"visible\":\"0\"}','{\"msg\":\"操作成功\",\"code\":200}',0,NULL,'2023-02-13 09:53:37'),(38,'菜单管理',3,'com.ruoyi.web.controller.system.SysMenuController.remove()','DELETE',1,'admin',NULL,'/system/menu/4','127.0.0.1','内网IP','{}','{\"msg\":\"操作成功\",\"code\":200}',0,NULL,'2023-02-13 09:53:40'),(39,'菜单管理',2,'com.ruoyi.web.controller.system.SysMenuController.edit()','PUT',1,'admin',NULL,'/system/menu','127.0.0.1','内网IP','{\"children\":[],\"component\":\"hr/jobLevel/index\",\"createTime\":\"2023-02-13 09:50:38\",\"icon\":\"#\",\"isCache\":\"0\",\"isFrame\":\"1\",\"menuId\":1097,\"menuName\":\"职称管理\",\"menuType\":\"C\",\"orderNum\":1,\"params\":{},\"parentId\":1,\"path\":\"jobLevel\",\"perms\":\"hr:jobLevel:list\",\"status\":\"0\",\"updateBy\":\"admin\",\"visible\":\"0\"}','{\"msg\":\"操作成功\",\"code\":200}',0,NULL,'2023-02-13 11:55:58'),(40,'菜单管理',1,'com.ruoyi.web.controller.system.SysMenuController.add()','POST',1,'admin',NULL,'/system/menu','127.0.0.1','内网IP','{\"children\":[],\"createBy\":\"admin\",\"icon\":\"404\",\"isCache\":\"0\",\"isFrame\":\"1\",\"menuName\":\"人事管理\",\"menuType\":\"M\",\"orderNum\":2,\"params\":{},\"parentId\":0,\"path\":\"hr\",\"status\":\"0\",\"visible\":\"0\"}','{\"msg\":\"操作成功\",\"code\":200}',0,NULL,'2023-02-13 11:56:54'),(41,'菜单管理',1,'com.ruoyi.web.controller.system.SysMenuController.add()','POST',1,'admin',NULL,'/system/menu','127.0.0.1','内网IP','{\"children\":[],\"createBy\":\"admin\",\"icon\":\"404\",\"isCache\":\"0\",\"isFrame\":\"1\",\"menuName\":\"薪资管理\",\"menuType\":\"M\",\"orderNum\":2,\"params\":{},\"parentId\":0,\"path\":\"salary\",\"status\":\"0\",\"visible\":\"0\"}','{\"msg\":\"操作成功\",\"code\":200}',0,NULL,'2023-02-13 11:57:28'),(42,'菜单管理',1,'com.ruoyi.web.controller.system.SysMenuController.add()','POST',1,'admin',NULL,'/system/menu','127.0.0.1','内网IP','{\"children\":[],\"createBy\":\"admin\",\"icon\":\"404\",\"isCache\":\"0\",\"isFrame\":\"1\",\"menuName\":\"考勤管理\",\"menuType\":\"M\",\"orderNum\":2,\"params\":{},\"parentId\":0,\"path\":\"attendance\",\"status\":\"0\",\"visible\":\"0\"}','{\"msg\":\"操作成功\",\"code\":200}',0,NULL,'2023-02-13 11:58:09'),(43,'菜单管理',2,'com.ruoyi.web.controller.system.SysMenuController.edit()','PUT',1,'admin',NULL,'/system/menu','127.0.0.1','内网IP','{\"children\":[],\"component\":\"hr/attendance/index\",\"createTime\":\"2023-02-13 09:50:19\",\"icon\":\"#\",\"isCache\":\"0\",\"isFrame\":\"1\",\"menuId\":1067,\"menuName\":\"员工考勤管理\",\"menuType\":\"C\",\"orderNum\":1,\"params\":{},\"parentId\":1133,\"path\":\"attendance\",\"perms\":\"hr:attendance:list\",\"status\":\"0\",\"updateBy\":\"admin\",\"visible\":\"0\"}','{\"msg\":\"操作成功\",\"code\":200}',0,NULL,'2023-02-13 11:58:30'),(44,'菜单管理',2,'com.ruoyi.web.controller.system.SysMenuController.edit()','PUT',1,'admin',NULL,'/system/menu','127.0.0.1','内网IP','{\"children\":[],\"component\":\"hr/adjustSalary/index\",\"createTime\":\"2023-02-13 09:50:14\",\"icon\":\"#\",\"isCache\":\"0\",\"isFrame\":\"1\",\"menuId\":1061,\"menuName\":\"员工调薪\",\"menuType\":\"C\",\"orderNum\":1,\"params\":{},\"parentId\":1133,\"path\":\"adjustSalary\",\"perms\":\"hr:adjustSalary:list\",\"status\":\"0\",\"updateBy\":\"admin\",\"visible\":\"0\"}','{\"msg\":\"操作成功\",\"code\":200}',0,NULL,'2023-02-13 11:58:38'),(45,'菜单管理',2,'com.ruoyi.web.controller.system.SysMenuController.edit()','PUT',1,'admin',NULL,'/system/menu','127.0.0.1','内网IP','{\"children\":[],\"component\":\"hr/employee/index\",\"createTime\":\"2023-02-13 09:50:27\",\"icon\":\"#\",\"isCache\":\"0\",\"isFrame\":\"1\",\"menuId\":1079,\"menuName\":\"员工档案管理\",\"menuType\":\"C\",\"orderNum\":1,\"params\":{},\"parentId\":1133,\"path\":\"employee\",\"perms\":\"hr:employee:list\",\"status\":\"0\",\"updateBy\":\"admin\",\"visible\":\"0\"}','{\"msg\":\"操作成功\",\"code\":200}',0,NULL,'2023-02-13 11:58:48'),(46,'菜单管理',2,'com.ruoyi.web.controller.system.SysMenuController.edit()','PUT',1,'admin',NULL,'/system/menu','127.0.0.1','内网IP','{\"children\":[],\"component\":\"hr/employeeec/index\",\"createTime\":\"2023-02-13 09:50:23\",\"icon\":\"#\",\"isCache\":\"0\",\"isFrame\":\"1\",\"menuId\":1073,\"menuName\":\"员工奖惩管理\",\"menuType\":\"C\",\"orderNum\":1,\"params\":{},\"parentId\":1133,\"path\":\"employeeec\",\"perms\":\"hr:employeeec:list\",\"status\":\"0\",\"updateBy\":\"admin\",\"visible\":\"0\"}','{\"msg\":\"操作成功\",\"code\":200}',0,NULL,'2023-02-13 11:58:55'),(47,'菜单管理',2,'com.ruoyi.web.controller.system.SysMenuController.edit()','PUT',1,'admin',NULL,'/system/menu','127.0.0.1','内网IP','{\"children\":[],\"component\":\"hr/employeeRemove/index\",\"createTime\":\"2023-02-13 09:50:31\",\"icon\":\"#\",\"isCache\":\"0\",\"isFrame\":\"1\",\"menuId\":1085,\"menuName\":\"员工调动\",\"menuType\":\"C\",\"orderNum\":1,\"params\":{},\"parentId\":1133,\"path\":\"employeeRemove\",\"perms\":\"hr:employeeRemove:list\",\"status\":\"0\",\"updateBy\":\"admin\",\"visible\":\"0\"}','{\"msg\":\"操作成功\",\"code\":200}',0,NULL,'2023-02-13 11:59:00'),(48,'菜单管理',2,'com.ruoyi.web.controller.system.SysMenuController.edit()','PUT',1,'admin',NULL,'/system/menu','127.0.0.1','内网IP','{\"children\":[],\"component\":\"hr/empSalary/index\",\"createTime\":\"2023-02-13 09:50:35\",\"icon\":\"#\",\"isCache\":\"0\",\"isFrame\":\"1\",\"menuId\":1091,\"menuName\":\"员工账套管理\",\"menuType\":\"C\",\"orderNum\":1,\"params\":{},\"parentId\":1134,\"path\":\"empSalary\",\"perms\":\"hr:empSalary:list\",\"status\":\"0\",\"updateBy\":\"admin\",\"visible\":\"0\"}','{\"msg\":\"操作成功\",\"code\":200}',0,NULL,'2023-02-13 11:59:07'),(49,'菜单管理',2,'com.ruoyi.web.controller.system.SysMenuController.edit()','PUT',1,'admin',NULL,'/system/menu','127.0.0.1','内网IP','{\"children\":[],\"component\":\"hr/leave/index\",\"createTime\":\"2023-02-13 09:50:41\",\"icon\":\"#\",\"isCache\":\"0\",\"isFrame\":\"1\",\"menuId\":1103,\"menuName\":\"请假审批管理\",\"menuType\":\"C\",\"orderNum\":1,\"params\":{},\"parentId\":1135,\"path\":\"leave\",\"perms\":\"hr:leave:list\",\"status\":\"0\",\"updateBy\":\"admin\",\"visible\":\"0\"}','{\"msg\":\"操作成功\",\"code\":200}',0,NULL,'2023-02-13 11:59:15'),(50,'菜单管理',2,'com.ruoyi.web.controller.system.SysMenuController.edit()','PUT',1,'admin',NULL,'/system/menu','127.0.0.1','内网IP','{\"children\":[],\"component\":\"hr/overtime/index\",\"createTime\":\"2023-02-13 09:50:44\",\"icon\":\"#\",\"isCache\":\"0\",\"isFrame\":\"1\",\"menuId\":1109,\"menuName\":\"员工加班管理\",\"menuType\":\"C\",\"orderNum\":1,\"params\":{},\"parentId\":1135,\"path\":\"overtime\",\"perms\":\"hr:overtime:list\",\"status\":\"0\",\"updateBy\":\"admin\",\"visible\":\"0\"}','{\"msg\":\"操作成功\",\"code\":200}',0,NULL,'2023-02-13 11:59:26'),(51,'菜单管理',2,'com.ruoyi.web.controller.system.SysMenuController.edit()','PUT',1,'admin',NULL,'/system/menu','127.0.0.1','内网IP','{\"children\":[],\"component\":\"hr/overtimeType/index\",\"createTime\":\"2023-02-13 09:50:48\",\"icon\":\"#\",\"isCache\":\"0\",\"isFrame\":\"1\",\"menuId\":1115,\"menuName\":\"加班类型\",\"menuType\":\"C\",\"orderNum\":1,\"params\":{},\"parentId\":1,\"path\":\"overtimeType\",\"perms\":\"hr:overtimeType:list\",\"status\":\"0\",\"updateBy\":\"admin\",\"visible\":\"0\"}','{\"msg\":\"操作成功\",\"code\":200}',0,NULL,'2023-02-13 11:59:32'),(52,'菜单管理',2,'com.ruoyi.web.controller.system.SysMenuController.edit()','PUT',1,'admin',NULL,'/system/menu','127.0.0.1','内网IP','{\"children\":[],\"component\":\"hr/salary/index\",\"createTime\":\"2023-02-13 09:50:51\",\"icon\":\"#\",\"isCache\":\"0\",\"isFrame\":\"1\",\"menuId\":1121,\"menuName\":\"薪资账套管理\",\"menuType\":\"C\",\"orderNum\":1,\"params\":{},\"parentId\":1134,\"path\":\"salary\",\"perms\":\"hr:salary:list\",\"status\":\"0\",\"updateBy\":\"admin\",\"visible\":\"0\"}','{\"msg\":\"操作成功\",\"code\":200}',0,NULL,'2023-02-13 11:59:38'),(53,'菜单管理',2,'com.ruoyi.web.controller.system.SysMenuController.edit()','PUT',1,'admin',NULL,'/system/menu','127.0.0.1','内网IP','{\"children\":[],\"component\":\"hr/workTime/index\",\"createTime\":\"2023-02-13 09:50:54\",\"icon\":\"#\",\"isCache\":\"0\",\"isFrame\":\"1\",\"menuId\":1127,\"menuName\":\"工作时间管理\",\"menuType\":\"C\",\"orderNum\":1,\"params\":{},\"parentId\":1,\"path\":\"workTime\",\"perms\":\"hr:workTime:list\",\"status\":\"0\",\"updateBy\":\"admin\",\"visible\":\"0\"}','{\"msg\":\"操作成功\",\"code\":200}',0,NULL,'2023-02-13 11:59:51'),(54,'字典类型',9,'com.ruoyi.web.controller.system.SysDictTypeController.refreshCache()','DELETE',1,'admin',NULL,'/system/dict/type/refreshCache','127.0.0.1','内网IP','{}','{\"msg\":\"操作成功\",\"code\":200}',0,NULL,'2023-02-13 12:06:09'),(55,'菜单管理',2,'com.ruoyi.web.controller.system.SysMenuController.edit()','PUT',1,'admin',NULL,'/system/menu','127.0.0.1','内网IP','{\"children\":[],\"component\":\"system/user/index\",\"createTime\":\"2023-02-08 00:17:59\",\"icon\":\"user\",\"isCache\":\"0\",\"isFrame\":\"1\",\"menuId\":100,\"menuName\":\"用户管理\",\"menuType\":\"C\",\"orderNum\":2,\"params\":{},\"parentId\":1,\"path\":\"user\",\"perms\":\"system:user:list\",\"query\":\"\",\"status\":\"0\",\"updateBy\":\"admin\",\"visible\":\"0\"}','{\"msg\":\"操作成功\",\"code\":200}',0,NULL,'2023-02-13 21:28:52'),(56,'工作时间管理',2,'com.ruoyi.hr.controller.HrWorkTimeController.edit()','PUT',1,'admin',NULL,'/hr/workTime','127.0.0.1','内网IP','{\"aftEndTime\":\"1970-01-01 16:40:00\",\"aftStartTime\":\"1970-01-01 13:10:00\",\"dept\":{\"ancestors\":\"0,100\",\"children\":[],\"deptId\":101,\"deptName\":\"深圳总公司\",\"leader\":\"点点\",\"orderNum\":1,\"params\":{},\"parentId\":100,\"status\":\"0\"},\"deptId\":101,\"id\":1,\"morEndTime\":\"1970-01-01 10:20:00\",\"morStartTime\":\"1970-01-01 06:10:00\",\"params\":{},\"status\":\"0\",\"totalWorkTime\":7.7,\"updateTime\":\"2023-02-17 19:04:12.279\"}','{\"msg\":\"操作成功\",\"code\":200}',0,NULL,'2023-02-17 19:04:12'),(57,'工作时间管理',2,'com.ruoyi.hr.controller.HrWorkTimeController.edit()','PUT',1,'admin',NULL,'/hr/workTime','127.0.0.1','内网IP','{\"aftEndTime\":\"1970-01-01 16:40:00\",\"aftStartTime\":\"1970-01-01 13:10:00\",\"dept\":{\"ancestors\":\"0,100\",\"children\":[],\"deptId\":101,\"deptName\":\"深圳总公司\",\"leader\":\"点点\",\"orderNum\":1,\"params\":{},\"parentId\":100,\"status\":\"0\"},\"deptId\":101,\"id\":1,\"morEndTime\":\"1970-01-01 10:20:00\",\"morStartTime\":\"1970-01-01 06:10:00\",\"params\":{},\"status\":\"0\",\"totalWorkTime\":7.7,\"updateTime\":\"2023-02-17 19:25:31.05\"}','{\"msg\":\"操作成功\",\"code\":200}',0,NULL,'2023-02-17 19:25:31'),(58,'工作时间管理',2,'com.ruoyi.hr.controller.HrWorkTimeController.edit()','PUT',1,'admin',NULL,'/hr/workTime','127.0.0.1','内网IP','{\"aftEndTime\":\"1970-01-01 20:00:00\",\"aftStartTime\":\"1970-01-01 13:00:00\",\"dept\":{\"ancestors\":\"0,100\",\"children\":[],\"deptId\":101,\"deptName\":\"深圳总公司\",\"leader\":\"点点\",\"orderNum\":1,\"params\":{},\"parentId\":100,\"status\":\"0\"},\"deptId\":101,\"id\":1,\"morEndTime\":\"1970-01-01 12:00:00\",\"morStartTime\":\"1970-01-01 08:00:00\",\"params\":{},\"status\":\"0\",\"totalWorkTime\":7.7,\"updateTime\":\"2023-02-17 19:26:13.149\"}','{\"msg\":\"操作成功\",\"code\":200}',0,NULL,'2023-02-17 19:26:13'),(59,'菜单管理',2,'com.ruoyi.web.controller.system.SysMenuController.edit()','PUT',1,'admin',NULL,'/system/menu','127.0.0.1','内网IP','{\"children\":[],\"component\":\"hr/workTime/index\",\"createTime\":\"2023-02-13 09:50:54\",\"icon\":\"bug\",\"isCache\":\"0\",\"isFrame\":\"1\",\"menuId\":1127,\"menuName\":\"工作时间管理\",\"menuType\":\"C\",\"orderNum\":1,\"params\":{},\"parentId\":1,\"path\":\"workTime\",\"perms\":\"hr:workTime:list\",\"status\":\"0\",\"updateBy\":\"admin\",\"visible\":\"0\"}','{\"msg\":\"操作成功\",\"code\":200}',0,NULL,'2023-02-17 19:31:45'),(60,'菜单管理',2,'com.ruoyi.web.controller.system.SysMenuController.edit()','PUT',1,'admin',NULL,'/system/menu','127.0.0.1','内网IP','{\"children\":[],\"component\":\"hr/overtimeType/index\",\"createTime\":\"2023-02-13 09:50:48\",\"icon\":\"bug\",\"isCache\":\"0\",\"isFrame\":\"1\",\"menuId\":1115,\"menuName\":\"加班类型\",\"menuType\":\"C\",\"orderNum\":1,\"params\":{},\"parentId\":1,\"path\":\"overtimeType\",\"perms\":\"hr:overtimeType:list\",\"status\":\"0\",\"updateBy\":\"admin\",\"visible\":\"0\"}','{\"msg\":\"操作成功\",\"code\":200}',0,NULL,'2023-02-17 19:31:53'),(61,'菜单管理',2,'com.ruoyi.web.controller.system.SysMenuController.edit()','PUT',1,'admin',NULL,'/system/menu','127.0.0.1','内网IP','{\"children\":[],\"component\":\"hr/jobLevel/index\",\"createTime\":\"2023-02-13 09:50:38\",\"icon\":\"bug\",\"isCache\":\"0\",\"isFrame\":\"1\",\"menuId\":1097,\"menuName\":\"职称管理\",\"menuType\":\"C\",\"orderNum\":1,\"params\":{},\"parentId\":1,\"path\":\"jobLevel\",\"perms\":\"hr:jobLevel:list\",\"status\":\"0\",\"updateBy\":\"admin\",\"visible\":\"0\"}','{\"msg\":\"操作成功\",\"code\":200}',0,NULL,'2023-02-17 19:31:58'),(62,'菜单管理',2,'com.ruoyi.web.controller.system.SysMenuController.edit()','PUT',1,'admin',NULL,'/system/menu','127.0.0.1','内网IP','{\"children\":[],\"component\":\"system/dept/index\",\"createTime\":\"2023-02-08 00:17:59\",\"icon\":\"tree\",\"isCache\":\"0\",\"isFrame\":\"1\",\"menuId\":103,\"menuName\":\"部门管理\",\"menuType\":\"C\",\"orderNum\":2,\"params\":{},\"parentId\":1,\"path\":\"dept\",\"perms\":\"system:dept:list\",\"query\":\"\",\"status\":\"0\",\"updateBy\":\"admin\",\"visible\":\"0\"}','{\"msg\":\"操作成功\",\"code\":200}',0,NULL,'2023-02-17 19:32:21'),(63,'菜单管理',2,'com.ruoyi.web.controller.system.SysMenuController.edit()','PUT',1,'admin',NULL,'/system/menu','127.0.0.1','内网IP','{\"children\":[],\"component\":\"system/post/index\",\"createTime\":\"2023-02-08 00:17:59\",\"icon\":\"post\",\"isCache\":\"0\",\"isFrame\":\"1\",\"menuId\":104,\"menuName\":\"岗位管理\",\"menuType\":\"C\",\"orderNum\":2,\"params\":{},\"parentId\":1,\"path\":\"post\",\"perms\":\"system:post:list\",\"query\":\"\",\"status\":\"0\",\"updateBy\":\"admin\",\"visible\":\"0\"}','{\"msg\":\"操作成功\",\"code\":200}',0,NULL,'2023-02-17 19:32:26'),(64,'部门管理',2,'com.ruoyi.web.controller.system.SysDeptController.edit()','PUT',1,'admin',NULL,'/system/dept','127.0.0.1','内网IP','{\"ancestors\":\"0\",\"children\":[],\"deptId\":100,\"deptName\":\"点点科技\",\"email\":\"diandian@qq.com\",\"leader\":\"点点\",\"orderNum\":0,\"params\":{},\"parentId\":0,\"phone\":\"15888888888\",\"status\":\"0\",\"updateBy\":\"admin\"}','{\"msg\":\"操作成功\",\"code\":200}',0,NULL,'2023-02-17 19:36:12'),(65,'岗位管理',2,'com.ruoyi.web.controller.system.SysPostController.edit()','PUT',1,'admin',NULL,'/system/post','127.0.0.1','内网IP','{\"createBy\":\"admin\",\"createTime\":\"2023-02-08 00:17:59\",\"flag\":false,\"params\":{},\"postCode\":\"Front-End Webdeveloper\",\"postId\":31,\"postName\":\"web前端工程师\",\"postSort\":12,\"remark\":\"\",\"status\":\"0\",\"updateBy\":\"admin\"}','{\"msg\":\"操作成功\",\"code\":200}',0,NULL,'2023-02-17 19:37:13'),(66,'岗位管理',2,'com.ruoyi.web.controller.system.SysPostController.edit()','PUT',1,'admin',NULL,'/system/post','127.0.0.1','内网IP','{\"createBy\":\"admin\",\"createTime\":\"2023-02-08 00:17:59\",\"flag\":false,\"params\":{},\"postCode\":\"User Interface Designer\",\"postId\":30,\"postName\":\"UI设计师\",\"postSort\":11,\"remark\":\"\",\"status\":\"0\",\"updateBy\":\"admin\"}','{\"msg\":\"操作成功\",\"code\":200}',0,NULL,'2023-02-17 19:39:57'),(67,'岗位管理',2,'com.ruoyi.web.controller.system.SysPostController.edit()','PUT',1,'admin',NULL,'/system/post','127.0.0.1','内网IP','{\"createBy\":\"admin\",\"createTime\":\"2023-02-08 00:17:59\",\"flag\":false,\"params\":{},\"postCode\":\"Java R&D Manager\",\"postId\":29,\"postName\":\"Java研发经理\",\"postSort\":10,\"remark\":\"\",\"status\":\"0\",\"updateBy\":\"admin\"}','{\"msg\":\"操作成功\",\"code\":200}',0,NULL,'2023-02-17 19:40:21'),(68,'岗位管理',2,'com.ruoyi.web.controller.system.SysPostController.edit()','PUT',1,'admin',NULL,'/system/post','127.0.0.1','内网IP','{\"createBy\":\"admin\",\"createTime\":\"2023-02-08 00:17:59\",\"flag\":false,\"params\":{},\"postCode\":\"Marketing Director\",\"postId\":7,\"postName\":\"市场总监\",\"postSort\":7,\"remark\":\"\",\"status\":\"0\",\"updateBy\":\"admin\"}','{\"msg\":\"操作成功\",\"code\":200}',0,NULL,'2023-02-17 19:40:46'),(69,'岗位管理',2,'com.ruoyi.web.controller.system.SysPostController.edit()','PUT',1,'admin',NULL,'/system/post','127.0.0.1','内网IP','{\"createBy\":\"admin\",\"createTime\":\"2023-02-08 00:17:59\",\"flag\":false,\"params\":{},\"postCode\":\"Chief Operating Officer\",\"postId\":6,\"postName\":\"运营总监\",\"postSort\":6,\"remark\":\"\",\"status\":\"0\",\"updateBy\":\"admin\"}','{\"msg\":\"操作成功\",\"code\":200}',0,NULL,'2023-02-17 19:41:08'),(70,'岗位管理',2,'com.ruoyi.web.controller.system.SysPostController.edit()','PUT',1,'admin',NULL,'/system/post','127.0.0.1','内网IP','{\"createBy\":\"admin\",\"createTime\":\"2023-02-08 00:17:59\",\"flag\":false,\"params\":{},\"postCode\":\"Chief Technical Officer\",\"postId\":5,\"postName\":\"技术总监\",\"postSort\":5,\"remark\":\"\",\"status\":\"0\",\"updateBy\":\"admin\"}','{\"msg\":\"操作成功\",\"code\":200}',0,NULL,'2023-02-17 19:41:26'),(71,'岗位管理',2,'com.ruoyi.web.controller.system.SysPostController.edit()','PUT',1,'admin',NULL,'/system/post','127.0.0.1','内网IP','{\"createBy\":\"admin\",\"createTime\":\"2023-02-08 00:17:59\",\"flag\":false,\"params\":{},\"postCode\":\"Staff\",\"postId\":4,\"postName\":\"普通员工\",\"postSort\":4,\"remark\":\"\",\"status\":\"0\",\"updateBy\":\"admin\"}','{\"msg\":\"操作成功\",\"code\":200}',0,NULL,'2023-02-17 19:42:19'),(72,'岗位管理',2,'com.ruoyi.web.controller.system.SysPostController.edit()','PUT',1,'admin',NULL,'/system/post','127.0.0.1','内网IP','{\"createBy\":\"admin\",\"createTime\":\"2023-02-08 00:17:59\",\"flag\":false,\"params\":{},\"postCode\":\"Project Manager\",\"postId\":2,\"postName\":\"项目经理\",\"postSort\":2,\"remark\":\"\",\"status\":\"0\",\"updateBy\":\"admin\"}','{\"msg\":\"操作成功\",\"code\":200}',0,NULL,'2023-02-17 19:42:44'),(73,'岗位管理',2,'com.ruoyi.web.controller.system.SysPostController.edit()','PUT',1,'admin',NULL,'/system/post','127.0.0.1','内网IP','{\"createBy\":\"admin\",\"createTime\":\"2023-02-08 00:17:59\",\"flag\":false,\"params\":{},\"postCode\":\"Chairman\",\"postId\":1,\"postName\":\"董事长\",\"postSort\":1,\"remark\":\"\",\"status\":\"0\",\"updateBy\":\"admin\"}','{\"msg\":\"操作成功\",\"code\":200}',0,NULL,'2023-02-17 19:42:59'),(74,'菜单管理',2,'com.ruoyi.web.controller.system.SysMenuController.edit()','PUT',1,'admin',NULL,'/system/menu','127.0.0.1','内网IP','{\"children\":[],\"component\":\"hr/employee/index\",\"createTime\":\"2023-02-13 09:50:27\",\"icon\":\"#\",\"isCache\":\"0\",\"isFrame\":\"1\",\"menuId\":1079,\"menuName\":\"员工档案管理\",\"menuType\":\"C\",\"orderNum\":0,\"params\":{},\"parentId\":1133,\"path\":\"employee\",\"perms\":\"hr:employee:list\",\"status\":\"0\",\"updateBy\":\"admin\",\"visible\":\"0\"}','{\"msg\":\"操作成功\",\"code\":200}',0,NULL,'2023-02-18 15:01:53'),(75,'菜单管理',2,'com.ruoyi.web.controller.system.SysMenuController.edit()','PUT',1,'admin',NULL,'/system/menu','127.0.0.1','内网IP','{\"children\":[],\"component\":\"hr/attendance/index\",\"createTime\":\"2023-02-13 09:50:19\",\"icon\":\"#\",\"isCache\":\"0\",\"isFrame\":\"1\",\"menuId\":1067,\"menuName\":\"员工考勤管理\",\"menuType\":\"C\",\"orderNum\":2,\"params\":{},\"parentId\":1133,\"path\":\"attendance\",\"perms\":\"hr:attendance:list\",\"status\":\"0\",\"updateBy\":\"admin\",\"visible\":\"0\"}','{\"msg\":\"操作成功\",\"code\":200}',0,NULL,'2023-02-18 15:02:11'),(76,'菜单管理',2,'com.ruoyi.web.controller.system.SysMenuController.edit()','PUT',1,'admin',NULL,'/system/menu','127.0.0.1','内网IP','{\"children\":[],\"component\":\"hr/employeeec/index\",\"createTime\":\"2023-02-13 09:50:23\",\"icon\":\"#\",\"isCache\":\"0\",\"isFrame\":\"1\",\"menuId\":1073,\"menuName\":\"员工奖惩管理\",\"menuType\":\"C\",\"orderNum\":2,\"params\":{},\"parentId\":1133,\"path\":\"employeeec\",\"perms\":\"hr:employeeec:list\",\"status\":\"0\",\"updateBy\":\"admin\",\"visible\":\"0\"}','{\"msg\":\"操作成功\",\"code\":200}',0,NULL,'2023-02-18 15:02:15'),(77,'字典类型',1,'com.ruoyi.web.controller.system.SysDictTypeController.add()','POST',1,'admin',NULL,'/system/dict/type','127.0.0.1','内网IP','{\"createBy\":\"admin\",\"dictName\":\"员工在职状态\",\"dictType\":\"employee_work_status\",\"params\":{},\"remark\":\"员工在职状态列表\",\"status\":\"0\"}','{\"msg\":\"操作成功\",\"code\":200}',0,NULL,'2023-02-18 17:32:31'),(78,'字典数据',1,'com.ruoyi.web.controller.system.SysDictDataController.add()','POST',1,'admin',NULL,'/system/dict/data','127.0.0.1','内网IP','{\"createBy\":\"admin\",\"default\":false,\"dictLabel\":\"在职\",\"dictSort\":0,\"dictType\":\"employee_work_status\",\"dictValue\":\"在职\",\"listClass\":\"default\",\"params\":{},\"status\":\"0\"}','{\"msg\":\"操作成功\",\"code\":200}',0,NULL,'2023-02-18 17:34:18'),(79,'字典数据',1,'com.ruoyi.web.controller.system.SysDictDataController.add()','POST',1,'admin',NULL,'/system/dict/data','127.0.0.1','内网IP','{\"createBy\":\"admin\",\"default\":false,\"dictLabel\":\"离职\",\"dictSort\":0,\"dictType\":\"employee_work_status\",\"dictValue\":\"离职\",\"listClass\":\"danger\",\"params\":{},\"status\":\"0\"}','{\"msg\":\"操作成功\",\"code\":200}',0,NULL,'2023-02-18 17:35:02'),(80,'字典数据',2,'com.ruoyi.web.controller.system.SysDictDataController.edit()','PUT',1,'admin',NULL,'/system/dict/data','127.0.0.1','内网IP','{\"createBy\":\"admin\",\"createTime\":\"2023-02-18 17:34:18\",\"default\":false,\"dictCode\":30,\"dictLabel\":\"在职\",\"dictSort\":0,\"dictType\":\"employee_work_status\",\"dictValue\":\"在职\",\"isDefault\":\"N\",\"listClass\":\"primary\",\"params\":{},\"status\":\"0\",\"updateBy\":\"admin\"}','{\"msg\":\"操作成功\",\"code\":200}',0,NULL,'2023-02-18 17:35:13'),(81,'字典类型',9,'com.ruoyi.web.controller.system.SysDictTypeController.refreshCache()','DELETE',1,'admin',NULL,'/system/dict/type/refreshCache','127.0.0.1','内网IP','{}','{\"msg\":\"操作成功\",\"code\":200}',0,NULL,'2023-02-18 19:30:54'),(82,'菜单管理',1,'com.ruoyi.web.controller.system.SysMenuController.add()','POST',1,'admin',NULL,'/system/menu','127.0.0.1','内网IP','{\"children\":[],\"createBy\":\"admin\",\"isCache\":\"0\",\"isFrame\":\"1\",\"menuName\":\"岗位全部列表\",\"menuType\":\"F\",\"orderNum\":0,\"params\":{},\"parentId\":104,\"perms\":\"system:post:allList\",\"status\":\"0\",\"visible\":\"0\"}','{\"msg\":\"操作成功\",\"code\":200}',0,NULL,'2023-02-18 22:46:14'),(83,'菜单管理',1,'com.ruoyi.web.controller.system.SysMenuController.add()','POST',1,'admin',NULL,'/system/menu','127.0.0.1','内网IP','{\"children\":[],\"createBy\":\"admin\",\"isCache\":\"0\",\"isFrame\":\"1\",\"menuName\":\"查询全部职称列表\",\"menuType\":\"F\",\"orderNum\":0,\"params\":{},\"parentId\":1097,\"perms\":\"hr:jobLevel:allList\",\"status\":\"0\",\"visible\":\"0\"}','{\"msg\":\"操作成功\",\"code\":200}',0,NULL,'2023-02-18 22:53:07'),(84,'员工档案管理',1,'com.ruoyi.hr.controller.HrEmployeeController.add()','POST',1,'admin',NULL,'/hr/employee','127.0.0.1','内网IP','{\"address\":\"广州市白云区太和镇\",\"beginContract\":\"2023-02-18 00:00:00\",\"beginDate\":\"2022-12-10 00:00:00\",\"birthday\":\"2001-01-25 00:00:00\",\"contractTerm\":5,\"conversionTime\":\"2019-02-11 00:00:00\",\"deptId\":5,\"email\":\"4987test9@qq.com\",\"employeeId\":731,\"endContract\":\"2028-02-23 00:00:00\",\"engageForm\":\"0\",\"gender\":\"0\",\"idCard\":\"44062199905306318\",\"jobLevelId\":9,\"name\":\"李点点\",\"nation\":\"汉\",\"nativePlace\":\"广东佛山\",\"params\":{},\"phone\":\"13415599888\",\"politic\":\"群众\",\"postId\":31,\"school\":\"广州理工学院\",\"specialty\":\"计算机科学与技术\",\"tiptopDegree\":\"4\",\"wedlock\":\"0\",\"workAge\":3,\"workId\":\"9527\",\"workState\":\"0\"}','{\"msg\":\"操作成功\",\"code\":200}',0,NULL,'2023-02-18 23:30:34'),(85,'员工档案管理',2,'com.ruoyi.hr.controller.HrEmployeeController.edit()','PUT',1,'admin',NULL,'/hr/employee','127.0.0.1','内网IP','{\"address\":\"深圳市南山区\",\"beginContract\":\"2018-01-01 00:00:00\",\"beginDate\":\"2018-01-01 00:00:00\",\"birthday\":\"1990-01-01 00:00:00\",\"contractTerm\":2,\"conversionTime\":\"2018-04-01 00:00:00\",\"dept\":{\"ancestors\":\"0,100,4\",\"children\":[],\"deptId\":5,\"deptName\":\"研发部门1\",\"leader\":\"点点\",\"orderNum\":3,\"params\":{},\"parentId\":4},\"deptId\":5,\"email\":\"laowang@qq.com\",\"employeeId\":1,\"endContract\":\"2020-01-01 00:00:00\",\"engageForm\":\"0\",\"gender\":\"1\",\"idCard\":\"610122199001011256\",\"jobLevel\":{\"createDate\":\"2018-01-11 00:00:00\",\"jobLevelId\":9,\"jobLevelName\":\"教授\",\"params\":{},\"status\":\"0\",\"titleLevel\":\"正高级\"},\"jobLevelId\":9,\"name\":\"李test\",\"nation\":\"汉族\",\"nativePlace\":\"陕西\",\"params\":{},\"phone\":\"18565558897\",\"politic\":\"群众\",\"post\":{\"createBy\":\"admin\",\"createTime\":\"2023-02-12 19:13:24\",\"flag\":false,\"params\":{},\"postCode\":\"Java R&D Manager\",\"postId\":29,\"postName\":\"Java研发经理\",\"postSort\":10,\"remark\":\"\",\"status\":\"0\"},\"postId\":29,\"school\":\"深圳大学\",\"specialty\":\"信息管理与信息系统\",\"tiptopDegree\":\"4\",\"wedlock\":\"1\",\"workAge\":2,\"workId\":\"00000001\",\"workState\":\"1\"}','{\"msg\":\"操作成功\",\"code\":200}',0,NULL,'2023-02-18 23:35:38'),(86,'员工档案管理',2,'com.ruoyi.hr.controller.HrEmployeeController.edit()','PUT',1,'admin',NULL,'/hr/employee','127.0.0.1','内网IP','{\"address\":\"深圳市南山区\",\"beginContract\":\"2018-01-01 00:00:00\",\"beginDate\":\"2018-01-01 00:00:00\",\"birthday\":\"1990-01-01 00:00:00\",\"contractTerm\":2,\"conversionTime\":\"2018-04-01 00:00:00\",\"dept\":{\"ancestors\":\"0,100,4\",\"children\":[],\"deptId\":5,\"deptName\":\"研发部门1\",\"leader\":\"点点\",\"orderNum\":3,\"params\":{},\"parentId\":4},\"deptId\":5,\"email\":\"laowang@qq.com\",\"employeeId\":1,\"endContract\":\"2020-01-01 00:00:00\",\"engageForm\":\"0\",\"gender\":\"0\",\"idCard\":\"610122199001011256\",\"jobLevel\":{\"createDate\":\"2018-01-11 00:00:00\",\"jobLevelId\":9,\"jobLevelName\":\"教授\",\"params\":{},\"status\":\"0\",\"titleLevel\":\"正高级\"},\"jobLevelId\":9,\"name\":\"李test\",\"nation\":\"汉族\",\"nativePlace\":\"陕西\",\"notWorkDate\":\"2020-01-01 00:00:00\",\"params\":{},\"phone\":\"18565558897\",\"politic\":\"党员\",\"post\":{\"createBy\":\"admin\",\"createTime\":\"2023-02-12 19:13:24\",\"flag\":false,\"params\":{},\"postCode\":\"Java R&D Manager\",\"postId\":29,\"postName\":\"Java研发经理\",\"postSort\":10,\"remark\":\"\",\"status\":\"0\"},\"postId\":29,\"school\":\"深圳大学\",\"specialty\":\"信息管理与信息系统\",\"tiptopDegree\":\"4\",\"wedlock\":\"0\",\"workAge\":2,\"workId\":\"00000001\",\"workState\":\"1\"}','{\"msg\":\"操作成功\",\"code\":200}',0,NULL,'2023-02-18 23:36:14'),(87,'代码生成',3,'com.ruoyi.generator.controller.GenController.remove()','DELETE',1,'admin',NULL,'/tool/gen/23','127.0.0.1','内网IP','{}','{\"msg\":\"操作成功\",\"code\":200}',0,NULL,'2023-02-19 13:14:03'),(88,'代码生成',6,'com.ruoyi.generator.controller.GenController.importTableSave()','POST',1,'admin',NULL,'/tool/gen/importTable','127.0.0.1','内网IP','\"hr_employee_remove\"','{\"msg\":\"操作成功\",\"code\":200}',0,NULL,'2023-02-19 13:14:10'),(89,'代码生成',2,'com.ruoyi.generator.controller.GenController.editSave()','PUT',1,'admin',NULL,'/tool/gen','127.0.0.1','内网IP','{\"businessName\":\"employeeRemove\",\"className\":\"HrEmployeeRemove\",\"columns\":[{\"capJavaField\":\"Id\",\"columnComment\":\"员工调动编号\",\"columnId\":249,\"columnName\":\"id\",\"columnType\":\"bigint(20)\",\"createBy\":\"admin\",\"createTime\":\"2023-02-19 13:14:10\",\"dictType\":\"\",\"edit\":false,\"htmlType\":\"input\",\"increment\":true,\"insert\":true,\"isIncrement\":\"1\",\"isInsert\":\"1\",\"isPk\":\"1\",\"javaField\":\"id\",\"javaType\":\"Long\",\"list\":false,\"params\":{},\"pk\":true,\"query\":false,\"queryType\":\"EQ\",\"required\":false,\"sort\":1,\"superColumn\":false,\"tableId\":25,\"updateBy\":\"\",\"usableColumn\":false},{\"capJavaField\":\"EmployeeId\",\"columnComment\":\"员工编号\",\"columnId\":250,\"columnName\":\"employee_id\",\"columnType\":\"bigint(20)\",\"createBy\":\"admin\",\"createTime\":\"2023-02-19 13:14:10\",\"dictType\":\"\",\"edit\":true,\"htmlType\":\"input\",\"increment\":false,\"insert\":true,\"isEdit\":\"1\",\"isIncrement\":\"0\",\"isInsert\":\"1\",\"isList\":\"1\",\"isPk\":\"0\",\"isQuery\":\"1\",\"javaField\":\"employeeId\",\"javaType\":\"Long\",\"list\":true,\"params\":{},\"pk\":false,\"query\":true,\"queryType\":\"EQ\",\"required\":false,\"sort\":2,\"superColumn\":false,\"tableId\":25,\"updateBy\":\"\",\"usableColumn\":false},{\"capJavaField\":\"BeforeDeptId\",\"columnComment\":\"调动前部门\",\"columnId\":251,\"columnName\":\"before_dept_id\",\"columnType\":\"bigint(20)\",\"createBy\":\"admin\",\"createTime\":\"2023-02-19 13:14:10\",\"dictType\":\"\",\"edit\":true,\"htmlType\":\"input\",\"increment\":false,\"insert\":true,\"isEdit\":\"1\",\"isIncrement\":\"0\",\"isInsert\":\"1\",\"isList\":\"1\",\"isPk\":\"0\",\"isQuery\":\"1\",\"javaField\":\"beforeDeptId\",\"javaType\":\"Long\",\"list\":true,\"params\":{},\"pk\":false,\"query\":true,\"queryType\":\"EQ\",\"required\":false,\"sort\":3,\"superColumn\":false,\"tableId\":25,\"updateBy\":\"\",\"usableColumn\":false},{\"capJavaField\":\"BeforeJobId\",\"columnComment\":\"调动前职位\",\"columnId\":252,\"columnName\":\"before_job_id\",\"columnType\":\"bigint(20)\",\"createBy\":\"admin\",\"createTime\":\"2023-02-19 13:14:10\",\"dictType\":\"\",\"edit\":true,\"htmlType\":\"input\",\"increment\":false,\"insert\":true,\"isEdit\":\"1\",\"isIncrement\":\"0\",\"isInsert\":\"1\",\"isList\":\"1\",\"isPk\":\"0\",\"isQuery\":\"1\",\"javaField\":\"beforeJobId\",','{\"msg\":\"操作成功\",\"code\":200}',0,NULL,'2023-02-19 13:16:43'),(90,'代码生成',8,'com.ruoyi.generator.controller.GenController.batchGenCode()','GET',1,'admin',NULL,'/tool/gen/batchGenCode','127.0.0.1','内网IP','{\"tables\":\"hr_employee_remove\"}',NULL,0,NULL,'2023-02-19 13:16:48'),(91,'员工调动',1,'com.ruoyi.hr.controller.HrEmployeeRemoveController.add()','POST',1,'admin',NULL,'/hr/employeeRemove','127.0.0.1','内网IP','{\"afterDeptId\":91,\"afterPostId\":34,\"beforeDeptId\":92,\"beforePostId\":34,\"employeeId\":10,\"employeeName\":\"张洁\",\"id\":2,\"params\":{},\"reason\":\"项目组调配\",\"removeDate\":\"2023-02-19 00:00:00\"}','{\"msg\":\"操作成功\",\"code\":200}',0,NULL,'2023-02-19 16:49:27'),(92,'员工调动',3,'com.ruoyi.hr.controller.HrEmployeeRemoveController.remove()','DELETE',1,'admin',NULL,'/hr/employeeRemove/2','127.0.0.1','内网IP','{}','{\"msg\":\"操作成功\",\"code\":200}',0,NULL,'2023-02-19 16:53:30'),(93,'员工调动',1,'com.ruoyi.hr.controller.HrEmployeeRemoveController.add()','POST',1,'admin',NULL,'/hr/employeeRemove','127.0.0.1','内网IP','{\"afterDeptId\":87,\"afterPostId\":29,\"beforeDeptId\":5,\"beforePostId\":29,\"employeeId\":1,\"employeeName\":\"李test\",\"id\":2,\"params\":{},\"reason\":\"项目临时特派\",\"removeDate\":\"2023-02-19 00:00:00\"}','{\"msg\":\"操作成功\",\"code\":200}',0,NULL,'2023-02-19 17:03:06'),(94,'员工调动',1,'com.ruoyi.hr.controller.HrEmployeeRemoveController.add()','POST',1,'admin',NULL,'/hr/employeeRemove','127.0.0.1','内网IP','{\"afterDeptId\":87,\"afterPostId\":31,\"beforeDeptId\":5,\"beforePostId\":31,\"employeeId\":731,\"employeeName\":\"李点点\",\"id\":3,\"params\":{},\"reason\":\"紧急抽调\",\"removeDate\":\"2023-02-19 00:00:00\"}','{\"msg\":\"操作成功\",\"code\":200}',0,NULL,'2023-02-19 17:03:59'),(95,'字典类型',1,'com.ruoyi.web.controller.system.SysDictTypeController.add()','POST',1,'admin',NULL,'/system/dict/type','127.0.0.1','内网IP','{\"createBy\":\"admin\",\"dictName\":\"员工通用奖惩类型\",\"dictType\":\"employee_general_ec_type\",\"params\":{},\"status\":\"0\"}','{\"msg\":\"操作成功\",\"code\":200}',0,NULL,'2023-02-19 17:21:52'),(96,'字典类型',2,'com.ruoyi.web.controller.system.SysDictTypeController.edit()','PUT',1,'admin',NULL,'/system/dict/type','127.0.0.1','内网IP','{\"createBy\":\"admin\",\"createTime\":\"2023-02-19 17:21:52\",\"dictId\":17,\"dictName\":\"员工通用奖惩类型\",\"dictType\":\"employee_general_ec_type\",\"params\":{},\"remark\":\"员工通用奖惩列表\",\"status\":\"0\",\"updateBy\":\"admin\"}','{\"msg\":\"操作成功\",\"code\":200}',0,NULL,'2023-02-19 17:22:06'),(97,'字典类型',1,'com.ruoyi.web.controller.system.SysDictTypeController.add()','POST',1,'admin',NULL,'/system/dict/type','127.0.0.1','内网IP','{\"createBy\":\"admin\",\"dictName\":\"员工奖惩状态\",\"dictType\":\"employee_ec_type\",\"params\":{},\"remark\":\"员工奖惩状态\",\"status\":\"0\"}','{\"msg\":\"操作成功\",\"code\":200}',0,NULL,'2023-02-19 17:22:30'),(98,'字典类型',2,'com.ruoyi.web.controller.system.SysDictTypeController.edit()','PUT',1,'admin',NULL,'/system/dict/type','127.0.0.1','内网IP','{\"createBy\":\"admin\",\"createTime\":\"2023-02-19 17:22:30\",\"dictId\":18,\"dictName\":\"员工奖惩状态\",\"dictType\":\"employee_ec_type\",\"params\":{},\"remark\":\"员工奖惩状态列表\",\"status\":\"0\",\"updateBy\":\"admin\"}','{\"msg\":\"操作成功\",\"code\":200}',0,NULL,'2023-02-19 17:22:48'),(99,'字典数据',1,'com.ruoyi.web.controller.system.SysDictDataController.add()','POST',1,'admin',NULL,'/system/dict/data','127.0.0.1','内网IP','{\"createBy\":\"admin\",\"default\":false,\"dictLabel\":\"奖\",\"dictSort\":0,\"dictType\":\"employee_ec_type\",\"dictValue\":\"0\",\"listClass\":\"default\",\"params\":{},\"status\":\"0\"}','{\"msg\":\"操作成功\",\"code\":200}',0,NULL,'2023-02-19 17:23:06'),(100,'字典数据',1,'com.ruoyi.web.controller.system.SysDictDataController.add()','POST',1,'admin',NULL,'/system/dict/data','127.0.0.1','内网IP','{\"createBy\":\"admin\",\"default\":false,\"dictLabel\":\"罚\",\"dictSort\":0,\"dictType\":\"employee_ec_type\",\"dictValue\":\"1\",\"listClass\":\"default\",\"params\":{},\"status\":\"0\"}','{\"msg\":\"操作成功\",\"code\":200}',0,NULL,'2023-02-19 17:23:12'),(101,'字典类型',2,'com.ruoyi.web.controller.system.SysDictTypeController.edit()','PUT',1,'admin',NULL,'/system/dict/type','127.0.0.1','内网IP','{\"createBy\":\"admin\",\"createTime\":\"2023-02-19 17:22:30\",\"dictId\":18,\"dictName\":\"员工奖惩类别\",\"dictType\":\"employee_ec_type\",\"params\":{},\"remark\":\"员工奖惩类别列表\",\"status\":\"0\",\"updateBy\":\"admin\"}','{\"msg\":\"操作成功\",\"code\":200}',0,NULL,'2023-02-19 17:24:09'),(102,'字典数据',1,'com.ruoyi.web.controller.system.SysDictDataController.add()','POST',1,'admin',NULL,'/system/dict/data','127.0.0.1','内网IP','{\"createBy\":\"admin\",\"default\":false,\"dictLabel\":\"迟到\",\"dictSort\":0,\"dictType\":\"employee_general_ec_type\",\"dictValue\":\"0\",\"listClass\":\"default\",\"params\":{},\"status\":\"0\"}','{\"msg\":\"操作成功\",\"code\":200}',0,NULL,'2023-02-19 17:27:21'),(103,'字典数据',1,'com.ruoyi.web.controller.system.SysDictDataController.add()','POST',1,'admin',NULL,'/system/dict/data','127.0.0.1','内网IP','{\"createBy\":\"admin\",\"default\":false,\"dictLabel\":\"早退\",\"dictSort\":0,\"dictType\":\"employee_general_ec_type\",\"dictValue\":\"1\",\"listClass\":\"default\",\"params\":{},\"status\":\"0\"}','{\"msg\":\"操作成功\",\"code\":200}',0,NULL,'2023-02-19 17:27:31'),(104,'字典数据',1,'com.ruoyi.web.controller.system.SysDictDataController.add()','POST',1,'admin',NULL,'/system/dict/data','127.0.0.1','内网IP','{\"createBy\":\"admin\",\"default\":false,\"dictLabel\":\"旷工\",\"dictSort\":0,\"dictType\":\"employee_general_ec_type\",\"dictValue\":\"2\",\"listClass\":\"default\",\"params\":{},\"status\":\"0\"}','{\"msg\":\"操作成功\",\"code\":200}',0,NULL,'2023-02-19 17:27:41'),(105,'字典数据',1,'com.ruoyi.web.controller.system.SysDictDataController.add()','POST',1,'admin',NULL,'/system/dict/data','127.0.0.1','内网IP','{\"createBy\":\"admin\",\"default\":false,\"dictLabel\":\"休假\",\"dictSort\":0,\"dictType\":\"employee_general_ec_type\",\"dictValue\":\"3\",\"listClass\":\"default\",\"params\":{},\"status\":\"0\"}','{\"msg\":\"操作成功\",\"code\":200}',0,NULL,'2023-02-19 17:27:48'),(106,'字典数据',1,'com.ruoyi.web.controller.system.SysDictDataController.add()','POST',1,'admin',NULL,'/system/dict/data','127.0.0.1','内网IP','{\"createBy\":\"admin\",\"default\":false,\"dictLabel\":\"绩效\",\"dictSort\":0,\"dictType\":\"employee_general_ec_type\",\"dictValue\":\"4\",\"listClass\":\"default\",\"params\":{},\"status\":\"0\"}','{\"msg\":\"操作成功\",\"code\":200}',0,NULL,'2023-02-19 17:28:02'),(107,'字典数据',1,'com.ruoyi.web.controller.system.SysDictDataController.add()','POST',1,'admin',NULL,'/system/dict/data','127.0.0.1','内网IP','{\"createBy\":\"admin\",\"default\":false,\"dictLabel\":\"项目提成\",\"dictSort\":0,\"dictType\":\"employee_general_ec_type\",\"dictValue\":\"5\",\"listClass\":\"default\",\"params\":{},\"status\":\"0\"}','{\"msg\":\"操作成功\",\"code\":200}',0,NULL,'2023-02-19 17:28:21'),(108,'字典数据',1,'com.ruoyi.web.controller.system.SysDictDataController.add()','POST',1,'admin',NULL,'/system/dict/data','127.0.0.1','内网IP','{\"createBy\":\"admin\",\"default\":false,\"dictLabel\":\"年终奖\",\"dictSort\":0,\"dictType\":\"employee_general_ec_type\",\"dictValue\":\"6\",\"listClass\":\"default\",\"params\":{},\"status\":\"0\"}','{\"msg\":\"操作成功\",\"code\":200}',0,NULL,'2023-02-19 17:28:33'),(109,'字典类型',9,'com.ruoyi.web.controller.system.SysDictTypeController.refreshCache()','DELETE',1,'admin',NULL,'/system/dict/type/refreshCache','127.0.0.1','内网IP','{}','{\"msg\":\"操作成功\",\"code\":200}',0,NULL,'2023-02-19 17:28:55'),(110,'员工奖惩管理',1,'com.ruoyi.hr.controller.HrEmployeeecController.add()','POST',1,'admin',NULL,'/hr/employeeec','127.0.0.1','内网IP','{\"ecDate\":\"2023-02-19 00:00:00\",\"ecNum\":500,\"ecReason\":\"广州项目组xxx项目上线成功\",\"ecType\":\"0\",\"employeeId\":1,\"employeeName\":\"李test\",\"employeeecId\":1,\"generalType\":\"5\",\"params\":{}}','{\"msg\":\"操作成功\",\"code\":200}',0,NULL,'2023-02-19 22:46:26'),(111,'员工奖惩管理',1,'com.ruoyi.hr.controller.HrEmployeeecController.add()','POST',1,'admin',NULL,'/hr/employeeec','127.0.0.1','内网IP','{\"ecDate\":\"2023-02-19 00:00:00\",\"ecNum\":20,\"ecReason\":\"2023年2月19日早上迟到120分钟\",\"ecType\":\"1\",\"employeeId\":731,\"employeeName\":\"李点点\",\"employeeecId\":2,\"generalType\":\"0\",\"params\":{}}','{\"msg\":\"操作成功\",\"code\":200}',0,NULL,'2023-02-19 22:48:15'),(112,'菜单管理',2,'com.ruoyi.web.controller.system.SysMenuController.edit()','PUT',1,'admin',NULL,'/system/menu','127.0.0.1','内网IP','{\"children\":[],\"component\":\"hr/attendance/index\",\"createTime\":\"2023-02-13 09:50:19\",\"icon\":\"#\",\"isCache\":\"0\",\"isFrame\":\"1\",\"menuId\":1067,\"menuName\":\"员工考勤管理\",\"menuType\":\"C\",\"orderNum\":2,\"params\":{},\"parentId\":1133,\"path\":\"attendance\",\"perms\":\"hr:attendance:list\",\"status\":\"1\",\"updateBy\":\"admin\",\"visible\":\"1\"}','{\"msg\":\"操作成功\",\"code\":200}',0,NULL,'2023-02-19 23:13:03'),(113,'菜单管理',2,'com.ruoyi.web.controller.system.SysMenuController.edit()','PUT',1,'admin',NULL,'/system/menu','127.0.0.1','内网IP','{\"children\":[],\"component\":\"hr/attendance/index\",\"createTime\":\"2023-02-13 09:50:19\",\"icon\":\"#\",\"isCache\":\"0\",\"isFrame\":\"1\",\"menuId\":1067,\"menuName\":\"员工考勤管理\",\"menuType\":\"C\",\"orderNum\":2,\"params\":{},\"parentId\":1133,\"path\":\"attendance\",\"perms\":\"hr:attendance:list\",\"status\":\"0\",\"updateBy\":\"admin\",\"visible\":\"0\"}','{\"msg\":\"操作成功\",\"code\":200}',0,NULL,'2023-02-19 23:13:10'),(114,'菜单管理',2,'com.ruoyi.web.controller.system.SysMenuController.edit()','PUT',1,'admin',NULL,'/system/menu','127.0.0.1','内网IP','{\"children\":[],\"component\":\"hr/abc/index\",\"createTime\":\"2023-02-13 09:50:19\",\"icon\":\"#\",\"isCache\":\"0\",\"isFrame\":\"1\",\"menuId\":1067,\"menuName\":\"员工考勤管理\",\"menuType\":\"C\",\"orderNum\":2,\"params\":{},\"parentId\":1133,\"path\":\"abc\",\"perms\":\"hr:attendance:list\",\"status\":\"0\",\"updateBy\":\"admin\",\"visible\":\"0\"}','{\"msg\":\"操作成功\",\"code\":200}',0,NULL,'2023-02-19 23:14:31'),(115,'菜单管理',2,'com.ruoyi.web.controller.system.SysMenuController.edit()','PUT',1,'admin',NULL,'/system/menu','127.0.0.1','内网IP','{\"children\":[],\"createTime\":\"2023-02-13 11:58:09\",\"icon\":\"404\",\"isCache\":\"0\",\"isFrame\":\"1\",\"menuId\":1135,\"menuName\":\"考勤管理\",\"menuType\":\"M\",\"orderNum\":2,\"params\":{},\"parentId\":0,\"path\":\"attendanceManag\",\"perms\":\"\",\"status\":\"0\",\"updateBy\":\"admin\",\"visible\":\"0\"}','{\"msg\":\"操作成功\",\"code\":200}',0,NULL,'2023-02-19 23:18:20'),(116,'菜单管理',2,'com.ruoyi.web.controller.system.SysMenuController.edit()','PUT',1,'admin',NULL,'/system/menu','127.0.0.1','内网IP','{\"children\":[],\"createTime\":\"2023-02-13 11:57:28\",\"icon\":\"404\",\"isCache\":\"0\",\"isFrame\":\"1\",\"menuId\":1134,\"menuName\":\"薪资管理\",\"menuType\":\"M\",\"orderNum\":2,\"params\":{},\"parentId\":0,\"path\":\"salaryManag\",\"perms\":\"\",\"status\":\"0\",\"updateBy\":\"admin\",\"visible\":\"0\"}','{\"msg\":\"操作成功\",\"code\":200}',0,NULL,'2023-02-19 23:21:06'),(117,'菜单管理',2,'com.ruoyi.web.controller.system.SysMenuController.edit()','PUT',1,'admin',NULL,'/system/menu','127.0.0.1','内网IP','{\"children\":[],\"createTime\":\"2023-02-13 11:56:54\",\"icon\":\"404\",\"isCache\":\"0\",\"isFrame\":\"1\",\"menuId\":1133,\"menuName\":\"人事管理\",\"menuType\":\"M\",\"orderNum\":2,\"params\":{},\"parentId\":0,\"path\":\"hrManag\",\"perms\":\"\",\"status\":\"0\",\"updateBy\":\"admin\",\"visible\":\"0\"}','{\"msg\":\"操作成功\",\"code\":200}',0,NULL,'2023-02-19 23:21:10'),(118,'字典类型',1,'com.ruoyi.web.controller.system.SysDictTypeController.add()','POST',1,'admin',NULL,'/system/dict/type','127.0.0.1','内网IP','{\"createBy\":\"admin\",\"dictName\":\"员工考勤状态\",\"dictType\":\"employee_attendance_status\",\"params\":{},\"remark\":\"员工考勤状态列表\",\"status\":\"0\"}','{\"msg\":\"操作成功\",\"code\":200}',0,NULL,'2023-02-20 11:03:23'),(119,'字典数据',1,'com.ruoyi.web.controller.system.SysDictDataController.add()','POST',1,'admin',NULL,'/system/dict/data','127.0.0.1','内网IP','{\"createBy\":\"admin\",\"default\":false,\"dictLabel\":\"正常\",\"dictSort\":0,\"dictType\":\"employee_attendance_status\",\"dictValue\":\"0\",\"listClass\":\"default\",\"params\":{},\"status\":\"0\"}','{\"msg\":\"操作成功\",\"code\":200}',0,NULL,'2023-02-20 11:04:21'),(120,'字典数据',1,'com.ruoyi.web.controller.system.SysDictDataController.add()','POST',1,'admin',NULL,'/system/dict/data','127.0.0.1','内网IP','{\"createBy\":\"admin\",\"default\":false,\"dictLabel\":\"迟到\",\"dictSort\":0,\"dictType\":\"employee_attendance_status\",\"dictValue\":\"1\",\"listClass\":\"default\",\"params\":{},\"status\":\"0\"}','{\"msg\":\"操作成功\",\"code\":200}',0,NULL,'2023-02-20 11:04:30'),(121,'字典数据',1,'com.ruoyi.web.controller.system.SysDictDataController.add()','POST',1,'admin',NULL,'/system/dict/data','127.0.0.1','内网IP','{\"createBy\":\"admin\",\"default\":false,\"dictLabel\":\"早退\",\"dictSort\":0,\"dictType\":\"employee_attendance_status\",\"dictValue\":\"2\",\"listClass\":\"default\",\"params\":{},\"status\":\"0\"}','{\"msg\":\"操作成功\",\"code\":200}',0,NULL,'2023-02-20 11:04:39'),(122,'字典数据',1,'com.ruoyi.web.controller.system.SysDictDataController.add()','POST',1,'admin',NULL,'/system/dict/data','127.0.0.1','内网IP','{\"createBy\":\"admin\",\"default\":false,\"dictLabel\":\"旷工\",\"dictSort\":0,\"dictType\":\"employee_attendance_status\",\"dictValue\":\"3\",\"listClass\":\"default\",\"params\":{},\"status\":\"0\"}','{\"msg\":\"操作成功\",\"code\":200}',0,NULL,'2023-02-20 11:04:47'),(123,'字典数据',1,'com.ruoyi.web.controller.system.SysDictDataController.add()','POST',1,'admin',NULL,'/system/dict/data','127.0.0.1','内网IP','{\"createBy\":\"admin\",\"default\":false,\"dictLabel\":\"休假\",\"dictSort\":0,\"dictType\":\"employee_attendance_status\",\"dictValue\":\"4\",\"listClass\":\"default\",\"params\":{},\"status\":\"0\"}','{\"msg\":\"操作成功\",\"code\":200}',0,NULL,'2023-02-20 11:04:57'),(124,'字典数据',2,'com.ruoyi.web.controller.system.SysDictDataController.edit()','PUT',1,'admin',NULL,'/system/dict/data','127.0.0.1','内网IP','{\"createBy\":\"admin\",\"createTime\":\"2023-02-20 11:04:47\",\"default\":false,\"dictCode\":57,\"dictLabel\":\"旷工\",\"dictSort\":0,\"dictType\":\"employee_attendance_status\",\"dictValue\":\"3\",\"isDefault\":\"N\",\"listClass\":\"danger\",\"params\":{},\"status\":\"0\",\"updateBy\":\"admin\"}','{\"msg\":\"操作成功\",\"code\":200}',0,NULL,'2023-02-20 11:05:18'),(125,'字典数据',2,'com.ruoyi.web.controller.system.SysDictDataController.edit()','PUT',1,'admin',NULL,'/system/dict/data','127.0.0.1','内网IP','{\"createBy\":\"admin\",\"createTime\":\"2023-02-20 11:04:39\",\"default\":false,\"dictCode\":56,\"dictLabel\":\"早退\",\"dictSort\":0,\"dictType\":\"employee_attendance_status\",\"dictValue\":\"2\",\"isDefault\":\"N\",\"listClass\":\"warning\",\"params\":{},\"status\":\"0\",\"updateBy\":\"admin\"}','{\"msg\":\"操作成功\",\"code\":200}',0,NULL,'2023-02-20 11:05:24'),(126,'字典数据',2,'com.ruoyi.web.controller.system.SysDictDataController.edit()','PUT',1,'admin',NULL,'/system/dict/data','127.0.0.1','内网IP','{\"createBy\":\"admin\",\"createTime\":\"2023-02-20 11:04:30\",\"default\":false,\"dictCode\":55,\"dictLabel\":\"迟到\",\"dictSort\":0,\"dictType\":\"employee_attendance_status\",\"dictValue\":\"1\",\"isDefault\":\"N\",\"listClass\":\"warning\",\"params\":{},\"status\":\"0\",\"updateBy\":\"admin\"}','{\"msg\":\"操作成功\",\"code\":200}',0,NULL,'2023-02-20 11:05:28'),(127,'字典数据',2,'com.ruoyi.web.controller.system.SysDictDataController.edit()','PUT',1,'admin',NULL,'/system/dict/data','127.0.0.1','内网IP','{\"createBy\":\"admin\",\"createTime\":\"2023-02-20 11:04:21\",\"default\":false,\"dictCode\":54,\"dictLabel\":\"正常\",\"dictSort\":0,\"dictType\":\"employee_attendance_status\",\"dictValue\":\"0\",\"isDefault\":\"N\",\"listClass\":\"success\",\"params\":{},\"status\":\"0\",\"updateBy\":\"admin\"}','{\"msg\":\"操作成功\",\"code\":200}',0,NULL,'2023-02-20 11:05:33'),(128,'字典数据',2,'com.ruoyi.web.controller.system.SysDictDataController.edit()','PUT',1,'admin',NULL,'/system/dict/data','127.0.0.1','内网IP','{\"createBy\":\"admin\",\"createTime\":\"2023-02-20 11:04:57\",\"default\":false,\"dictCode\":58,\"dictLabel\":\"休假\",\"dictSort\":0,\"dictType\":\"employee_attendance_status\",\"dictValue\":\"4\",\"isDefault\":\"N\",\"listClass\":\"primary\",\"params\":{},\"status\":\"0\",\"updateBy\":\"admin\"}','{\"msg\":\"操作成功\",\"code\":200}',0,NULL,'2023-02-20 11:05:38'),(129,'字典类型',9,'com.ruoyi.web.controller.system.SysDictTypeController.refreshCache()','DELETE',1,'admin',NULL,'/system/dict/type/refreshCache','127.0.0.1','内网IP','{}','{\"msg\":\"操作成功\",\"code\":200}',0,NULL,'2023-02-20 11:13:34'),(130,'员工考勤管理',2,'com.ruoyi.hr.controller.HrAttendanceController.edit()','PUT',1,'admin',NULL,'/hr/attendance','127.0.0.1','内网IP','{\"aftEndTime\":\"1970-01-01 19:20:16\",\"aftStartTime\":\"1970-01-01 13:12:55\",\"attendanceDate\":\"2022-05-09 00:00:00\",\"attendanceStatus\":\"1\",\"createTime\":\"2022-05-06 16:52:25\",\"employeeId\":2,\"employeeName\":\"陈静\",\"id\":200,\"isDeleted\":0,\"morEndTime\":\"1970-01-01 12:35:00\",\"morStartTime\":\"1970-01-01 07:00:00\",\"params\":{},\"updateTime\":\"2023-02-20 12:39:48.484\"}','{\"msg\":\"操作成功\",\"code\":200}',0,NULL,'2023-02-20 12:39:48'),(131,'薪资账套管理',2,'com.ruoyi.hr.controller.HrSalaryController.edit()','PUT',1,'admin',NULL,'/hr/salary','127.0.0.1','内网IP','{\"accumulationFundbase\":2000,\"accumulationFundper\":0,\"basicSalary\":9000,\"bonus\":4000,\"createDate\":\"2018-01-24 00:00:00\",\"lunchSalary\":800,\"medicalBase\":2000,\"medicalPer\":0,\"params\":{},\"pensionBase\":2000,\"pensionPer\":0,\"salaryId\":1,\"salaryName\":\"市场部工资账套\",\"trafficSalary\":500}','{\"msg\":\"操作成功\",\"code\":200}',0,NULL,'2023-02-20 13:22:58'),(132,'职称管理',1,'com.ruoyi.hr.controller.HrJobLevelController.add()','POST',1,'admin',NULL,'/hr/jobLevel','127.0.0.1','内网IP','{\"jobLevelId\":18,\"jobLevelName\":\"test\",\"params\":{},\"status\":\"0\",\"titleLevel\":\"员级\"}','{\"msg\":\"操作成功\",\"code\":200}',0,NULL,'2023-02-20 17:30:27'),(133,'职称管理',2,'com.ruoyi.hr.controller.HrJobLevelController.edit()','PUT',1,'admin',NULL,'/hr/jobLevel','127.0.0.1','内网IP','{\"createTime\":\"2023-02-20 17:30:27\",\"jobLevelId\":18,\"jobLevelName\":\"test\",\"params\":{},\"status\":\"0\",\"titleLevel\":\"副高级\"}','{\"msg\":\"操作成功\",\"code\":200}',0,NULL,'2023-02-20 17:30:34'),(134,'加班类型',1,'com.ruoyi.hr.controller.HrOvertimeTypeController.add()','POST',1,'admin',NULL,'/hr/overtimeType','127.0.0.1','内网IP','{\"code\":\"test\",\"createTime\":\"2023-02-20 17:37:03.515\",\"lowerLimit\":21,\"name\":\"test\",\"overtimeTypeId\":4,\"params\":{},\"status\":\"0\"}','{\"msg\":\"操作成功\",\"code\":200}',0,NULL,'2023-02-20 17:37:03'),(135,'加班类型',2,'com.ruoyi.hr.controller.HrOvertimeTypeController.edit()','PUT',1,'admin',NULL,'/hr/overtimeType','127.0.0.1','内网IP','{\"code\":\"test\",\"createTime\":\"2023-02-20 17:37:03\",\"lowerLimit\":21,\"name\":\"test\",\"overtimeTypeId\":4,\"params\":{},\"status\":\"1\",\"updateTime\":\"2023-02-20 17:37:08.308\"}','{\"msg\":\"操作成功\",\"code\":200}',0,NULL,'2023-02-20 17:37:08'),(136,'职称管理',2,'com.ruoyi.hr.controller.HrJobLevelController.edit()','PUT',1,'admin',NULL,'/hr/jobLevel','127.0.0.1','内网IP','{\"createTime\":\"2023-02-20 17:30:27\",\"jobLevelId\":18,\"jobLevelName\":\"test\",\"params\":{},\"status\":\"1\",\"titleLevel\":\"副高级\",\"updateTime\":\"2023-02-20 17:30:34\"}','{\"msg\":\"操作成功\",\"code\":200}',0,NULL,'2023-02-20 17:37:44'),(137,'工作时间管理',1,'com.ruoyi.hr.controller.HrWorkTimeController.add()','POST',1,'admin',NULL,'/hr/workTime','127.0.0.1','内网IP','{\"aftEndTime\":\"1970-01-01 18:00:00\",\"aftStartTime\":\"1970-01-01 13:10:00\",\"createTime\":\"2023-02-20 17:39:30.352\",\"deptId\":5,\"id\":10,\"morEndTime\":\"1970-01-01 12:30:00\",\"morStartTime\":\"1970-01-01 08:30:00\",\"params\":{},\"remark\":\"test\",\"status\":\"0\",\"totalWorkTime\":9}','{\"msg\":\"操作成功\",\"code\":200}',0,NULL,'2023-02-20 17:39:30'),(138,'工作时间管理',2,'com.ruoyi.hr.controller.HrWorkTimeController.edit()','PUT',1,'admin',NULL,'/hr/workTime','127.0.0.1','内网IP','{\"aftEndTime\":\"1970-01-01 18:00:00\",\"aftStartTime\":\"1970-01-01 13:10:00\",\"createTime\":\"2023-02-20 17:39:30\",\"dept\":{\"ancestors\":\"0,100,4\",\"children\":[],\"deptId\":5,\"deptName\":\"研发部门1\",\"leader\":\"点点\",\"orderNum\":3,\"params\":{},\"parentId\":4,\"status\":\"0\"},\"deptId\":5,\"id\":10,\"morEndTime\":\"1970-01-01 12:30:00\",\"morStartTime\":\"1970-01-01 08:30:00\",\"params\":{},\"remark\":\"test\",\"status\":\"1\",\"totalWorkTime\":9,\"updateTime\":\"2023-02-20 17:39:38.376\"}','{\"msg\":\"操作成功\",\"code\":200}',0,NULL,'2023-02-20 17:39:38'),(139,'薪资账套管理',1,'com.ruoyi.hr.controller.HrSalaryController.add()','POST',1,'admin',NULL,'/hr/salary','127.0.0.1','内网IP','{\"accumulationFundbase\":0.2,\"accumulationFundper\":1000,\"allSalary\":0,\"basicSalary\":8000,\"bonus\":1000,\"lunchSalary\":500,\"medicalBase\":0.2,\"medicalPer\":1000,\"params\":{},\"pensionBase\":1000,\"pensionPer\":0.2,\"salaryId\":4,\"salaryName\":\"研发部工资账套\",\"trafficSalary\":200}','{\"msg\":\"操作成功\",\"code\":200}',0,NULL,'2023-02-20 17:46:20'),(140,'薪资账套管理',2,'com.ruoyi.hr.controller.HrSalaryController.edit()','PUT',1,'admin',NULL,'/hr/salary','127.0.0.1','内网IP','{\"accumulationFundbase\":0.2,\"accumulationFundper\":1000,\"allSalary\":0,\"basicSalary\":8000,\"bonus\":1000,\"createTime\":\"2023-02-20 17:46:20\",\"lunchSalary\":600,\"medicalBase\":0.2,\"medicalPer\":1000,\"params\":{},\"pensionBase\":1000,\"pensionPer\":0.2,\"salaryId\":4,\"salaryName\":\"研发部工资账套\",\"trafficSalary\":200}','{\"msg\":\"操作成功\",\"code\":200}',0,NULL,'2023-02-20 17:46:43'),(141,'员工账套管理',1,'com.ruoyi.hr.controller.HrEmpSalaryController.add()','POST',1,'admin',NULL,'/hr/empSalary','127.0.0.1','内网IP','{\"employeeId\":6,\"employeeName\":\"云星\",\"params\":{},\"salaryId\":3,\"salaryName\":\"运维部工资账套\"}',NULL,1,'\r\n### Error updating database.  Cause: java.sql.SQLIntegrityConstraintViolationException: Duplicate entry \'6\' for key \'employee_id\'\r\n### The error may exist in file [D:\\graduationProject\\hr-admin\\ruoyi-system\\target\\classes\\mapper\\hr\\HrEmpSalaryMapper.xml]\r\n### The error may involve com.ruoyi.hr.mapper.HrEmpSalaryMapper.insertHrEmpSalary-Inline\r\n### The error occurred while setting parameters\r\n### SQL: insert into hr_emp_salary          ( employee_id,             salary_id,             create_time )           values ( ?,             ?,             sysdate() )\r\n### Cause: java.sql.SQLIntegrityConstraintViolationException: Duplicate entry \'6\' for key \'employee_id\'\n; Duplicate entry \'6\' for key \'employee_id\'; nested exception is java.sql.SQLIntegrityConstraintViolationException: Duplicate entry \'6\' for key \'employee_id\'','2023-02-20 19:17:06'),(142,'员工账套管理',1,'com.ruoyi.hr.controller.HrEmpSalaryController.add()','POST',1,'admin',NULL,'/hr/empSalary','127.0.0.1','内网IP','{\"employeeId\":6,\"employeeName\":\"云星\",\"params\":{},\"salaryId\":3,\"salaryName\":\"运维部工资账套\"}','{\"msg\":\"操作失败\",\"code\":500}',0,NULL,'2023-02-20 19:25:59'),(143,'员工账套管理',1,'com.ruoyi.hr.controller.HrEmpSalaryController.add()','POST',1,'admin',NULL,'/hr/empSalary','127.0.0.1','内网IP','{\"employeeId\":16,\"employeeName\":\"云星2\",\"id\":41,\"params\":{},\"salaryId\":3,\"salaryName\":\"运维部工资账套\"}','{\"msg\":\"操作成功\",\"code\":200}',0,NULL,'2023-02-20 19:28:16'),(144,'员工账套管理',1,'com.ruoyi.hr.controller.HrEmpSalaryController.add()','POST',1,'admin',NULL,'/hr/empSalary','127.0.0.1','内网IP','{\"employeeId\":6,\"employeeName\":\"云星\",\"params\":{},\"salaryId\":2,\"salaryName\":\"人事部工资账套\"}','{\"msg\":\"当前员工云星已绑定薪资账套\",\"code\":500}',0,NULL,'2023-02-20 19:36:16'),(145,'员工账套管理',1,'com.ruoyi.hr.controller.HrEmpSalaryController.add()','POST',1,'admin',NULL,'/hr/empSalary','127.0.0.1','内网IP','{\"employeeId\":6,\"employeeName\":\"云星\",\"params\":{},\"salaryId\":2,\"salaryName\":\"人事部工资账套\"}','{\"msg\":\"当前员工云星已绑定薪资账套\",\"code\":500}',0,NULL,'2023-02-20 19:36:17'),(146,'员工账套管理',1,'com.ruoyi.hr.controller.HrEmpSalaryController.add()','POST',1,'admin',NULL,'/hr/empSalary','127.0.0.1','内网IP','{\"employeeId\":6,\"employeeName\":\"云星\",\"params\":{},\"salaryId\":2,\"salaryName\":\"人事部工资账套\"}','{\"msg\":\"当前员工云星已绑定薪资账套\",\"code\":500}',0,NULL,'2023-02-20 19:36:19');

/*Table structure for table `sys_post` */

DROP TABLE IF EXISTS `sys_post`;

CREATE TABLE `sys_post` (
  `post_id` bigint(20) NOT NULL AUTO_INCREMENT COMMENT '岗位ID',
  `post_code` varchar(64) NOT NULL COMMENT '岗位编码',
  `post_name` varchar(50) NOT NULL COMMENT '岗位名称',
  `post_sort` int(4) NOT NULL COMMENT '显示顺序',
  `status` char(1) NOT NULL COMMENT '状态（0正常 1停用）',
  `create_by` varchar(64) DEFAULT '' COMMENT '创建者',
  `create_time` datetime DEFAULT NULL COMMENT '创建时间',
  `update_by` varchar(64) DEFAULT '' COMMENT '更新者',
  `update_time` datetime DEFAULT NULL COMMENT '更新时间',
  `remark` varchar(500) DEFAULT NULL COMMENT '备注',
  PRIMARY KEY (`post_id`)
) ENGINE=InnoDB AUTO_INCREMENT=37 DEFAULT CHARSET=utf8 COMMENT='岗位信息表';

/*Data for the table `sys_post` */

insert  into `sys_post`(`post_id`,`post_code`,`post_name`,`post_sort`,`status`,`create_by`,`create_time`,`update_by`,`update_time`,`remark`) values (1,'Chairman','董事长',1,'0','admin','2023-02-08 00:17:59','admin','2023-02-17 19:42:59',''),(2,'Project Manager','项目经理',2,'0','admin','2023-02-08 00:17:59','admin','2023-02-17 19:42:44',''),(3,'hr','人力资源',3,'0','admin','2023-02-08 00:17:59','',NULL,''),(4,'Staff','普通员工',4,'0','admin','2023-02-08 00:17:59','admin','2023-02-17 19:42:19',''),(5,'Chief Technical Officer','技术总监',5,'0','admin','2023-02-08 00:17:59','admin','2023-02-17 19:41:26',''),(6,'Chief Operating Officer','运营总监',6,'0','admin','2023-02-08 00:17:59','admin','2023-02-17 19:41:08',''),(7,'Marketing Director','市场总监',7,'0','admin','2023-02-08 00:17:59','admin','2023-02-17 19:40:46',''),(29,'Java R&D Manager','Java研发经理',10,'0','admin','2023-02-08 00:17:59','admin','2023-02-17 19:40:21',''),(30,'User Interface Designer','UI设计师',11,'0','admin','2023-02-08 00:17:59','admin','2023-02-17 19:39:57',''),(31,'Front-End Webdeveloper','web前端工程师',12,'0','admin','2023-02-08 00:17:59','admin','2023-02-17 19:37:13',''),(32,'s9','IOS开发工程师',13,'0','admin','2023-02-08 00:17:59','',NULL,''),(33,'s10','文档整理师',14,'0','admin',NULL,'',NULL,NULL),(34,'s5','运维工程师',9,'0','admin','2023-02-08 00:17:59','',NULL,''),(36,'s4','研发工程师',8,'0','admin','2023-02-08 00:17:59','',NULL,'');

/*Table structure for table `sys_role` */

DROP TABLE IF EXISTS `sys_role`;

CREATE TABLE `sys_role` (
  `role_id` bigint(20) NOT NULL AUTO_INCREMENT COMMENT '角色ID',
  `role_name` varchar(30) NOT NULL COMMENT '角色名称',
  `role_key` varchar(100) NOT NULL COMMENT '角色权限字符串',
  `role_sort` int(4) NOT NULL COMMENT '显示顺序',
  `data_scope` char(1) DEFAULT '1' COMMENT '数据范围（1：全部数据权限 2：自定数据权限 3：本部门数据权限 4：本部门及以下数据权限）',
  `menu_check_strictly` tinyint(1) DEFAULT '1' COMMENT '菜单树选择项是否关联显示',
  `dept_check_strictly` tinyint(1) DEFAULT '1' COMMENT '部门树选择项是否关联显示',
  `status` char(1) NOT NULL COMMENT '角色状态（0正常 1停用）',
  `del_flag` char(1) DEFAULT '0' COMMENT '删除标志（0代表存在 2代表删除）',
  `create_by` varchar(64) DEFAULT '' COMMENT '创建者',
  `create_time` datetime DEFAULT NULL COMMENT '创建时间',
  `update_by` varchar(64) DEFAULT '' COMMENT '更新者',
  `update_time` datetime DEFAULT NULL COMMENT '更新时间',
  `remark` varchar(500) DEFAULT NULL COMMENT '备注',
  PRIMARY KEY (`role_id`)
) ENGINE=InnoDB AUTO_INCREMENT=3 DEFAULT CHARSET=utf8 COMMENT='角色信息表';

/*Data for the table `sys_role` */

insert  into `sys_role`(`role_id`,`role_name`,`role_key`,`role_sort`,`data_scope`,`menu_check_strictly`,`dept_check_strictly`,`status`,`del_flag`,`create_by`,`create_time`,`update_by`,`update_time`,`remark`) values (1,'超级管理员','admin',1,'1',1,1,'0','0','admin','2023-02-08 00:17:59','',NULL,'超级管理员'),(2,'普通角色','common',2,'2',1,1,'0','0','admin','2023-02-08 00:17:59','admin','2023-02-13 09:53:12','普通角色');

/*Table structure for table `sys_role_dept` */

DROP TABLE IF EXISTS `sys_role_dept`;

CREATE TABLE `sys_role_dept` (
  `role_id` bigint(20) NOT NULL COMMENT '角色ID',
  `dept_id` bigint(20) NOT NULL COMMENT '部门ID',
  PRIMARY KEY (`role_id`,`dept_id`)
) ENGINE=InnoDB DEFAULT CHARSET=utf8 COMMENT='角色和部门关联表';

/*Data for the table `sys_role_dept` */

insert  into `sys_role_dept`(`role_id`,`dept_id`) values (2,100),(2,101),(2,105);

/*Table structure for table `sys_role_menu` */

DROP TABLE IF EXISTS `sys_role_menu`;

CREATE TABLE `sys_role_menu` (
  `role_id` bigint(20) NOT NULL COMMENT '角色ID',
  `menu_id` bigint(20) NOT NULL COMMENT '菜单ID',
  PRIMARY KEY (`role_id`,`menu_id`)
) ENGINE=InnoDB DEFAULT CHARSET=utf8 COMMENT='角色和菜单关联表';

/*Data for the table `sys_role_menu` */

/*Table structure for table `sys_user` */

DROP TABLE IF EXISTS `sys_user`;

CREATE TABLE `sys_user` (
  `user_id` bigint(20) NOT NULL AUTO_INCREMENT COMMENT '用户ID',
  `dept_id` bigint(20) DEFAULT NULL COMMENT '部门ID',
  `user_name` varchar(30) NOT NULL COMMENT '用户账号',
  `nick_name` varchar(30) NOT NULL COMMENT '用户昵称',
  `user_type` varchar(2) DEFAULT '00' COMMENT '用户类型（00系统用户）',
  `email` varchar(50) DEFAULT '' COMMENT '用户邮箱',
  `phonenumber` varchar(11) DEFAULT '' COMMENT '手机号码',
  `sex` char(1) DEFAULT '0' COMMENT '用户性别（0男 1女 2未知）',
  `avatar` varchar(100) DEFAULT '' COMMENT '头像地址',
  `password` varchar(100) DEFAULT '' COMMENT '密码',
  `status` char(1) DEFAULT '0' COMMENT '帐号状态（0正常 1停用）',
  `del_flag` char(1) DEFAULT '0' COMMENT '删除标志（0代表存在 2代表删除）',
  `login_ip` varchar(128) DEFAULT '' COMMENT '最后登录IP',
  `login_date` datetime DEFAULT NULL COMMENT '最后登录时间',
  `create_by` varchar(64) DEFAULT '' COMMENT '创建者',
  `create_time` datetime DEFAULT NULL COMMENT '创建时间',
  `update_by` varchar(64) DEFAULT '' COMMENT '更新者',
  `update_time` datetime DEFAULT NULL COMMENT '更新时间',
  `remark` varchar(500) DEFAULT NULL COMMENT '备注',
  PRIMARY KEY (`user_id`)
) ENGINE=InnoDB AUTO_INCREMENT=3 DEFAULT CHARSET=utf8 COMMENT='用户信息表';

/*Data for the table `sys_user` */

insert  into `sys_user`(`user_id`,`dept_id`,`user_name`,`nick_name`,`user_type`,`email`,`phonenumber`,`sex`,`avatar`,`password`,`status`,`del_flag`,`login_ip`,`login_date`,`create_by`,`create_time`,`update_by`,`update_time`,`remark`) values (1,103,'admin','若依','00','ry@163.com','15888888888','0','','$2a$10$7JB720yubVSZvUI0rEqK/.VqGOZTH.ulu33dHOiBE8ByOhJIrdAu2','0','0','127.0.0.1','2023-02-20 18:39:08','admin','2023-02-08 00:17:59','','2023-02-20 18:39:08','管理员'),(2,105,'ry','若依','00','ry@qq.com','15666666666','1','','$2a$10$7JB720yubVSZvUI0rEqK/.VqGOZTH.ulu33dHOiBE8ByOhJIrdAu2','0','0','127.0.0.1','2023-02-08 17:36:50','admin','2023-02-08 00:17:59','','2023-02-08 17:36:50','测试员');

/*Table structure for table `sys_user_post` */

DROP TABLE IF EXISTS `sys_user_post`;

CREATE TABLE `sys_user_post` (
  `user_id` bigint(20) NOT NULL COMMENT '用户ID',
  `post_id` bigint(20) NOT NULL COMMENT '岗位ID',
  PRIMARY KEY (`user_id`,`post_id`)
) ENGINE=InnoDB DEFAULT CHARSET=utf8 COMMENT='用户与岗位关联表';

/*Data for the table `sys_user_post` */

insert  into `sys_user_post`(`user_id`,`post_id`) values (1,1),(2,2);

/*Table structure for table `sys_user_role` */

DROP TABLE IF EXISTS `sys_user_role`;

CREATE TABLE `sys_user_role` (
  `user_id` bigint(20) NOT NULL COMMENT '用户ID',
  `role_id` bigint(20) NOT NULL COMMENT '角色ID',
  PRIMARY KEY (`user_id`,`role_id`)
) ENGINE=InnoDB DEFAULT CHARSET=utf8 COMMENT='用户和角色关联表';

/*Data for the table `sys_user_role` */

insert  into `sys_user_role`(`user_id`,`role_id`) values (1,1),(2,2);

/*!40101 SET SQL_MODE=@OLD_SQL_MODE */;
/*!40014 SET FOREIGN_KEY_CHECKS=@OLD_FOREIGN_KEY_CHECKS */;
/*!40014 SET UNIQUE_CHECKS=@OLD_UNIQUE_CHECKS */;
/*!40111 SET SQL_NOTES=@OLD_SQL_NOTES */;
